wordbook_code,state_name,direct_value,STATEFP,COUNTYFP,GEOID,NAME,NAMELSAD,LSAD,CLASSFP,FUNCSTAT,COUNTYNS
1,Alabama,1001,01,001,01001,Autauga,Autauga County,06,H1,A,00161526
2,Alabama,1003,01,003,01003,Baldwin,Baldwin County,06,H1,A,00161527
3,Alabama,1005,01,005,01005,Barbour,Barbour County,06,H1,A,00161528
4,Alabama,1007,01,007,01007,Bibb,Bibb County,06,H1,A,00161529
5,Alabama,1009,01,009,01009,Blount,Blount County,06,H1,A,00161530
6,Alabama,1011,01,011,01011,Bullock,Bullock County,06,H1,A,00161531
7,Alabama,1013,01,013,01013,Butler,Butler County,06,H1,A,00161532
8,Alabama,1015,01,015,01015,Calhoun,Calhoun County,06,H1,A,00161533
9,Alabama,1017,01,017,01017,Chambers,Chambers County,06,H1,A,00161534
10,Alabama,1019,01,019,01019,Cherokee,Cherokee County,06,H1,A,00161535
11,Alabama,1021,01,021,01021,Chilton,Chilton County,06,H1,A,00161536
12,Alabama,1023,01,023,01023,Choctaw,Choctaw County,06,H1,A,00161537
13,Alabama,1025,01,025,01025,Clarke,Clarke County,06,H1,A,00161538
14,Alabama,1027,01,027,01027,Clay,Clay County,06,H1,A,00161539
15,Alabama,1029,01,029,01029,Cleburne,Cleburne County,06,H1,A,00161540
16,Alabama,1031,01,031,01031,Coffee,Coffee County,06,H1,A,00161541
17,Alabama,1033,01,033,01033,Colbert,Colbert County,06,H1,A,00161542
18,Alabama,1035,01,035,01035,Conecuh,Conecuh County,06,H1,A,00161543
19,Alabama,1037,01,037,01037,Coosa,Coosa County,06,H1,A,00161544
20,Alabama,1039,01,039,01039,Covington,Covington County,06,H1,A,00161545
21,Alabama,1041,01,041,01041,Crenshaw,Crenshaw County,06,H1,A,00161546
22,Alabama,1043,01,043,01043,Cullman,Cullman County,06,H1,A,00161547
23,Alabama,1045,01,045,01045,Dale,Dale County,06,H1,A,00161548
24,Alabama,1047,01,047,01047,Dallas,Dallas County,06,H1,A,00161549
25,Alabama,1049,01,049,01049,DeKalb,DeKalb County,06,H1,A,00161550
26,Alabama,1051,01,051,01051,Elmore,Elmore County,06,H1,A,00161551
27,Alabama,1053,01,053,01053,Escambia,Escambia County,06,H1,A,00161552
28,Alabama,1055,01,055,01055,Etowah,Etowah County,06,H1,A,00161553
29,Alabama,1057,01,057,01057,Fayette,Fayette County,06,H1,A,00161554
30,Alabama,1059,01,059,01059,Franklin,Franklin County,06,H1,A,00161555
31,Alabama,1061,01,061,01061,Geneva,Geneva County,06,H1,A,00161556
32,Alabama,1063,01,063,01063,Greene,Greene County,06,H1,A,00161557
33,Alabama,1065,01,065,01065,Hale,Hale County,06,H1,A,00161558
34,Alabama,1067,01,067,01067,Henry,Henry County,06,H1,A,00161559
35,Alabama,1069,01,069,01069,Houston,Houston County,06,H1,A,00161560
36,Alabama,1071,01,071,01071,Jackson,Jackson County,06,H1,A,00161561
37,Alabama,1073,01,073,01073,Jefferson,Jefferson County,06,H1,A,00161562
38,Alabama,1075,01,075,01075,Lamar,Lamar County,06,H1,A,00161563
39,Alabama,1077,01,077,01077,Lauderdale,Lauderdale County,06,H1,A,00161564
40,Alabama,1079,01,079,01079,Lawrence,Lawrence County,06,H1,A,00161565
41,Alabama,1081,01,081,01081,Lee,Lee County,06,H1,A,00161566
42,Alabama,1083,01,083,01083,Limestone,Limestone County,06,H1,A,00161567
43,Alabama,1085,01,085,01085,Lowndes,Lowndes County,06,H1,A,00161568
44,Alabama,1087,01,087,01087,Macon,Macon County,06,H1,A,00161569
45,Alabama,1089,01,089,01089,Madison,Madison County,06,H1,A,00161570
46,Alabama,1091,01,091,01091,Marengo,Marengo County,06,H1,A,00161572
47,Alabama,1093,01,093,01093,Marion,Marion County,06,H1,A,00161573
48,Alabama,1095,01,095,01095,Marshall,Marshall County,06,H1,A,00161574
49,Alabama,1097,01,097,01097,Mobile,Mobile County,06,H1,A,00161575
50,Alabama,1099,01,099,01099,Monroe,Monroe County,06,H1,A,00161576
51,Alabama,1101,01,101,01101,Montgomery,Montgomery County,06,H1,A,00161577
52,Alabama,1103,01,103,01103,Morgan,Morgan County,06,H1,A,00161578
53,Alabama,1105,01,105,01105,Perry,Perry County,06,H1,A,00161579
54,Alabama,1107,01,107,01107,Pickens,Pickens County,06,H1,A,00161580
55,Alabama,1109,01,109,01109,Pike,Pike County,06,H1,A,00161581
56,Alabama,1111,01,111,01111,Randolph,Randolph County,06,H1,A,00161582
57,Alabama,1113,01,113,01113,Russell,Russell County,06,H1,A,00161583
58,Alabama,1115,01,115,01115,St. Clair,St. Clair County,06,H1,A,00164997
59,Alabama,1117,01,117,01117,Shelby,Shelby County,06,H1,A,00161584
60,Alabama,1119,01,119,01119,Sumter,Sumter County,06,H1,A,00161585
61,Alabama,1121,01,121,01121,Talladega,Talladega County,06,H1,A,00161586
62,Alabama,1123,01,123,01123,Tallapoosa,Tallapoosa County,06,H1,A,00161587
63,Alabama,1125,01,125,01125,Tuscaloosa,Tuscaloosa County,06,H1,A,00161588
64,Alabama,1127,01,127,01127,Walker,Walker County,06,H1,A,00161589
65,Alabama,1129,01,129,01129,Washington,Washington County,06,H1,A,00161590
66,Alabama,1131,01,131,01131,Wilcox,Wilcox County,06,H1,A,00161591
67,Alabama,1133,01,133,01133,Winston,Winston County,06,H1,A,00161592
68,Alaska,2013,02,013,02013,Aleutians East,Aleutians East Borough,04,H1,A,01419964
69,Alaska,2016,02,016,02016,Aleutians West,Aleutians West Census Area,05,H5,S,01419965
70,Alaska,2020,02,020,02020,Anchorage,Anchorage Municipality,12,H6,C,01416061
71,Alaska,2050,02,050,02050,Bethel,Bethel Census Area,05,H5,S,01419966
72,Alaska,2060,02,060,02060,Bristol Bay,Bristol Bay Borough,04,H1,A,01419967
73,Alaska,2063,02,063,02063,Chugach,Chugach Census Area,05,H5,S,02804400
74,Alaska,2066,02,066,02066,Copper River,Copper River Census Area,05,H5,S,02804401
75,Alaska,2068,02,068,02068,Denali,Denali Borough,04,H1,A,01419988
76,Alaska,2070,02,070,02070,Dillingham,Dillingham Census Area,05,H5,S,01419968
77,Alaska,2090,02,090,02090,Fairbanks North Star,Fairbanks North Star Borough,04,H1,A,01419969
78,Alaska,2100,02,100,02100,Haines,Haines Borough,04,H1,A,01419970
79,Alaska,2105,02,105,02105,Hoonah-Angoon,Hoonah-Angoon Census Area,05,H5,S,02371430
80,Alaska,2110,02,110,02110,Juneau,Juneau City and Borough,03,H6,C,01419971
81,Alaska,2122,02,122,02122,Kenai Peninsula,Kenai Peninsula Borough,04,H1,A,01419972
82,Alaska,2130,02,130,02130,Ketchikan Gateway,Ketchikan Gateway Borough,04,H1,A,01419973
83,Alaska,2150,02,150,02150,Kodiak Island,Kodiak Island Borough,04,H1,A,01419974
84,Alaska,2158,02,158,02158,Kusilvak,Kusilvak Census Area,05,H5,S,01419985
85,Alaska,2164,02,164,02164,Lake and Peninsula,Lake and Peninsula Borough,04,H1,A,01419975
86,Alaska,2170,02,170,02170,Matanuska-Susitna,Matanuska-Susitna Borough,04,H1,A,01419976
87,Alaska,2180,02,180,02180,Nome,Nome Census Area,05,H5,S,01419977
88,Alaska,2185,02,185,02185,North Slope,North Slope Borough,04,H1,A,01419978
89,Alaska,2188,02,188,02188,Northwest Arctic,Northwest Arctic Borough,04,H1,A,01419979
90,Alaska,2195,02,195,02195,Petersburg,Petersburg Borough,04,H1,A,02516404
91,Alaska,2198,02,198,02198,Prince of Wales-Hyder,Prince of Wales-Hyder Census Area,05,H5,S,01419980
92,Alaska,2220,02,220,02220,Sitka,Sitka City and Borough,03,H6,C,01419981
93,Alaska,2230,02,230,02230,Skagway,Skagway Municipality,12,H1,A,02339479
94,Alaska,2240,02,240,02240,Southeast Fairbanks,Southeast Fairbanks Census Area,05,H5,S,01419983
95,Alaska,2275,02,275,02275,Wrangell,Wrangell City and Borough,03,H6,C,02516402
96,Alaska,2282,02,282,02282,Yakutat,Yakutat City and Borough,03,H1,A,01419986
97,Alaska,2290,02,290,02290,Yukon-Koyukuk,Yukon-Koyukuk Census Area,05,H5,S,01419987
98,Arizona,4001,04,001,04001,Apache,Apache County,06,H1,A,00025441
99,Arizona,4003,04,003,04003,Cochise,Cochise County,06,H1,A,00025442
100,Arizona,4005,04,005,04005,Coconino,Coconino County,06,H1,A,00025443
101,Arizona,4007,04,007,04007,Gila,Gila County,06,H1,A,00040471
102,Arizona,4009,04,009,04009,Graham,Graham County,06,H1,A,00025444
103,Arizona,4011,04,011,04011,Greenlee,Greenlee County,06,H1,A,00042807
104,Arizona,4012,04,012,04012,La Paz,La Paz County,06,H1,A,00043540
105,Arizona,4013,04,013,04013,Maricopa,Maricopa County,06,H1,A,00037026
106,Arizona,4015,04,015,04015,Mohave,Mohave County,06,H1,A,00025445
107,Arizona,4017,04,017,04017,Navajo,Navajo County,06,H1,A,00042808
108,Arizona,4019,04,019,04019,Pima,Pima County,06,H1,A,00025446
109,Arizona,4021,04,021,04021,Pinal,Pinal County,06,H1,A,00025447
110,Arizona,4023,04,023,04023,Santa Cruz,Santa Cruz County,06,H1,A,00040472
111,Arizona,4025,04,025,04025,Yavapai,Yavapai County,06,H1,A,00042809
112,Arizona,4027,04,027,04027,Yuma,Yuma County,06,H1,A,00023901
113,Arkansas,5001,05,001,05001,Arkansas,Arkansas County,06,H1,A,00063755
114,Arkansas,5003,05,003,05003,Ashley,Ashley County,06,H1,A,00063756
115,Arkansas,5005,05,005,05005,Baxter,Baxter County,06,H1,A,00069895
116,Arkansas,5007,05,007,05007,Benton,Benton County,06,H1,A,00069896
117,Arkansas,5009,05,009,05009,Boone,Boone County,06,H1,A,00069897
118,Arkansas,5011,05,011,05011,Bradley,Bradley County,06,H1,A,00063757
119,Arkansas,5013,05,013,05013,Calhoun,Calhoun County,06,H1,A,00063758
120,Arkansas,5015,05,015,05015,Carroll,Carroll County,06,H1,A,00066975
121,Arkansas,5017,05,017,05017,Chicot,Chicot County,06,H1,A,00069160
122,Arkansas,5019,05,019,05019,Clark,Clark County,06,H1,A,00066845
123,Arkansas,5021,05,021,05021,Clay,Clay County,06,H1,A,00063759
124,Arkansas,5023,05,023,05023,Cleburne,Cleburne County,06,H1,A,00066983
125,Arkansas,5025,05,025,05025,Cleveland,Cleveland County,06,H1,A,00063760
126,Arkansas,5027,05,027,05027,Columbia,Columbia County,06,H1,A,00063761
127,Arkansas,5029,05,029,05029,Conway,Conway County,06,H1,A,00066846
128,Arkansas,5031,05,031,05031,Craighead,Craighead County,06,H1,A,00066847
129,Arkansas,5033,05,033,05033,Crawford,Crawford County,06,H1,A,00069161
130,Arkansas,5035,05,035,05035,Crittenden,Crittenden County,06,H1,A,00069162
131,Arkansas,5037,05,037,05037,Cross,Cross County,06,H1,A,00066848
132,Arkansas,5039,05,039,05039,Dallas,Dallas County,06,H1,A,00066849
133,Arkansas,5041,05,041,05041,Desha,Desha County,06,H1,A,00066850
134,Arkansas,5043,05,043,05043,Drew,Drew County,06,H1,A,00066851
135,Arkansas,5045,05,045,05045,Faulkner,Faulkner County,06,H1,A,00066852
136,Arkansas,5047,05,047,05047,Franklin,Franklin County,06,H1,A,00066853
137,Arkansas,5049,05,049,05049,Fulton,Fulton County,06,H1,A,00066854
138,Arkansas,5051,05,051,05051,Garland,Garland County,06,H1,A,00066855
139,Arkansas,5053,05,053,05053,Grant,Grant County,06,H1,A,00066856
140,Arkansas,5055,05,055,05055,Greene,Greene County,06,H1,A,00066857
141,Arkansas,5057,05,057,05057,Hempstead,Hempstead County,06,H1,A,00066858
142,Arkansas,5059,05,059,05059,Hot Spring,Hot Spring County,06,H1,A,00066859
143,Arkansas,5061,05,061,05061,Howard,Howard County,06,H1,A,00066872
144,Arkansas,5063,05,063,05063,Independence,Independence County,06,H1,A,00069163
145,Arkansas,5065,05,065,05065,Izard,Izard County,06,H1,A,00066860
146,Arkansas,5067,05,067,05067,Jackson,Jackson County,06,H1,A,00066861
147,Arkansas,5069,05,069,05069,Jefferson,Jefferson County,06,H1,A,00066862
148,Arkansas,5071,05,071,05071,Johnson,Johnson County,06,H1,A,00066863
149,Arkansas,5073,05,073,05073,Lafayette,Lafayette County,06,H1,A,00066864
150,Arkansas,5075,05,075,05075,Lawrence,Lawrence County,06,H1,A,00066865
151,Arkansas,5077,05,077,05077,Lee,Lee County,06,H1,A,00066866
152,Arkansas,5079,05,079,05079,Lincoln,Lincoln County,06,H1,A,00066873
153,Arkansas,5081,05,081,05081,Little River,Little River County,06,H1,A,00066874
154,Arkansas,5083,05,083,05083,Logan,Logan County,06,H1,A,00082850
155,Arkansas,5085,05,085,05085,Lonoke,Lonoke County,06,H1,A,00069164
156,Arkansas,5087,05,087,05087,Madison,Madison County,06,H1,A,00069165
157,Arkansas,5089,05,089,05089,Marion,Marion County,06,H1,A,00069898
158,Arkansas,5091,05,091,05091,Miller,Miller County,06,H1,A,00069166
159,Arkansas,5093,05,093,05093,Mississippi,Mississippi County,06,H1,A,00069899
160,Arkansas,5095,05,095,05095,Monroe,Monroe County,06,H1,A,00069167
161,Arkansas,5097,05,097,05097,Montgomery,Montgomery County,06,H1,A,00069168
162,Arkansas,5099,05,099,05099,Nevada,Nevada County,06,H1,A,00069169
163,Arkansas,5101,05,101,05101,Newton,Newton County,06,H1,A,00069900
164,Arkansas,5103,05,103,05103,Ouachita,Ouachita County,06,H1,A,00069170
165,Arkansas,5105,05,105,05105,Perry,Perry County,06,H1,A,00069171
166,Arkansas,5107,05,107,05107,Phillips,Phillips County,06,H1,A,00069172
167,Arkansas,5109,05,109,05109,Pike,Pike County,06,H1,A,00069173
168,Arkansas,5111,05,111,05111,Poinsett,Poinsett County,06,H1,A,00069174
169,Arkansas,5113,05,113,05113,Polk,Polk County,06,H1,A,00069175
170,Arkansas,5115,05,115,05115,Pope,Pope County,06,H1,A,00069901
171,Arkansas,5117,05,117,05117,Prairie,Prairie County,06,H1,A,00069176
172,Arkansas,5119,05,119,05119,Pulaski,Pulaski County,06,H1,A,00069177
173,Arkansas,5121,05,121,05121,Randolph,Randolph County,06,H1,A,00069178
174,Arkansas,5123,05,123,05123,St. Francis,St. Francis County,06,H1,A,00083331
175,Arkansas,5125,05,125,05125,Saline,Saline County,06,H1,A,00067102
176,Arkansas,5127,05,127,05127,Scott,Scott County,06,H1,A,00069179
177,Arkansas,5129,05,129,05129,Searcy,Searcy County,06,H1,A,00069180
178,Arkansas,5131,05,131,05131,Sebastian,Sebastian County,06,H1,A,00069181
179,Arkansas,5133,05,133,05133,Sevier,Sevier County,06,H1,A,00069182
180,Arkansas,5135,05,135,05135,Sharp,Sharp County,06,H1,A,00069183
181,Arkansas,5137,05,137,05137,Stone,Stone County,06,H1,A,00069902
182,Arkansas,5139,05,139,05139,Union,Union County,06,H1,A,00069903
183,Arkansas,5141,05,141,05141,Van Buren,Van Buren County,06,H1,A,00069904
184,Arkansas,5143,05,143,05143,Washington,Washington County,06,H1,A,00069905
185,Arkansas,5145,05,145,05145,White,White County,06,H1,A,00069906
186,Arkansas,5147,05,147,05147,Woodruff,Woodruff County,06,H1,A,00069907
187,Arkansas,5149,05,149,05149,Yell,Yell County,06,H1,A,00069908
188,California,6001,06,001,06001,Alameda,Alameda County,06,H1,A,01675839
189,California,6003,06,003,06003,Alpine,Alpine County,06,H1,A,01675840
190,California,6005,06,005,06005,Amador,Amador County,06,H1,A,01675841
191,California,6007,06,007,06007,Butte,Butte County,06,H1,A,01675842
192,California,6009,06,009,06009,Calaveras,Calaveras County,06,H1,A,01675885
193,California,6011,06,011,06011,Colusa,Colusa County,06,H1,A,01675902
194,California,6013,06,013,06013,Contra Costa,Contra Costa County,06,H1,A,01675903
195,California,6015,06,015,06015,Del Norte,Del Norte County,06,H1,A,01682074
196,California,6017,06,017,06017,El Dorado,El Dorado County,06,H1,A,00277273
197,California,6019,06,019,06019,Fresno,Fresno County,06,H1,A,00277274
198,California,6021,06,021,06021,Glenn,Glenn County,06,H1,A,00277275
199,California,6023,06,023,06023,Humboldt,Humboldt County,06,H1,A,01681908
200,California,6025,06,025,06025,Imperial,Imperial County,06,H1,A,00277277
201,California,6027,06,027,06027,Inyo,Inyo County,06,H1,A,01804637
202,California,6029,06,029,06029,Kern,Kern County,06,H1,A,02054176
203,California,6031,06,031,06031,Kings,Kings County,06,H1,A,00277280
204,California,6033,06,033,06033,Lake,Lake County,06,H1,A,00277281
205,California,6035,06,035,06035,Lassen,Lassen County,06,H1,A,01693324
206,California,6037,06,037,06037,Los Angeles,Los Angeles County,06,H1,A,00277283
207,California,6039,06,039,06039,Madera,Madera County,06,H1,A,00277284
208,California,6041,06,041,06041,Marin,Marin County,06,H1,A,00277285
209,California,6043,06,043,06043,Mariposa,Mariposa County,06,H1,A,00277286
210,California,6045,06,045,06045,Mendocino,Mendocino County,06,H1,A,00277287
211,California,6047,06,047,06047,Merced,Merced County,06,H1,A,00277288
212,California,6049,06,049,06049,Modoc,Modoc County,06,H1,A,00277289
213,California,6051,06,051,06051,Mono,Mono County,06,H1,A,00277290
214,California,6053,06,053,06053,Monterey,Monterey County,06,H1,A,00277291
215,California,6055,06,055,06055,Napa,Napa County,06,H1,A,00277292
216,California,6057,06,057,06057,Nevada,Nevada County,06,H1,A,01682927
217,California,6059,06,059,06059,Orange,Orange County,06,H1,A,00277294
218,California,6061,06,061,06061,Placer,Placer County,06,H1,A,00277295
219,California,6063,06,063,06063,Plumas,Plumas County,06,H1,A,00277296
220,California,6065,06,065,06065,Riverside,Riverside County,06,H1,A,00277297
221,California,6067,06,067,06067,Sacramento,Sacramento County,06,H1,A,00277298
222,California,6069,06,069,06069,San Benito,San Benito County,06,H1,A,00277299
223,California,6071,06,071,06071,San Bernardino,San Bernardino County,06,H1,A,00277300
224,California,6073,06,073,06073,San Diego,San Diego County,06,H1,A,00277301
225,California,6075,06,075,06075,San Francisco,San Francisco County,06,H6,C,00277302
226,California,6077,06,077,06077,San Joaquin,San Joaquin County,06,H1,A,00277303
227,California,6079,06,079,06079,San Luis Obispo,San Luis Obispo County,06,H1,A,00277304
228,California,6081,06,081,06081,San Mateo,San Mateo County,06,H1,A,00277305
229,California,6083,06,083,06083,Santa Barbara,Santa Barbara County,06,H1,A,00277306
230,California,6085,06,085,06085,Santa Clara,Santa Clara County,06,H1,A,00277307
231,California,6087,06,087,06087,Santa Cruz,Santa Cruz County,06,H1,A,00277308
232,California,6089,06,089,06089,Shasta,Shasta County,06,H1,A,01682610
233,California,6091,06,091,06091,Sierra,Sierra County,06,H1,A,00277310
234,California,6093,06,093,06093,Siskiyou,Siskiyou County,06,H1,A,00277311
235,California,6095,06,095,06095,Solano,Solano County,06,H1,A,00277312
236,California,6097,06,097,06097,Sonoma,Sonoma County,06,H1,A,01657246
237,California,6099,06,099,06099,Stanislaus,Stanislaus County,06,H1,A,00277314
238,California,6101,06,101,06101,Sutter,Sutter County,06,H1,A,00277315
239,California,6103,06,103,06103,Tehama,Tehama County,06,H1,A,01692767
240,California,6105,06,105,06105,Trinity,Trinity County,06,H1,A,00277317
241,California,6107,06,107,06107,Tulare,Tulare County,06,H1,A,00277318
242,California,6109,06,109,06109,Tuolumne,Tuolumne County,06,H1,A,00277319
243,California,6111,06,111,06111,Ventura,Ventura County,06,H1,A,00277320
244,California,6113,06,113,06113,Yolo,Yolo County,06,H1,A,00277321
245,California,6115,06,115,06115,Yuba,Yuba County,06,H1,A,00277322
246,Colorado,8001,08,001,08001,Adams,Adams County,06,H1,A,00198116
247,Colorado,8003,08,003,08003,Alamosa,Alamosa County,06,H1,A,00198117
248,Colorado,8005,08,005,08005,Arapahoe,Arapahoe County,06,H1,A,00198118
249,Colorado,8007,08,007,08007,Archuleta,Archuleta County,06,H1,A,00198119
250,Colorado,8009,08,009,08009,Baca,Baca County,06,H1,A,00198120
251,Colorado,8011,08,011,08011,Bent,Bent County,06,H1,A,00198121
252,Colorado,8013,08,013,08013,Boulder,Boulder County,06,H1,A,00198122
253,Colorado,8014,08,014,08014,Broomfield,Broomfield County,06,H6,C,01945881
254,Colorado,8015,08,015,08015,Chaffee,Chaffee County,06,H1,A,00198123
255,Colorado,8017,08,017,08017,Cheyenne,Cheyenne County,06,H1,A,00198124
256,Colorado,8019,08,019,08019,Clear Creek,Clear Creek County,06,H1,A,00198125
257,Colorado,8021,08,021,08021,Conejos,Conejos County,06,H1,A,00198126
258,Colorado,8023,08,023,08023,Costilla,Costilla County,06,H1,A,00198127
259,Colorado,8025,08,025,08025,Crowley,Crowley County,06,H1,A,00198128
260,Colorado,8027,08,027,08027,Custer,Custer County,06,H1,A,00198129
261,Colorado,8029,08,029,08029,Delta,Delta County,06,H1,A,00198130
262,Colorado,8031,08,031,08031,Denver,Denver County,06,H6,C,00198131
263,Colorado,8033,08,033,08033,Dolores,Dolores County,06,H1,A,00198132
264,Colorado,8035,08,035,08035,Douglas,Douglas County,06,H1,A,00198133
265,Colorado,8037,08,037,08037,Eagle,Eagle County,06,H1,A,00198134
266,Colorado,8039,08,039,08039,Elbert,Elbert County,06,H1,A,00198136
267,Colorado,8041,08,041,08041,El Paso,El Paso County,06,H1,A,00198135
268,Colorado,8043,08,043,08043,Fremont,Fremont County,06,H1,A,00198137
269,Colorado,8045,08,045,08045,Garfield,Garfield County,06,H1,A,00198138
270,Colorado,8047,08,047,08047,Gilpin,Gilpin County,06,H1,A,00198139
271,Colorado,8049,08,049,08049,Grand,Grand County,06,H1,A,00198140
272,Colorado,8051,08,051,08051,Gunnison,Gunnison County,06,H1,A,00198141
273,Colorado,8053,08,053,08053,Hinsdale,Hinsdale County,06,H1,A,00198142
274,Colorado,8055,08,055,08055,Huerfano,Huerfano County,06,H1,A,00198143
275,Colorado,8057,08,057,08057,Jackson,Jackson County,06,H1,A,00198144
276,Colorado,8059,08,059,08059,Jefferson,Jefferson County,06,H1,A,00198145
277,Colorado,8061,08,061,08061,Kiowa,Kiowa County,06,H1,A,00198146
278,Colorado,8063,08,063,08063,Kit Carson,Kit Carson County,06,H1,A,00198147
279,Colorado,8065,08,065,08065,Lake,Lake County,06,H1,A,00198149
280,Colorado,8067,08,067,08067,La Plata,La Plata County,06,H1,A,00198148
281,Colorado,8069,08,069,08069,Larimer,Larimer County,06,H1,A,00198150
282,Colorado,8071,08,071,08071,Las Animas,Las Animas County,06,H1,A,00198151
283,Colorado,8073,08,073,08073,Lincoln,Lincoln County,06,H1,A,00198152
284,Colorado,8075,08,075,08075,Logan,Logan County,06,H1,A,00198153
285,Colorado,8077,08,077,08077,Mesa,Mesa County,06,H1,A,00198154
286,Colorado,8079,08,079,08079,Mineral,Mineral County,06,H1,A,00198155
287,Colorado,8081,08,081,08081,Moffat,Moffat County,06,H1,A,00198156
288,Colorado,8083,08,083,08083,Montezuma,Montezuma County,06,H1,A,00198157
289,Colorado,8085,08,085,08085,Montrose,Montrose County,06,H1,A,00198158
290,Colorado,8087,08,087,08087,Morgan,Morgan County,06,H1,A,00198159
291,Colorado,8089,08,089,08089,Otero,Otero County,06,H1,A,00198160
292,Colorado,8091,08,091,08091,Ouray,Ouray County,06,H1,A,00198161
293,Colorado,8093,08,093,08093,Park,Park County,06,H1,A,00198162
294,Colorado,8095,08,095,08095,Phillips,Phillips County,06,H1,A,00198163
295,Colorado,8097,08,097,08097,Pitkin,Pitkin County,06,H1,A,00198164
296,Colorado,8099,08,099,08099,Prowers,Prowers County,06,H1,A,00198165
297,Colorado,8101,08,101,08101,Pueblo,Pueblo County,06,H1,A,00198166
298,Colorado,8103,08,103,08103,Rio Blanco,Rio Blanco County,06,H1,A,00198167
299,Colorado,8105,08,105,08105,Rio Grande,Rio Grande County,06,H1,A,00198168
300,Colorado,8107,08,107,08107,Routt,Routt County,06,H1,A,00198169
301,Colorado,8109,08,109,08109,Saguache,Saguache County,06,H1,A,00198170
302,Colorado,8111,08,111,08111,San Juan,San Juan County,06,H1,A,00198171
303,Colorado,8113,08,113,08113,San Miguel,San Miguel County,06,H1,A,00198172
304,Colorado,8115,08,115,08115,Sedgwick,Sedgwick County,06,H1,A,00198173
305,Colorado,8117,08,117,08117,Summit,Summit County,06,H1,A,00198174
306,Colorado,8119,08,119,08119,Teller,Teller County,06,H1,A,00198175
307,Colorado,8121,08,121,08121,Washington,Washington County,06,H1,A,00198176
308,Colorado,8123,08,123,08123,Weld,Weld County,06,H1,A,00198177
309,Colorado,8125,08,125,08125,Yuma,Yuma County,06,H1,A,00198178
310,Connecticut,9110,09,110,09110,Capitol,Capitol Planning Region,PL,H5,N,02830244
311,Connecticut,9120,09,120,09120,Greater Bridgeport,Greater Bridgeport Planning Region,PL,H5,N,02830245
312,Connecticut,9130,09,130,09130,Lower Connecticut River Valley,Lower Connecticut River Valley Planning Region,PL,H5,N,02830246
313,Connecticut,9140,09,140,09140,Naugatuck Valley,Naugatuck Valley Planning Region,PL,H5,N,02830249
314,Connecticut,9150,09,150,09150,Northeastern Connecticut,Northeastern Connecticut Planning Region,PL,H5,N,02830250
315,Connecticut,9160,09,160,09160,Northwest Hills,Northwest Hills Planning Region,PL,H5,N,02830251
316,Connecticut,9170,09,170,09170,South Central Connecticut,South Central Connecticut Planning Region,PL,H5,N,02830252
317,Connecticut,9180,09,180,09180,Southeastern Connecticut,Southeastern Connecticut Planning Region,PL,H5,N,02830253
318,Connecticut,9190,09,190,09190,Western Connecticut,Western Connecticut Planning Region,PL,H5,N,02830254
319,Delaware,10001,10,001,10001,Kent,Kent County,06,H1,A,00217271
320,Delaware,10003,10,003,10003,New Castle,New Castle County,06,H1,A,00217270
321,Delaware,10005,10,005,10005,Sussex,Sussex County,06,H1,A,00217269
322,District of Columbia,11001,11,001,11001,District of Columbia,District of Columbia,00,H6,F,01702382
323,Florida,12001,12,001,12001,Alachua,Alachua County,06,H1,A,00308548
324,Florida,12003,12,003,12003,Baker,Baker County,06,H1,A,00306920
325,Florida,12005,12,005,12005,Bay,Bay County,06,H1,A,00295738
326,Florida,12007,12,007,12007,Bradford,Bradford County,06,H1,A,00303634
327,Florida,12009,12,009,12009,Brevard,Brevard County,06,H1,A,00295749
328,Florida,12011,12,011,12011,Broward,Broward County,06,H1,A,00295753
329,Florida,12013,12,013,12013,Calhoun,Calhoun County,06,H1,A,00306919
330,Florida,12015,12,015,12015,Charlotte,Charlotte County,06,H1,A,00295742
331,Florida,12017,12,017,12017,Citrus,Citrus County,06,H1,A,00295752
332,Florida,12019,12,019,12019,Clay,Clay County,06,H1,A,00295726
333,Florida,12021,12,021,12021,Collier,Collier County,06,H1,A,00295754
334,Florida,12023,12,023,12023,Columbia,Columbia County,06,H1,A,00306909
335,Florida,12027,12,027,12027,DeSoto,DeSoto County,06,H1,A,00294452
336,Florida,12029,12,029,12029,Dixie,Dixie County,06,H1,A,00295725
337,Florida,12031,12,031,12031,Duval,Duval County,06,H6,C,00293656
338,Florida,12033,12,033,12033,Escambia,Escambia County,06,H1,A,00295737
339,Florida,12035,12,035,12035,Flagler,Flagler County,06,H1,A,00308547
340,Florida,12037,12,037,12037,Franklin,Franklin County,06,H1,A,00306911
341,Florida,12039,12,039,12039,Gadsden,Gadsden County,06,H1,A,00306918
342,Florida,12041,12,041,12041,Gilchrist,Gilchrist County,06,H1,A,00303633
343,Florida,12043,12,043,12043,Glades,Glades County,06,H1,A,00295743
344,Florida,12045,12,045,12045,Gulf,Gulf County,06,H1,A,00306917
345,Florida,12047,12,047,12047,Hamilton,Hamilton County,06,H1,A,00295736
346,Florida,12049,12,049,12049,Hardee,Hardee County,06,H1,A,00295746
347,Florida,12051,12,051,12051,Hendry,Hendry County,06,H1,A,00307626
348,Florida,12053,12,053,12053,Hernando,Hernando County,06,H1,A,00295751
349,Florida,12055,12,055,12055,Highlands,Highlands County,06,H1,A,00295756
350,Florida,12057,12,057,12057,Hillsborough,Hillsborough County,06,H1,A,00295757
351,Florida,12059,12,059,12059,Holmes,Holmes County,06,H1,A,00295735
352,Florida,12061,12,061,12061,Indian River,Indian River County,06,H1,A,00307624
353,Florida,12063,12,063,12063,Jackson,Jackson County,06,H1,A,00295734
354,Florida,12065,12,065,12065,Jefferson,Jefferson County,06,H1,A,00295733
355,Florida,12067,12,067,12067,Lafayette,Lafayette County,06,H1,A,00295732
356,Florida,12069,12,069,12069,Lake,Lake County,06,H1,A,00308551
357,Florida,12071,12,071,12071,Lee,Lee County,06,H1,A,00295758
358,Florida,12073,12,073,12073,Leon,Leon County,06,H1,A,00306916
359,Florida,12075,12,075,12075,Levy,Levy County,06,H1,A,00295724
360,Florida,12077,12,077,12077,Liberty,Liberty County,06,H1,A,00308549
361,Florida,12079,12,079,12079,Madison,Madison County,06,H1,A,00295731
362,Florida,12081,12,081,12081,Manatee,Manatee County,06,H1,A,00295744
363,Florida,12083,12,083,12083,Marion,Marion County,06,H1,A,00306922
364,Florida,12085,12,085,12085,Martin,Martin County,06,H1,A,00308550
365,Florida,12086,12,086,12086,Miami-Dade,Miami-Dade County,06,H1,A,00295755
366,Florida,12087,12,087,12087,Monroe,Monroe County,06,H1,A,00295759
367,Florida,12089,12,089,12089,Nassau,Nassau County,06,H1,A,00295730
368,Florida,12091,12,091,12091,Okaloosa,Okaloosa County,06,H1,A,00306915
369,Florida,12093,12,093,12093,Okeechobee,Okeechobee County,06,H1,A,00295760
370,Florida,12095,12,095,12095,Orange,Orange County,06,H1,A,00295750
371,Florida,12097,12,097,12097,Osceola,Osceola County,06,H1,A,00295748
372,Florida,12099,12,099,12099,Palm Beach,Palm Beach County,06,H1,A,00295761
373,Florida,12101,12,101,12101,Pasco,Pasco County,06,H1,A,00295739
374,Florida,12103,12,103,12103,Pinellas,Pinellas County,06,H1,A,00295745
375,Florida,12105,12,105,12105,Polk,Polk County,06,H1,A,00295747
376,Florida,12107,12,107,12107,Putnam,Putnam County,06,H1,A,00306910
377,Florida,12109,12,109,12109,St. Johns,St. Johns County,06,H1,A,00308371
378,Florida,12111,12,111,12111,St. Lucie,St. Lucie County,06,H1,A,00308372
379,Florida,12113,12,113,12113,Santa Rosa,Santa Rosa County,06,H1,A,00306914
380,Florida,12115,12,115,12115,Sarasota,Sarasota County,06,H1,A,00295741
381,Florida,12117,12,117,12117,Seminole,Seminole County,06,H1,A,00303665
382,Florida,12119,12,119,12119,Sumter,Sumter County,06,H1,A,00295740
383,Florida,12121,12,121,12121,Suwannee,Suwannee County,06,H1,A,00295729
384,Florida,12123,12,123,12123,Taylor,Taylor County,06,H1,A,00295728
385,Florida,12125,12,125,12125,Union,Union County,06,H1,A,00306913
386,Florida,12127,12,127,12127,Volusia,Volusia County,06,H1,A,00306921
387,Florida,12129,12,129,12129,Wakulla,Wakulla County,06,H1,A,00306912
388,Florida,12131,12,131,12131,Walton,Walton County,06,H1,A,00295727
389,Florida,12133,12,133,12133,Washington,Washington County,06,H1,A,00295762
390,Georgia,13001,13,001,13001,Appling,Appling County,06,H1,A,00349113
391,Georgia,13003,13,003,13003,Atkinson,Atkinson County,06,H1,A,00345784
392,Georgia,13005,13,005,13005,Bacon,Bacon County,06,H1,A,00344784
393,Georgia,13007,13,007,13007,Baker,Baker County,06,H1,A,00342832
394,Georgia,13009,13,009,13009,Baldwin,Baldwin County,06,H1,A,00345255
395,Georgia,13011,13,011,13011,Banks,Banks County,06,H1,A,00349230
396,Georgia,13013,13,013,13013,Barrow,Barrow County,06,H1,A,00356976
397,Georgia,13015,13,015,13015,Bartow,Bartow County,06,H1,A,00351604
398,Georgia,13017,13,017,13017,Ben Hill,Ben Hill County,06,H1,A,00351606
399,Georgia,13019,13,019,13019,Berrien,Berrien County,06,H1,A,00326638
400,Georgia,13021,13,021,13021,Bibb,Bibb County,06,H6,C,01672039
401,Georgia,13023,13,023,13023,Bleckley,Bleckley County,06,H1,A,00347451
402,Georgia,13025,13,025,13025,Brantley,Brantley County,06,H1,A,00351605
403,Georgia,13027,13,027,13027,Brooks,Brooks County,06,H1,A,00345518
404,Georgia,13029,13,029,13029,Bryan,Bryan County,06,H1,A,00350496
405,Georgia,13031,13,031,13031,Bulloch,Bulloch County,06,H1,A,00350302
406,Georgia,13033,13,033,13033,Burke,Burke County,06,H1,A,00347944
407,Georgia,13035,13,035,13035,Butts,Butts County,06,H1,A,00352295
408,Georgia,13037,13,037,13037,Calhoun,Calhoun County,06,H1,A,00344074
409,Georgia,13039,13,039,13039,Camden,Camden County,06,H1,A,01671316
410,Georgia,13043,13,043,13043,Candler,Candler County,06,H1,A,00342852
411,Georgia,13045,13,045,13045,Carroll,Carroll County,06,H1,A,00326650
412,Georgia,13047,13,047,13047,Catoosa,Catoosa County,06,H1,A,00353230
413,Georgia,13049,13,049,13049,Charlton,Charlton County,06,H1,A,00357747
414,Georgia,13051,13,051,13051,Chatham,Chatham County,06,H1,A,01694477
415,Georgia,13053,13,053,13053,Chattahoochee,Chattahoochee County,06,H6,C,00351012
416,Georgia,13055,13,055,13055,Chattooga,Chattooga County,06,H1,A,00352213
417,Georgia,13057,13,057,13057,Cherokee,Cherokee County,06,H1,A,01685718
418,Georgia,13059,13,059,13059,Clarke,Clarke County,06,H6,C,01672699
419,Georgia,13061,13,061,13061,Clay,Clay County,06,H1,A,00344805
420,Georgia,13063,13,063,13063,Clayton,Clayton County,06,H1,A,01672399
421,Georgia,13065,13,065,13065,Clinch,Clinch County,06,H1,A,00351285
422,Georgia,13067,13,067,13067,Cobb,Cobb County,06,H1,A,01686112
423,Georgia,13069,13,069,13069,Coffee,Coffee County,06,H1,A,00347456
424,Georgia,13071,13,071,13071,Colquitt,Colquitt County,06,H1,A,00343936
425,Georgia,13073,13,073,13073,Columbia,Columbia County,06,H1,A,00348865
426,Georgia,13075,13,075,13075,Cook,Cook County,06,H1,A,00343878
427,Georgia,13077,13,077,13077,Coweta,Coweta County,06,H1,A,00326666
428,Georgia,13079,13,079,13079,Crawford,Crawford County,06,H1,A,00342918
429,Georgia,13081,13,081,13081,Crisp,Crisp County,06,H1,A,00351607
430,Georgia,13083,13,083,13083,Dade,Dade County,06,H1,A,00347465
431,Georgia,13085,13,085,13085,Dawson,Dawson County,06,H1,A,00351312
432,Georgia,13087,13,087,13087,Decatur,Decatur County,06,H1,A,00352234
433,Georgia,13089,13,089,13089,DeKalb,DeKalb County,06,H1,A,01687424
434,Georgia,13091,13,091,13091,Dodge,Dodge County,06,H1,A,00348116
435,Georgia,13093,13,093,13093,Dooly,Dooly County,06,H1,A,00351608
436,Georgia,13095,13,095,13095,Dougherty,Dougherty County,06,H1,A,00351259
437,Georgia,13097,13,097,13097,Douglas,Douglas County,06,H1,A,01686467
438,Georgia,13099,13,099,13099,Early,Early County,06,H1,A,00345041
439,Georgia,13101,13,101,13101,Echols,Echols County,06,H6,C,00348092
440,Georgia,13103,13,103,13103,Effingham,Effingham County,06,H1,A,00350219
441,Georgia,13105,13,105,13105,Elbert,Elbert County,06,H1,A,00347828
442,Georgia,13107,13,107,13107,Emanuel,Emanuel County,06,H1,A,00347508
443,Georgia,13109,13,109,13109,Evans,Evans County,06,H1,A,00345923
444,Georgia,13111,13,111,13111,Fannin,Fannin County,06,H1,A,00351094
445,Georgia,13113,13,113,13113,Fayette,Fayette County,06,H1,A,01687740
446,Georgia,13115,13,115,13115,Floyd,Floyd County,06,H1,A,00353665
447,Georgia,13117,13,117,13117,Forsyth,Forsyth County,06,H1,A,01673358
448,Georgia,13119,13,119,13119,Franklin,Franklin County,06,H1,A,00349324
449,Georgia,13121,13,121,13121,Fulton,Fulton County,06,H1,A,01694833
450,Georgia,13123,13,123,13123,Gilmer,Gilmer County,06,H1,A,00351260
451,Georgia,13125,13,125,13125,Glascock,Glascock County,06,H1,A,00345642
452,Georgia,13127,13,127,13127,Glynn,Glynn County,06,H1,A,01671513
453,Georgia,13129,13,129,13129,Gordon,Gordon County,06,H1,A,00356672
454,Georgia,13131,13,131,13131,Grady,Grady County,06,H1,A,00351261
455,Georgia,13133,13,133,13133,Greene,Greene County,06,H1,A,00348672
456,Georgia,13135,13,135,13135,Gwinnett,Gwinnett County,06,H1,A,01688166
457,Georgia,13137,13,137,13137,Habersham,Habersham County,06,H1,A,00351383
458,Georgia,13139,13,139,13139,Hall,Hall County,06,H1,A,01686953
459,Georgia,13141,13,141,13141,Hancock,Hancock County,06,H1,A,00348209
460,Georgia,13143,13,143,13143,Haralson,Haralson County,06,H1,A,00350637
461,Georgia,13145,13,145,13145,Harris,Harris County,06,H1,A,00326700
462,Georgia,13147,13,147,13147,Hart,Hart County,06,H1,A,01687995
463,Georgia,13149,13,149,13149,Heard,Heard County,06,H1,A,00347067
464,Georgia,13151,13,151,13151,Henry,Henry County,06,H1,A,01671894
465,Georgia,13153,13,153,13153,Houston,Houston County,06,H1,A,01671693
466,Georgia,13155,13,155,13155,Irwin,Irwin County,06,H1,A,00352302
467,Georgia,13157,13,157,13157,Jackson,Jackson County,06,H1,A,00349570
468,Georgia,13159,13,159,13159,Jasper,Jasper County,06,H1,A,00346144
469,Georgia,13161,13,161,13161,Jeff Davis,Jeff Davis County,06,H1,A,01687999
470,Georgia,13163,13,163,13163,Jefferson,Jefferson County,06,H1,A,00345714
471,Georgia,13165,13,165,13165,Jenkins,Jenkins County,06,H1,A,00342985
472,Georgia,13167,13,167,13167,Johnson,Johnson County,06,H1,A,00346664
473,Georgia,13169,13,169,13169,Jones,Jones County,06,H1,A,00345367
474,Georgia,13171,13,171,13171,Lamar,Lamar County,06,H1,A,00326713
475,Georgia,13173,13,173,13173,Lanier,Lanier County,06,H1,A,00348102
476,Georgia,13175,13,175,13175,Laurens,Laurens County,06,H1,A,00346568
477,Georgia,13177,13,177,13177,Lee,Lee County,06,H1,A,00343390
478,Georgia,13179,13,179,13179,Liberty,Liberty County,06,H1,A,00357095
479,Georgia,13181,13,181,13181,Lincoln,Lincoln County,06,H1,A,01688000
480,Georgia,13183,13,183,13183,Long,Long County,06,H1,A,00326719
481,Georgia,13185,13,185,13185,Lowndes,Lowndes County,06,H1,A,00326720
482,Georgia,13187,13,187,13187,Lumpkin,Lumpkin County,06,H1,A,00357196
483,Georgia,13189,13,189,13189,McDuffie,McDuffie County,06,H1,A,00348794
484,Georgia,13191,13,191,13191,McIntosh,McIntosh County,06,H1,A,00356886
485,Georgia,13193,13,193,13193,Macon,Macon County,06,H1,A,00346957
486,Georgia,13195,13,195,13195,Madison,Madison County,06,H1,A,01688004
487,Georgia,13197,13,197,13197,Marion,Marion County,06,H1,A,00344107
488,Georgia,13199,13,199,13199,Meriwether,Meriwether County,06,H1,A,00346892
489,Georgia,13201,13,201,13201,Miller,Miller County,06,H1,A,00344088
490,Georgia,13205,13,205,13205,Mitchell,Mitchell County,06,H1,A,00343645
491,Georgia,13207,13,207,13207,Monroe,Monroe County,06,H1,A,00343073
492,Georgia,13209,13,209,13209,Montgomery,Montgomery County,06,H1,A,00352276
493,Georgia,13211,13,211,13211,Morgan,Morgan County,06,H1,A,00346008
494,Georgia,13213,13,213,13213,Murray,Murray County,06,H1,A,01688005
495,Georgia,13215,13,215,13215,Muscogee,Muscogee County,06,H6,C,00357428
496,Georgia,13217,13,217,13217,Newton,Newton County,06,H1,A,01673547
497,Georgia,13219,13,219,13219,Oconee,Oconee County,06,H1,A,00356774
498,Georgia,13221,13,221,13221,Oglethorpe,Oglethorpe County,06,H1,A,00351262
499,Georgia,13223,13,223,13223,Paulding,Paulding County,06,H1,A,00349912
500,Georgia,13225,13,225,13225,Peach,Peach County,06,H1,A,00343153
501,Georgia,13227,13,227,13227,Pickens,Pickens County,06,H1,A,01673011
502,Georgia,13229,13,229,13229,Pierce,Pierce County,06,H1,A,00349086
503,Georgia,13231,13,231,13231,Pike,Pike County,06,H1,A,00346482
504,Georgia,13233,13,233,13233,Polk,Polk County,06,H1,A,00343585
505,Georgia,13235,13,235,13235,Pulaski,Pulaski County,06,H1,A,00347593
506,Georgia,13237,13,237,13237,Putnam,Putnam County,06,H1,A,00347246
507,Georgia,13239,13,239,13239,Quitman,Quitman County,06,H6,C,00350547
508,Georgia,13241,13,241,13241,Rabun,Rabun County,06,H1,A,00351489
509,Georgia,13243,13,243,13243,Randolph,Randolph County,06,H1,A,00352242
510,Georgia,13245,13,245,13245,Richmond,Richmond County,06,H6,C,00358024
511,Georgia,13247,13,247,13247,Rockdale,Rockdale County,06,H1,A,00357592
512,Georgia,13249,13,249,13249,Schley,Schley County,06,H1,A,00344129
513,Georgia,13251,13,251,13251,Screven,Screven County,06,H1,A,00350204
514,Georgia,13253,13,253,13253,Seminole,Seminole County,06,H1,A,00351263
515,Georgia,13255,13,255,13255,Spalding,Spalding County,06,H1,A,00353055
516,Georgia,13257,13,257,13257,Stephens,Stephens County,06,H1,A,00350028
517,Georgia,13259,13,259,13259,Stewart,Stewart County,06,H1,A,00347360
518,Georgia,13261,13,261,13261,Sumter,Sumter County,06,H1,A,00343504
519,Georgia,13263,13,263,13263,Talbot,Talbot County,06,H1,A,00326757
520,Georgia,13265,13,265,13265,Taliaferro,Taliaferro County,06,H1,A,00347654
521,Georgia,13267,13,267,13267,Tattnall,Tattnall County,06,H1,A,00347445
522,Georgia,13269,13,269,13269,Taylor,Taylor County,06,H1,A,00344156
523,Georgia,13271,13,271,13271,Telfair,Telfair County,06,H1,A,00356958
524,Georgia,13273,13,273,13273,Terrell,Terrell County,06,H1,A,00352238
525,Georgia,13275,13,275,13275,Thomas,Thomas County,06,H1,A,00343835
526,Georgia,13277,13,277,13277,Tift,Tift County,06,H1,A,00344090
527,Georgia,13279,13,279,13279,Toombs,Toombs County,06,H1,A,00345220
528,Georgia,13281,13,281,13281,Towns,Towns County,06,H1,A,00351252
529,Georgia,13283,13,283,13283,Treutlen,Treutlen County,06,H1,A,00347505
530,Georgia,13285,13,285,13285,Troup,Troup County,06,H1,A,01673298
531,Georgia,13287,13,287,13287,Turner,Turner County,06,H1,A,00343238
532,Georgia,13289,13,289,13289,Twiggs,Twiggs County,06,H1,A,00345456
533,Georgia,13291,13,291,13291,Union,Union County,06,H1,A,00353193
534,Georgia,13293,13,293,13293,Upson,Upson County,06,H1,A,00346759
535,Georgia,13295,13,295,13295,Walker,Walker County,06,H1,A,00354216
536,Georgia,13297,13,297,13297,Walton,Walton County,06,H1,A,00351264
537,Georgia,13299,13,299,13299,Ware,Ware County,06,H1,A,00357722
538,Georgia,13301,13,301,13301,Warren,Warren County,06,H1,A,00347777
539,Georgia,13303,13,303,13303,Washington,Washington County,06,H1,A,00348428
540,Georgia,13305,13,305,13305,Wayne,Wayne County,06,H1,A,00350608
541,Georgia,13307,13,307,13307,Webster,Webster County,06,H6,C,00352287
542,Georgia,13309,13,309,13309,Wheeler,Wheeler County,06,H1,A,00351278
543,Georgia,13311,13,311,13311,White,White County,06,H1,A,00326781
544,Georgia,13313,13,313,13313,Whitfield,Whitfield County,06,H1,A,00353513
545,Georgia,13315,13,315,13315,Wilcox,Wilcox County,06,H1,A,00345499
546,Georgia,13317,13,317,13317,Wilkes,Wilkes County,06,H1,A,00351265
547,Georgia,13319,13,319,13319,Wilkinson,Wilkinson County,06,H1,A,00346824
548,Georgia,13321,13,321,13321,Worth,Worth County,06,H1,A,00343365
549,Hawaii,15001,15,001,15001,Hawaii,Hawaii County,06,H1,A,00365280
550,Hawaii,15003,15,003,15003,Honolulu,Honolulu County,06,H6,A,00365281
551,Hawaii,15005,15,005,15005,Kalawao,Kalawao County,06,H4,G,01702380
552,Hawaii,15007,15,007,15007,Kauai,Kauai County,06,H1,A,00365282
553,Hawaii,15009,15,009,15009,Maui,Maui County,06,H1,A,00365283
554,Idaho,16001,16,001,16001,Ada,Ada County,06,H1,A,00395066
555,Idaho,16003,16,003,16003,Adams,Adams County,06,H1,A,00395067
556,Idaho,16005,16,005,16005,Bannock,Bannock County,06,H1,A,00395091
557,Idaho,16007,16,007,16007,Bear Lake,Bear Lake County,06,H1,A,00395090
558,Idaho,16009,16,009,16009,Benewah,Benewah County,06,H1,A,00395190
559,Idaho,16011,16,011,16011,Bingham,Bingham County,06,H1,A,00400593
560,Idaho,16013,16,013,16013,Blaine,Blaine County,06,H1,A,00395696
561,Idaho,16015,16,015,16015,Boise,Boise County,06,H1,A,00395157
562,Idaho,16017,16,017,16017,Bonner,Bonner County,06,H1,A,00395158
563,Idaho,16019,16,019,16019,Bonneville,Bonneville County,06,H1,A,00395407
564,Idaho,16021,16,021,16021,Boundary,Boundary County,06,H1,A,00395159
565,Idaho,16023,16,023,16023,Butte,Butte County,06,H1,A,00401703
566,Idaho,16025,16,025,16025,Camas,Camas County,06,H1,A,00399408
567,Idaho,16027,16,027,16027,Canyon,Canyon County,06,H1,A,00399406
568,Idaho,16029,16,029,16029,Caribou,Caribou County,06,H1,A,00395406
569,Idaho,16031,16,031,16031,Cassia,Cassia County,06,H1,A,00395698
570,Idaho,16033,16,033,16033,Clark,Clark County,06,H1,A,00399755
571,Idaho,16035,16,035,16035,Clearwater,Clearwater County,06,H1,A,00395697
572,Idaho,16037,16,037,16037,Custer,Custer County,06,H1,A,00399758
573,Idaho,16039,16,039,16039,Elmore,Elmore County,06,H1,A,00400252
574,Idaho,16041,16,041,16041,Franklin,Franklin County,06,H1,A,00395585
575,Idaho,16043,16,043,16043,Fremont,Fremont County,06,H1,A,00395408
576,Idaho,16045,16,045,16045,Gem,Gem County,06,H1,A,00395442
577,Idaho,16047,16,047,16047,Gooding,Gooding County,06,H1,A,00395441
578,Idaho,16049,16,049,16049,Idaho,Idaho County,06,H1,A,00395699
579,Idaho,16051,16,051,16051,Jefferson,Jefferson County,06,H1,A,00399751
580,Idaho,16053,16,053,16053,Jerome,Jerome County,06,H1,A,00395662
581,Idaho,16055,16,055,16055,Kootenai,Kootenai County,06,H1,A,00395661
582,Idaho,16057,16,057,16057,Latah,Latah County,06,H1,A,00395613
583,Idaho,16059,16,059,16059,Lemhi,Lemhi County,06,H1,A,00399754
584,Idaho,16061,16,061,16061,Lewis,Lewis County,06,H1,A,00395622
585,Idaho,16063,16,063,16063,Lincoln,Lincoln County,06,H1,A,00395624
586,Idaho,16065,16,065,16065,Madison,Madison County,06,H1,A,00394803
587,Idaho,16067,16,067,16067,Minidoka,Minidoka County,06,H1,A,00394807
588,Idaho,16069,16,069,16069,Nez Perce,Nez Perce County,06,H1,A,00399394
589,Idaho,16071,16,071,16071,Oneida,Oneida County,06,H1,A,00399759
590,Idaho,16073,16,073,16073,Owyhee,Owyhee County,06,H1,A,00399760
591,Idaho,16075,16,075,16075,Payette,Payette County,06,H1,A,00394896
592,Idaho,16077,16,077,16077,Power,Power County,06,H1,A,00394951
593,Idaho,16079,16,079,16079,Shoshone,Shoshone County,06,H1,A,01702379
594,Idaho,16081,16,081,16081,Teton,Teton County,06,H1,A,00399297
595,Idaho,16083,16,083,16083,Twin Falls,Twin Falls County,06,H1,A,00399334
596,Idaho,16085,16,085,16085,Valley,Valley County,06,H1,A,00399756
597,Idaho,16087,16,087,16087,Washington,Washington County,06,H1,A,00399757
598,Illinois,17001,17,001,17001,Adams,Adams County,06,H1,A,00424202
599,Illinois,17003,17,003,17003,Alexander,Alexander County,06,H1,A,00424203
600,Illinois,17005,17,005,17005,Bond,Bond County,06,H1,A,00424204
601,Illinois,17007,17,007,17007,Boone,Boone County,06,H1,A,00424205
602,Illinois,17009,17,009,17009,Brown,Brown County,06,H1,A,00424206
603,Illinois,17011,17,011,17011,Bureau,Bureau County,06,H1,A,00424207
604,Illinois,17013,17,013,17013,Calhoun,Calhoun County,06,H1,A,00424208
605,Illinois,17015,17,015,17015,Carroll,Carroll County,06,H1,A,00424209
606,Illinois,17017,17,017,17017,Cass,Cass County,06,H1,A,00424210
607,Illinois,17019,17,019,17019,Champaign,Champaign County,06,H1,A,00424211
608,Illinois,17021,17,021,17021,Christian,Christian County,06,H1,A,00424212
609,Illinois,17023,17,023,17023,Clark,Clark County,06,H1,A,00424213
610,Illinois,17025,17,025,17025,Clay,Clay County,06,H1,A,00424214
611,Illinois,17027,17,027,17027,Clinton,Clinton County,06,H1,A,00424215
612,Illinois,17029,17,029,17029,Coles,Coles County,06,H1,A,00424216
613,Illinois,17031,17,031,17031,Cook,Cook County,06,H1,A,01784766
614,Illinois,17033,17,033,17033,Crawford,Crawford County,06,H1,A,00424218
615,Illinois,17035,17,035,17035,Cumberland,Cumberland County,06,H1,A,00424219
616,Illinois,17037,17,037,17037,DeKalb,DeKalb County,06,H1,A,00422190
617,Illinois,17039,17,039,17039,De Witt,De Witt County,06,H1,A,00426598
618,Illinois,17041,17,041,17041,Douglas,Douglas County,06,H1,A,00424222
619,Illinois,17043,17,043,17043,DuPage,DuPage County,06,H1,A,00422191
620,Illinois,17045,17,045,17045,Edgar,Edgar County,06,H1,A,00424224
621,Illinois,17047,17,047,17047,Edwards,Edwards County,06,H1,A,00424225
622,Illinois,17049,17,049,17049,Effingham,Effingham County,06,H1,A,00424226
623,Illinois,17051,17,051,17051,Fayette,Fayette County,06,H1,A,00424227
624,Illinois,17053,17,053,17053,Ford,Ford County,06,H1,A,00424228
625,Illinois,17055,17,055,17055,Franklin,Franklin County,06,H1,A,00424229
626,Illinois,17057,17,057,17057,Fulton,Fulton County,06,H1,A,00424230
627,Illinois,17059,17,059,17059,Gallatin,Gallatin County,06,H1,A,00424231
628,Illinois,17061,17,061,17061,Greene,Greene County,06,H1,A,00424232
629,Illinois,17063,17,063,17063,Grundy,Grundy County,06,H1,A,00424233
630,Illinois,17065,17,065,17065,Hamilton,Hamilton County,06,H1,A,00424234
631,Illinois,17067,17,067,17067,Hancock,Hancock County,06,H1,A,00424235
632,Illinois,17069,17,069,17069,Hardin,Hardin County,06,H1,A,00424236
633,Illinois,17071,17,071,17071,Henderson,Henderson County,06,H1,A,00424237
634,Illinois,17073,17,073,17073,Henry,Henry County,06,H1,A,00424238
635,Illinois,17075,17,075,17075,Iroquois,Iroquois County,06,H1,A,00424239
636,Illinois,17077,17,077,17077,Jackson,Jackson County,06,H1,A,00424240
637,Illinois,17079,17,079,17079,Jasper,Jasper County,06,H1,A,00424241
638,Illinois,17081,17,081,17081,Jefferson,Jefferson County,06,H1,A,00424242
639,Illinois,17083,17,083,17083,Jersey,Jersey County,06,H1,A,00424243
640,Illinois,17085,17,085,17085,Jo Daviess,Jo Daviess County,06,H1,A,00424244
641,Illinois,17087,17,087,17087,Johnson,Johnson County,06,H1,A,00424245
642,Illinois,17089,17,089,17089,Kane,Kane County,06,H1,A,00424246
643,Illinois,17091,17,091,17091,Kankakee,Kankakee County,06,H1,A,00424247
644,Illinois,17093,17,093,17093,Kendall,Kendall County,06,H1,A,00424248
645,Illinois,17095,17,095,17095,Knox,Knox County,06,H1,A,00424249
646,Illinois,17097,17,097,17097,Lake,Lake County,06,H1,A,01784796
647,Illinois,17099,17,099,17099,LaSalle,LaSalle County,06,H1,A,00422247
648,Illinois,17101,17,101,17101,Lawrence,Lawrence County,06,H1,A,00424252
649,Illinois,17103,17,103,17103,Lee,Lee County,06,H1,A,00424253
650,Illinois,17105,17,105,17105,Livingston,Livingston County,06,H1,A,00424254
651,Illinois,17107,17,107,17107,Logan,Logan County,06,H1,A,00424255
652,Illinois,17109,17,109,17109,McDonough,McDonough County,06,H1,A,01784729
653,Illinois,17111,17,111,17111,McHenry,McHenry County,06,H1,A,01784815
654,Illinois,17113,17,113,17113,McLean,McLean County,06,H1,A,01784833
655,Illinois,17115,17,115,17115,Macon,Macon County,06,H1,A,00424256
656,Illinois,17117,17,117,17117,Macoupin,Macoupin County,06,H1,A,00424257
657,Illinois,17119,17,119,17119,Madison,Madison County,06,H1,A,00424258
658,Illinois,17121,17,121,17121,Marion,Marion County,06,H1,A,00424259
659,Illinois,17123,17,123,17123,Marshall,Marshall County,06,H1,A,00424260
660,Illinois,17125,17,125,17125,Mason,Mason County,06,H1,A,00424261
661,Illinois,17127,17,127,17127,Massac,Massac County,06,H1,A,01784730
662,Illinois,17129,17,129,17129,Menard,Menard County,06,H1,A,00424266
663,Illinois,17131,17,131,17131,Mercer,Mercer County,06,H1,A,01784750
664,Illinois,17133,17,133,17133,Monroe,Monroe County,06,H1,A,01784865
665,Illinois,17135,17,135,17135,Montgomery,Montgomery County,06,H1,A,01784866
666,Illinois,17137,17,137,17137,Morgan,Morgan County,06,H1,A,00424270
667,Illinois,17139,17,139,17139,Moultrie,Moultrie County,06,H1,A,01784885
668,Illinois,17141,17,141,17141,Ogle,Ogle County,06,H1,A,01784894
669,Illinois,17143,17,143,17143,Peoria,Peoria County,06,H1,A,01784920
670,Illinois,17145,17,145,17145,Perry,Perry County,06,H1,A,01784940
671,Illinois,17147,17,147,17147,Piatt,Piatt County,06,H1,A,00424275
672,Illinois,17149,17,149,17149,Pike,Pike County,06,H1,A,01784941
673,Illinois,17151,17,151,17151,Pope,Pope County,06,H1,A,00424277
674,Illinois,17153,17,153,17153,Pulaski,Pulaski County,06,H1,A,01784966
675,Illinois,17155,17,155,17155,Putnam,Putnam County,06,H1,A,00424279
676,Illinois,17157,17,157,17157,Randolph,Randolph County,06,H1,A,01784967
677,Illinois,17159,17,159,17159,Richland,Richland County,06,H1,A,00424281
678,Illinois,17161,17,161,17161,Rock Island,Rock Island County,06,H1,A,00424282
679,Illinois,17163,17,163,17163,St. Clair,St. Clair County,06,H1,A,01784987
680,Illinois,17165,17,165,17165,Saline,Saline County,06,H1,A,00424283
681,Illinois,17167,17,167,17167,Sangamon,Sangamon County,06,H1,A,01785010
682,Illinois,17169,17,169,17169,Schuyler,Schuyler County,06,H1,A,01785037
683,Illinois,17171,17,171,17171,Scott,Scott County,06,H1,A,00424286
684,Illinois,17173,17,173,17173,Shelby,Shelby County,06,H1,A,01785051
685,Illinois,17175,17,175,17175,Stark,Stark County,06,H1,A,00424288
686,Illinois,17177,17,177,17177,Stephenson,Stephenson County,06,H1,A,01785076
687,Illinois,17179,17,179,17179,Tazewell,Tazewell County,06,H1,A,01785094
688,Illinois,17181,17,181,17181,Union,Union County,06,H1,A,01785113
689,Illinois,17183,17,183,17183,Vermilion,Vermilion County,06,H1,A,01785114
690,Illinois,17185,17,185,17185,Wabash,Wabash County,06,H1,A,00424293
691,Illinois,17187,17,187,17187,Warren,Warren County,06,H1,A,01785134
692,Illinois,17189,17,189,17189,Washington,Washington County,06,H1,A,01785150
693,Illinois,17191,17,191,17191,Wayne,Wayne County,06,H1,A,00424296
694,Illinois,17193,17,193,17193,White,White County,06,H1,A,00424297
695,Illinois,17195,17,195,17195,Whiteside,Whiteside County,06,H1,A,01785167
696,Illinois,17197,17,197,17197,Will,Will County,06,H1,A,01785190
697,Illinois,17199,17,199,17199,Williamson,Williamson County,06,H1,A,01785215
698,Illinois,17201,17,201,17201,Winnebago,Winnebago County,06,H1,A,01785216
699,Illinois,17203,17,203,17203,Woodford,Woodford County,06,H1,A,01785231
700,Indiana,18001,18,001,18001,Adams,Adams County,06,H1,A,00450401
701,Indiana,18003,18,003,18003,Allen,Allen County,06,H1,A,00450402
702,Indiana,18005,18,005,18005,Bartholomew,Bartholomew County,06,H1,A,00451683
703,Indiana,18007,18,007,18007,Benton,Benton County,06,H1,A,00450403
704,Indiana,18009,18,009,18009,Blackford,Blackford County,06,H1,A,00450404
705,Indiana,18011,18,011,18011,Boone,Boone County,06,H1,A,00450405
706,Indiana,18013,18,013,18013,Brown,Brown County,06,H1,A,00451684
707,Indiana,18015,18,015,18015,Carroll,Carroll County,06,H1,A,00450406
708,Indiana,18017,18,017,18017,Cass,Cass County,06,H1,A,00450339
709,Indiana,18019,18,019,18019,Clark,Clark County,06,H1,A,00450340
710,Indiana,18021,18,021,18021,Clay,Clay County,06,H1,A,00450341
711,Indiana,18023,18,023,18023,Clinton,Clinton County,06,H1,A,00450342
712,Indiana,18025,18,025,18025,Crawford,Crawford County,06,H1,A,00451674
713,Indiana,18027,18,027,18027,Daviess,Daviess County,06,H1,A,00450343
714,Indiana,18029,18,029,18029,Dearborn,Dearborn County,06,H1,A,00450344
715,Indiana,18031,18,031,18031,Decatur,Decatur County,06,H1,A,00450345
716,Indiana,18033,18,033,18033,DeKalb,DeKalb County,06,H1,A,00450346
717,Indiana,18035,18,035,18035,Delaware,Delaware County,06,H1,A,00450347
718,Indiana,18037,18,037,18037,Dubois,Dubois County,06,H1,A,00451675
719,Indiana,18039,18,039,18039,Elkhart,Elkhart County,06,H1,A,00450348
720,Indiana,18041,18,041,18041,Fayette,Fayette County,06,H1,A,00450349
721,Indiana,18043,18,043,18043,Floyd,Floyd County,06,H1,A,00450350
722,Indiana,18045,18,045,18045,Fountain,Fountain County,06,H1,A,00450351
723,Indiana,18047,18,047,18047,Franklin,Franklin County,06,H1,A,00450352
724,Indiana,18049,18,049,18049,Fulton,Fulton County,06,H1,A,00450353
725,Indiana,18051,18,051,18051,Gibson,Gibson County,06,H1,A,00450354
726,Indiana,18053,18,053,18053,Grant,Grant County,06,H1,A,00450355
727,Indiana,18055,18,055,18055,Greene,Greene County,06,H1,A,00451676
728,Indiana,18057,18,057,18057,Hamilton,Hamilton County,06,H1,A,00450356
729,Indiana,18059,18,059,18059,Hancock,Hancock County,06,H1,A,00450357
730,Indiana,18061,18,061,18061,Harrison,Harrison County,06,H1,A,00451677
731,Indiana,18063,18,063,18063,Hendricks,Hendricks County,06,H1,A,00450358
732,Indiana,18065,18,065,18065,Henry,Henry County,06,H1,A,00450359
733,Indiana,18067,18,067,18067,Howard,Howard County,06,H1,A,00450360
734,Indiana,18069,18,069,18069,Huntington,Huntington County,06,H1,A,00450361
735,Indiana,18071,18,071,18071,Jackson,Jackson County,06,H1,A,00451678
736,Indiana,18073,18,073,18073,Jasper,Jasper County,06,H1,A,00450494
737,Indiana,18075,18,075,18075,Jay,Jay County,06,H1,A,00450362
738,Indiana,18077,18,077,18077,Jefferson,Jefferson County,06,H1,A,00450363
739,Indiana,18079,18,079,18079,Jennings,Jennings County,06,H1,A,00450364
740,Indiana,18081,18,081,18081,Johnson,Johnson County,06,H1,A,00450365
741,Indiana,18083,18,083,18083,Knox,Knox County,06,H1,A,00450366
742,Indiana,18085,18,085,18085,Kosciusko,Kosciusko County,06,H1,A,00450367
743,Indiana,18087,18,087,18087,LaGrange,LaGrange County,06,H1,A,00450368
744,Indiana,18089,18,089,18089,Lake,Lake County,06,H1,A,00450495
745,Indiana,18091,18,091,18091,LaPorte,LaPorte County,06,H1,A,00450507
746,Indiana,18093,18,093,18093,Lawrence,Lawrence County,06,H1,A,00451703
747,Indiana,18095,18,095,18095,Madison,Madison County,06,H1,A,00450370
748,Indiana,18097,18,097,18097,Marion,Marion County,06,H6,C,00450371
749,Indiana,18099,18,099,18099,Marshall,Marshall County,06,H1,A,00450372
750,Indiana,18101,18,101,18101,Martin,Martin County,06,H1,A,00451679
751,Indiana,18103,18,103,18103,Miami,Miami County,06,H1,A,00450373
752,Indiana,18105,18,105,18105,Monroe,Monroe County,06,H1,A,00451680
753,Indiana,18107,18,107,18107,Montgomery,Montgomery County,06,H1,A,00450374
754,Indiana,18109,18,109,18109,Morgan,Morgan County,06,H1,A,00450375
755,Indiana,18111,18,111,18111,Newton,Newton County,06,H1,A,00450376
756,Indiana,18113,18,113,18113,Noble,Noble County,06,H1,A,00450377
757,Indiana,18115,18,115,18115,Ohio,Ohio County,06,H1,A,00450378
758,Indiana,18117,18,117,18117,Orange,Orange County,06,H1,A,00451681
759,Indiana,18119,18,119,18119,Owen,Owen County,06,H1,A,00450379
760,Indiana,18121,18,121,18121,Parke,Parke County,06,H1,A,00450380
761,Indiana,18123,18,123,18123,Perry,Perry County,06,H1,A,00451682
762,Indiana,18125,18,125,18125,Pike,Pike County,06,H1,A,00450381
763,Indiana,18127,18,127,18127,Porter,Porter County,06,H1,A,00450382
764,Indiana,18129,18,129,18129,Posey,Posey County,06,H1,A,00450383
765,Indiana,18131,18,131,18131,Pulaski,Pulaski County,06,H1,A,00446852
766,Indiana,18133,18,133,18133,Putnam,Putnam County,06,H1,A,00450384
767,Indiana,18135,18,135,18135,Randolph,Randolph County,06,H1,A,00446853
768,Indiana,18137,18,137,18137,Ripley,Ripley County,06,H1,A,00450385
769,Indiana,18139,18,139,18139,Rush,Rush County,06,H1,A,00446854
770,Indiana,18141,18,141,18141,St. Joseph,St. Joseph County,06,H1,A,00452855
771,Indiana,18143,18,143,18143,Scott,Scott County,06,H1,A,00450386
772,Indiana,18145,18,145,18145,Shelby,Shelby County,06,H1,A,00450387
773,Indiana,18147,18,147,18147,Spencer,Spencer County,06,H1,A,00450388
774,Indiana,18149,18,149,18149,Starke,Starke County,06,H1,A,00450389
775,Indiana,18151,18,151,18151,Steuben,Steuben County,06,H1,A,00450390
776,Indiana,18153,18,153,18153,Sullivan,Sullivan County,06,H1,A,00450391
777,Indiana,18155,18,155,18155,Switzerland,Switzerland County,06,H1,A,00450392
778,Indiana,18157,18,157,18157,Tippecanoe,Tippecanoe County,06,H1,A,00450393
779,Indiana,18159,18,159,18159,Tipton,Tipton County,06,H1,A,00450394
780,Indiana,18161,18,161,18161,Union,Union County,06,H1,A,00450395
781,Indiana,18163,18,163,18163,Vanderburgh,Vanderburgh County,06,H1,A,00450396
782,Indiana,18165,18,165,18165,Vermillion,Vermillion County,06,H1,A,00450397
783,Indiana,18167,18,167,18167,Vigo,Vigo County,06,H1,A,00450398
784,Indiana,18169,18,169,18169,Wabash,Wabash County,06,H1,A,00450399
785,Indiana,18171,18,171,18171,Warren,Warren County,06,H1,A,00450400
786,Indiana,18173,18,173,18173,Warrick,Warrick County,06,H1,A,00450335
787,Indiana,18175,18,175,18175,Washington,Washington County,06,H1,A,00451665
788,Indiana,18177,18,177,18177,Wayne,Wayne County,06,H1,A,00450336
789,Indiana,18179,18,179,18179,Wells,Wells County,06,H1,A,00450337
790,Indiana,18181,18,181,18181,White,White County,06,H1,A,00450338
791,Indiana,18183,18,183,18183,Whitley,Whitley County,06,H1,A,00450369
792,Iowa,19001,19,001,19001,Adair,Adair County,06,H1,A,00465190
793,Iowa,19003,19,003,19003,Adams,Adams County,06,H1,A,00465191
794,Iowa,19005,19,005,19005,Allamakee,Allamakee County,06,H1,A,00465192
795,Iowa,19007,19,007,19007,Appanoose,Appanoose County,06,H1,A,00465193
796,Iowa,19009,19,009,19009,Audubon,Audubon County,06,H1,A,00465194
797,Iowa,19011,19,011,19011,Benton,Benton County,06,H1,A,00465195
798,Iowa,19013,19,013,19013,Black Hawk,Black Hawk County,06,H1,A,00465196
799,Iowa,19015,19,015,19015,Boone,Boone County,06,H1,A,00465197
800,Iowa,19017,19,017,19017,Bremer,Bremer County,06,H1,A,00465198
801,Iowa,19019,19,019,19019,Buchanan,Buchanan County,06,H1,A,00465199
802,Iowa,19021,19,021,19021,Buena Vista,Buena Vista County,06,H1,A,00465200
803,Iowa,19023,19,023,19023,Butler,Butler County,06,H1,A,00465201
804,Iowa,19025,19,025,19025,Calhoun,Calhoun County,06,H1,A,00465202
805,Iowa,19027,19,027,19027,Carroll,Carroll County,06,H1,A,00465203
806,Iowa,19029,19,029,19029,Cass,Cass County,06,H1,A,00465204
807,Iowa,19031,19,031,19031,Cedar,Cedar County,06,H1,A,00465205
808,Iowa,19033,19,033,19033,Cerro Gordo,Cerro Gordo County,06,H1,A,00465206
809,Iowa,19035,19,035,19035,Cherokee,Cherokee County,06,H1,A,00465207
810,Iowa,19037,19,037,19037,Chickasaw,Chickasaw County,06,H1,A,00465208
811,Iowa,19039,19,039,19039,Clarke,Clarke County,06,H1,A,00465209
812,Iowa,19041,19,041,19041,Clay,Clay County,06,H1,A,00465625
813,Iowa,19043,19,043,19043,Clayton,Clayton County,06,H1,A,00465210
814,Iowa,19045,19,045,19045,Clinton,Clinton County,06,H1,A,00465211
815,Iowa,19047,19,047,19047,Crawford,Crawford County,06,H1,A,00465212
816,Iowa,19049,19,049,19049,Dallas,Dallas County,06,H1,A,00465213
817,Iowa,19051,19,051,19051,Davis,Davis County,06,H1,A,00465214
818,Iowa,19053,19,053,19053,Decatur,Decatur County,06,H1,A,00465215
819,Iowa,19055,19,055,19055,Delaware,Delaware County,06,H1,A,00465216
820,Iowa,19057,19,057,19057,Des Moines,Des Moines County,06,H1,A,00465217
821,Iowa,19059,19,059,19059,Dickinson,Dickinson County,06,H1,A,00465218
822,Iowa,19061,19,061,19061,Dubuque,Dubuque County,06,H1,A,00465219
823,Iowa,19063,19,063,19063,Emmet,Emmet County,06,H1,A,00465220
824,Iowa,19065,19,065,19065,Fayette,Fayette County,06,H1,A,00465221
825,Iowa,19067,19,067,19067,Floyd,Floyd County,06,H1,A,00465222
826,Iowa,19069,19,069,19069,Franklin,Franklin County,06,H1,A,00465223
827,Iowa,19071,19,071,19071,Fremont,Fremont County,06,H1,A,00465224
828,Iowa,19073,19,073,19073,Greene,Greene County,06,H1,A,00465225
829,Iowa,19075,19,075,19075,Grundy,Grundy County,06,H1,A,00465226
830,Iowa,19077,19,077,19077,Guthrie,Guthrie County,06,H1,A,00465227
831,Iowa,19079,19,079,19079,Hamilton,Hamilton County,06,H1,A,00465228
832,Iowa,19081,19,081,19081,Hancock,Hancock County,06,H1,A,00465229
833,Iowa,19083,19,083,19083,Hardin,Hardin County,06,H1,A,00465230
834,Iowa,19085,19,085,19085,Harrison,Harrison County,06,H1,A,00465231
835,Iowa,19087,19,087,19087,Henry,Henry County,06,H1,A,00465232
836,Iowa,19089,19,089,19089,Howard,Howard County,06,H1,A,00465233
837,Iowa,19091,19,091,19091,Humboldt,Humboldt County,06,H1,A,00465234
838,Iowa,19093,19,093,19093,Ida,Ida County,06,H1,A,00465235
839,Iowa,19095,19,095,19095,Iowa,Iowa County,06,H1,A,00465236
840,Iowa,19097,19,097,19097,Jackson,Jackson County,06,H1,A,00465237
841,Iowa,19099,19,099,19099,Jasper,Jasper County,06,H1,A,00465238
842,Iowa,19101,19,101,19101,Jefferson,Jefferson County,06,H1,A,00465239
843,Iowa,19103,19,103,19103,Johnson,Johnson County,06,H1,A,00465240
844,Iowa,19105,19,105,19105,Jones,Jones County,06,H1,A,00465241
845,Iowa,19107,19,107,19107,Keokuk,Keokuk County,06,H1,A,00465242
846,Iowa,19109,19,109,19109,Kossuth,Kossuth County,06,H1,A,00465243
847,Iowa,19111,19,111,19111,Lee,Lee County,06,H1,A,00465244
848,Iowa,19113,19,113,19113,Linn,Linn County,06,H1,A,00465245
849,Iowa,19115,19,115,19115,Louisa,Louisa County,06,H1,A,00465246
850,Iowa,19117,19,117,19117,Lucas,Lucas County,06,H1,A,00465247
851,Iowa,19119,19,119,19119,Lyon,Lyon County,06,H1,A,00465248
852,Iowa,19121,19,121,19121,Madison,Madison County,06,H1,A,00465249
853,Iowa,19123,19,123,19123,Mahaska,Mahaska County,06,H1,A,00465250
854,Iowa,19125,19,125,19125,Marion,Marion County,06,H1,A,00465251
855,Iowa,19127,19,127,19127,Marshall,Marshall County,06,H1,A,00465252
856,Iowa,19129,19,129,19129,Mills,Mills County,06,H1,A,00465253
857,Iowa,19131,19,131,19131,Mitchell,Mitchell County,06,H1,A,00465254
858,Iowa,19133,19,133,19133,Monona,Monona County,06,H1,A,00465255
859,Iowa,19135,19,135,19135,Monroe,Monroe County,06,H1,A,00465256
860,Iowa,19137,19,137,19137,Montgomery,Montgomery County,06,H1,A,00465257
861,Iowa,19139,19,139,19139,Muscatine,Muscatine County,06,H1,A,00465258
862,Iowa,19141,19,141,19141,O'Brien,O'Brien County,06,H1,A,00465259
863,Iowa,19143,19,143,19143,Osceola,Osceola County,06,H1,A,00465260
864,Iowa,19145,19,145,19145,Page,Page County,06,H1,A,00465261
865,Iowa,19147,19,147,19147,Palo Alto,Palo Alto County,06,H1,A,00465262
866,Iowa,19149,19,149,19149,Plymouth,Plymouth County,06,H1,A,00465263
867,Iowa,19151,19,151,19151,Pocahontas,Pocahontas County,06,H1,A,00465264
868,Iowa,19153,19,153,19153,Polk,Polk County,06,H1,A,00465265
869,Iowa,19155,19,155,19155,Pottawattamie,Pottawattamie County,06,H1,A,00465266
870,Iowa,19157,19,157,19157,Poweshiek,Poweshiek County,06,H1,A,00465267
871,Iowa,19159,19,159,19159,Ringgold,Ringgold County,06,H1,A,00465268
872,Iowa,19161,19,161,19161,Sac,Sac County,06,H1,A,00465269
873,Iowa,19163,19,163,19163,Scott,Scott County,06,H1,A,00465270
874,Iowa,19165,19,165,19165,Shelby,Shelby County,06,H1,A,00465271
875,Iowa,19167,19,167,19167,Sioux,Sioux County,06,H1,A,00465272
876,Iowa,19169,19,169,19169,Story,Story County,06,H1,A,00465273
877,Iowa,19171,19,171,19171,Tama,Tama County,06,H1,A,00465274
878,Iowa,19173,19,173,19173,Taylor,Taylor County,06,H1,A,00465275
879,Iowa,19175,19,175,19175,Union,Union County,06,H1,A,00465276
880,Iowa,19177,19,177,19177,Van Buren,Van Buren County,06,H1,A,00465277
881,Iowa,19179,19,179,19179,Wapello,Wapello County,06,H1,A,00465278
882,Iowa,19181,19,181,19181,Warren,Warren County,06,H1,A,00465279
883,Iowa,19183,19,183,19183,Washington,Washington County,06,H1,A,00465280
884,Iowa,19185,19,185,19185,Wayne,Wayne County,06,H1,A,00465281
885,Iowa,19187,19,187,19187,Webster,Webster County,06,H1,A,00465282
886,Iowa,19189,19,189,19189,Winnebago,Winnebago County,06,H1,A,00465283
887,Iowa,19191,19,191,19191,Winneshiek,Winneshiek County,06,H1,A,00465284
888,Iowa,19193,19,193,19193,Woodbury,Woodbury County,06,H1,A,00465285
889,Iowa,19195,19,195,19195,Worth,Worth County,06,H1,A,00465286
890,Iowa,19197,19,197,19197,Wright,Wright County,06,H1,A,00465287
891,Kansas,20001,20,001,20001,Allen,Allen County,06,H1,A,00484970
892,Kansas,20003,20,003,20003,Anderson,Anderson County,06,H1,A,00484971
893,Kansas,20005,20,005,20005,Atchison,Atchison County,06,H1,A,00484972
894,Kansas,20007,20,007,20007,Barber,Barber County,06,H1,A,00484973
895,Kansas,20009,20,009,20009,Barton,Barton County,06,H1,A,00484974
896,Kansas,20011,20,011,20011,Bourbon,Bourbon County,06,H1,A,00484975
897,Kansas,20013,20,013,20013,Brown,Brown County,06,H1,A,00484976
898,Kansas,20015,20,015,20015,Butler,Butler County,06,H1,A,00484977
899,Kansas,20017,20,017,20017,Chase,Chase County,06,H1,A,00484978
900,Kansas,20019,20,019,20019,Chautauqua,Chautauqua County,06,H1,A,00484979
901,Kansas,20021,20,021,20021,Cherokee,Cherokee County,06,H1,A,00484980
902,Kansas,20023,20,023,20023,Cheyenne,Cheyenne County,06,H1,A,00484981
903,Kansas,20025,20,025,20025,Clark,Clark County,06,H1,A,00484982
904,Kansas,20027,20,027,20027,Clay,Clay County,06,H1,A,00484983
905,Kansas,20029,20,029,20029,Cloud,Cloud County,06,H1,A,00484984
906,Kansas,20031,20,031,20031,Coffey,Coffey County,06,H1,A,00484985
907,Kansas,20033,20,033,20033,Comanche,Comanche County,06,H1,A,00484986
908,Kansas,20035,20,035,20035,Cowley,Cowley County,06,H1,A,00484987
909,Kansas,20037,20,037,20037,Crawford,Crawford County,06,H1,A,00484988
910,Kansas,20039,20,039,20039,Decatur,Decatur County,06,H1,A,00484989
911,Kansas,20041,20,041,20041,Dickinson,Dickinson County,06,H1,A,00484990
912,Kansas,20043,20,043,20043,Doniphan,Doniphan County,06,H1,A,00484991
913,Kansas,20045,20,045,20045,Douglas,Douglas County,06,H1,A,00484992
914,Kansas,20047,20,047,20047,Edwards,Edwards County,06,H1,A,00484993
915,Kansas,20049,20,049,20049,Elk,Elk County,06,H1,A,00484994
916,Kansas,20051,20,051,20051,Ellis,Ellis County,06,H1,A,00484995
917,Kansas,20053,20,053,20053,Ellsworth,Ellsworth County,06,H1,A,00484996
918,Kansas,20055,20,055,20055,Finney,Finney County,06,H1,A,00485326
919,Kansas,20057,20,057,20057,Ford,Ford County,06,H1,A,00484997
920,Kansas,20059,20,059,20059,Franklin,Franklin County,06,H1,A,00484998
921,Kansas,20061,20,061,20061,Geary,Geary County,06,H1,A,00484999
922,Kansas,20063,20,063,20063,Gove,Gove County,06,H1,A,00485000
923,Kansas,20065,20,065,20065,Graham,Graham County,06,H1,A,00481811
924,Kansas,20067,20,067,20067,Grant,Grant County,06,H1,A,00485099
925,Kansas,20069,20,069,20069,Gray,Gray County,06,H1,A,00485001
926,Kansas,20071,20,071,20071,Greeley,Greeley County,06,H6,C,00485002
927,Kansas,20073,20,073,20073,Greenwood,Greenwood County,06,H1,A,00485003
928,Kansas,20075,20,075,20075,Hamilton,Hamilton County,06,H1,A,00485327
929,Kansas,20077,20,077,20077,Harper,Harper County,06,H1,A,00485004
930,Kansas,20079,20,079,20079,Harvey,Harvey County,06,H1,A,00485005
931,Kansas,20081,20,081,20081,Haskell,Haskell County,06,H1,A,00485328
932,Kansas,20083,20,083,20083,Hodgeman,Hodgeman County,06,H1,A,00485006
933,Kansas,20085,20,085,20085,Jackson,Jackson County,06,H1,A,00485007
934,Kansas,20087,20,087,20087,Jefferson,Jefferson County,06,H1,A,00485008
935,Kansas,20089,20,089,20089,Jewell,Jewell County,06,H1,A,00485009
936,Kansas,20091,20,091,20091,Johnson,Johnson County,06,H1,A,00485010
937,Kansas,20093,20,093,20093,Kearny,Kearny County,06,H1,A,00485011
938,Kansas,20095,20,095,20095,Kingman,Kingman County,06,H1,A,00485012
939,Kansas,20097,20,097,20097,Kiowa,Kiowa County,06,H1,A,00485013
940,Kansas,20099,20,099,20099,Labette,Labette County,06,H1,A,00485014
941,Kansas,20101,20,101,20101,Lane,Lane County,06,H1,A,00485015
942,Kansas,20103,20,103,20103,Leavenworth,Leavenworth County,06,H1,A,00485016
943,Kansas,20105,20,105,20105,Lincoln,Lincoln County,06,H1,A,00485017
944,Kansas,20107,20,107,20107,Linn,Linn County,06,H1,A,00485018
945,Kansas,20109,20,109,20109,Logan,Logan County,06,H1,A,00485019
946,Kansas,20111,20,111,20111,Lyon,Lyon County,06,H1,A,00485020
947,Kansas,20113,20,113,20113,McPherson,McPherson County,06,H1,A,00485021
948,Kansas,20115,20,115,20115,Marion,Marion County,06,H1,A,00485022
949,Kansas,20117,20,117,20117,Marshall,Marshall County,06,H1,A,00485023
950,Kansas,20119,20,119,20119,Meade,Meade County,06,H1,A,00485024
951,Kansas,20121,20,121,20121,Miami,Miami County,06,H1,A,00485025
952,Kansas,20123,20,123,20123,Mitchell,Mitchell County,06,H1,A,00485026
953,Kansas,20125,20,125,20125,Montgomery,Montgomery County,06,H1,A,00485027
954,Kansas,20127,20,127,20127,Morris,Morris County,06,H1,A,00485028
955,Kansas,20129,20,129,20129,Morton,Morton County,06,H1,A,00485135
956,Kansas,20131,20,131,20131,Nemaha,Nemaha County,06,H1,A,00485029
957,Kansas,20133,20,133,20133,Neosho,Neosho County,06,H1,A,00485030
958,Kansas,20135,20,135,20135,Ness,Ness County,06,H1,A,00485031
959,Kansas,20137,20,137,20137,Norton,Norton County,06,H1,A,00485032
960,Kansas,20139,20,139,20139,Osage,Osage County,06,H1,A,00485033
961,Kansas,20141,20,141,20141,Osborne,Osborne County,06,H1,A,00485034
962,Kansas,20143,20,143,20143,Ottawa,Ottawa County,06,H1,A,00485035
963,Kansas,20145,20,145,20145,Pawnee,Pawnee County,06,H1,A,00485036
964,Kansas,20147,20,147,20147,Phillips,Phillips County,06,H1,A,00485037
965,Kansas,20149,20,149,20149,Pottawatomie,Pottawatomie County,06,H1,A,00485038
966,Kansas,20151,20,151,20151,Pratt,Pratt County,06,H1,A,00485039
967,Kansas,20153,20,153,20153,Rawlins,Rawlins County,06,H1,A,00485040
968,Kansas,20155,20,155,20155,Reno,Reno County,06,H1,A,00485041
969,Kansas,20157,20,157,20157,Republic,Republic County,06,H1,A,00485042
970,Kansas,20159,20,159,20159,Rice,Rice County,06,H1,A,00485043
971,Kansas,20161,20,161,20161,Riley,Riley County,06,H1,A,00485044
972,Kansas,20163,20,163,20163,Rooks,Rooks County,06,H1,A,00485045
973,Kansas,20165,20,165,20165,Rush,Rush County,06,H1,A,00485358
974,Kansas,20167,20,167,20167,Russell,Russell County,06,H1,A,00485046
975,Kansas,20169,20,169,20169,Saline,Saline County,06,H1,A,00485047
976,Kansas,20171,20,171,20171,Scott,Scott County,06,H1,A,00485048
977,Kansas,20173,20,173,20173,Sedgwick,Sedgwick County,06,H1,A,00485049
978,Kansas,20175,20,175,20175,Seward,Seward County,06,H1,A,00485050
979,Kansas,20177,20,177,20177,Shawnee,Shawnee County,06,H1,A,00485051
980,Kansas,20179,20,179,20179,Sheridan,Sheridan County,06,H1,A,00485052
981,Kansas,20181,20,181,20181,Sherman,Sherman County,06,H1,A,00485053
982,Kansas,20183,20,183,20183,Smith,Smith County,06,H1,A,00484969
983,Kansas,20185,20,185,20185,Stafford,Stafford County,06,H1,A,00485054
984,Kansas,20187,20,187,20187,Stanton,Stanton County,06,H1,A,00485055
985,Kansas,20189,20,189,20189,Stevens,Stevens County,06,H1,A,00485056
986,Kansas,20191,20,191,20191,Sumner,Sumner County,06,H1,A,00481812
987,Kansas,20193,20,193,20193,Thomas,Thomas County,06,H1,A,00485057
988,Kansas,20195,20,195,20195,Trego,Trego County,06,H1,A,00485058
989,Kansas,20197,20,197,20197,Wabaunsee,Wabaunsee County,06,H1,A,00485059
990,Kansas,20199,20,199,20199,Wallace,Wallace County,06,H1,A,00485060
991,Kansas,20201,20,201,20201,Washington,Washington County,06,H1,A,00485061
992,Kansas,20203,20,203,20203,Wichita,Wichita County,06,H1,A,00485062
993,Kansas,20205,20,205,20205,Wilson,Wilson County,06,H1,A,00485063
994,Kansas,20207,20,207,20207,Woodson,Woodson County,06,H1,A,00485064
995,Kansas,20209,20,209,20209,Wyandotte,Wyandotte County,06,H6,C,00485065
996,Kentucky,21001,21,001,21001,Adair,Adair County,06,H1,A,00516847
997,Kentucky,21003,21,003,21003,Allen,Allen County,06,H1,A,00516848
998,Kentucky,21005,21,005,21005,Anderson,Anderson County,06,H1,A,00516849
999,Kentucky,21007,21,007,21007,Ballard,Ballard County,06,H1,A,00516850
1000,Kentucky,21009,21,009,21009,Barren,Barren County,06,H1,A,00516851
1001,Kentucky,21011,21,011,21011,Bath,Bath County,06,H1,A,00516852
1002,Kentucky,21013,21,013,21013,Bell,Bell County,06,H1,A,00516853
1003,Kentucky,21015,21,015,21015,Boone,Boone County,06,H1,A,00516854
1004,Kentucky,21017,21,017,21017,Bourbon,Bourbon County,06,H1,A,00516855
1005,Kentucky,21019,21,019,21019,Boyd,Boyd County,06,H1,A,00516856
1006,Kentucky,21021,21,021,21021,Boyle,Boyle County,06,H1,A,00516857
1007,Kentucky,21023,21,023,21023,Bracken,Bracken County,06,H1,A,00516858
1008,Kentucky,21025,21,025,21025,Breathitt,Breathitt County,06,H1,A,00516859
1009,Kentucky,21027,21,027,21027,Breckinridge,Breckinridge County,06,H1,A,00516860
1010,Kentucky,21029,21,029,21029,Bullitt,Bullitt County,06,H1,A,00516861
1011,Kentucky,21031,21,031,21031,Butler,Butler County,06,H1,A,00516862
1012,Kentucky,21033,21,033,21033,Caldwell,Caldwell County,06,H1,A,00516863
1013,Kentucky,21035,21,035,21035,Calloway,Calloway County,06,H1,A,00516864
1014,Kentucky,21037,21,037,21037,Campbell,Campbell County,06,H1,A,00516865
1015,Kentucky,21039,21,039,21039,Carlisle,Carlisle County,06,H1,A,00516866
1016,Kentucky,21041,21,041,21041,Carroll,Carroll County,06,H1,A,00516867
1017,Kentucky,21043,21,043,21043,Carter,Carter County,06,H1,A,00516868
1018,Kentucky,21045,21,045,21045,Casey,Casey County,06,H1,A,00516869
1019,Kentucky,21047,21,047,21047,Christian,Christian County,06,H1,A,00516870
1020,Kentucky,21049,21,049,21049,Clark,Clark County,06,H1,A,00516871
1021,Kentucky,21051,21,051,21051,Clay,Clay County,06,H1,A,00516872
1022,Kentucky,21053,21,053,21053,Clinton,Clinton County,06,H1,A,00516873
1023,Kentucky,21055,21,055,21055,Crittenden,Crittenden County,06,H1,A,00516874
1024,Kentucky,21057,21,057,21057,Cumberland,Cumberland County,06,H1,A,00516875
1025,Kentucky,21059,21,059,21059,Daviess,Daviess County,06,H1,A,00516876
1026,Kentucky,21061,21,061,21061,Edmonson,Edmonson County,06,H1,A,00516877
1027,Kentucky,21063,21,063,21063,Elliott,Elliott County,06,H1,A,00516878
1028,Kentucky,21065,21,065,21065,Estill,Estill County,06,H1,A,00516879
1029,Kentucky,21067,21,067,21067,Fayette,Fayette County,06,H6,C,00516880
1030,Kentucky,21069,21,069,21069,Fleming,Fleming County,06,H1,A,00516881
1031,Kentucky,21071,21,071,21071,Floyd,Floyd County,06,H1,A,00516882
1032,Kentucky,21073,21,073,21073,Franklin,Franklin County,06,H1,A,00516883
1033,Kentucky,21075,21,075,21075,Fulton,Fulton County,06,H1,A,00516884
1034,Kentucky,21077,21,077,21077,Gallatin,Gallatin County,06,H1,A,00516885
1035,Kentucky,21079,21,079,21079,Garrard,Garrard County,06,H1,A,00516886
1036,Kentucky,21081,21,081,21081,Grant,Grant County,06,H1,A,00516887
1037,Kentucky,21083,21,083,21083,Graves,Graves County,06,H1,A,00516888
1038,Kentucky,21085,21,085,21085,Grayson,Grayson County,06,H1,A,00516889
1039,Kentucky,21087,21,087,21087,Green,Green County,06,H1,A,00516890
1040,Kentucky,21089,21,089,21089,Greenup,Greenup County,06,H1,A,00516891
1041,Kentucky,21091,21,091,21091,Hancock,Hancock County,06,H1,A,00516892
1042,Kentucky,21093,21,093,21093,Hardin,Hardin County,06,H1,A,00516893
1043,Kentucky,21095,21,095,21095,Harlan,Harlan County,06,H1,A,00516894
1044,Kentucky,21097,21,097,21097,Harrison,Harrison County,06,H1,A,00516895
1045,Kentucky,21099,21,099,21099,Hart,Hart County,06,H1,A,00516896
1046,Kentucky,21101,21,101,21101,Henderson,Henderson County,06,H1,A,00516897
1047,Kentucky,21103,21,103,21103,Henry,Henry County,06,H1,A,00516898
1048,Kentucky,21105,21,105,21105,Hickman,Hickman County,06,H1,A,00516899
1049,Kentucky,21107,21,107,21107,Hopkins,Hopkins County,06,H1,A,00516900
1050,Kentucky,21109,21,109,21109,Jackson,Jackson County,06,H1,A,00516901
1051,Kentucky,21111,21,111,21111,Jefferson,Jefferson County,06,H6,C,00516902
1052,Kentucky,21113,21,113,21113,Jessamine,Jessamine County,06,H1,A,00516903
1053,Kentucky,21115,21,115,21115,Johnson,Johnson County,06,H1,A,00516904
1054,Kentucky,21117,21,117,21117,Kenton,Kenton County,06,H1,A,00516905
1055,Kentucky,21119,21,119,21119,Knott,Knott County,06,H1,A,00516906
1056,Kentucky,21121,21,121,21121,Knox,Knox County,06,H1,A,00516907
1057,Kentucky,21123,21,123,21123,Larue,Larue County,06,H1,A,00516908
1058,Kentucky,21125,21,125,21125,Laurel,Laurel County,06,H1,A,00516909
1059,Kentucky,21127,21,127,21127,Lawrence,Lawrence County,06,H1,A,00516910
1060,Kentucky,21129,21,129,21129,Lee,Lee County,06,H1,A,00516911
1061,Kentucky,21131,21,131,21131,Leslie,Leslie County,06,H1,A,00516912
1062,Kentucky,21133,21,133,21133,Letcher,Letcher County,06,H1,A,00516913
1063,Kentucky,21135,21,135,21135,Lewis,Lewis County,06,H1,A,00516914
1064,Kentucky,21137,21,137,21137,Lincoln,Lincoln County,06,H1,A,00516915
1065,Kentucky,21139,21,139,21139,Livingston,Livingston County,06,H1,A,00516916
1066,Kentucky,21141,21,141,21141,Logan,Logan County,06,H1,A,00516917
1067,Kentucky,21143,21,143,21143,Lyon,Lyon County,06,H1,A,00516918
1068,Kentucky,21145,21,145,21145,McCracken,McCracken County,06,H1,A,00516925
1069,Kentucky,21147,21,147,21147,McCreary,McCreary County,06,H1,A,00516926
1070,Kentucky,21149,21,149,21149,McLean,McLean County,06,H1,A,00516927
1071,Kentucky,21151,21,151,21151,Madison,Madison County,06,H1,A,00516919
1072,Kentucky,21153,21,153,21153,Magoffin,Magoffin County,06,H1,A,00516920
1073,Kentucky,21155,21,155,21155,Marion,Marion County,06,H1,A,00516921
1074,Kentucky,21157,21,157,21157,Marshall,Marshall County,06,H1,A,00516922
1075,Kentucky,21159,21,159,21159,Martin,Martin County,06,H1,A,00516923
1076,Kentucky,21161,21,161,21161,Mason,Mason County,06,H1,A,00516924
1077,Kentucky,21163,21,163,21163,Meade,Meade County,06,H1,A,00516928
1078,Kentucky,21165,21,165,21165,Menifee,Menifee County,06,H1,A,00516929
1079,Kentucky,21167,21,167,21167,Mercer,Mercer County,06,H1,A,00516930
1080,Kentucky,21169,21,169,21169,Metcalfe,Metcalfe County,06,H1,A,00516931
1081,Kentucky,21171,21,171,21171,Monroe,Monroe County,06,H1,A,00516932
1082,Kentucky,21173,21,173,21173,Montgomery,Montgomery County,06,H1,A,00516933
1083,Kentucky,21175,21,175,21175,Morgan,Morgan County,06,H1,A,00516934
1084,Kentucky,21177,21,177,21177,Muhlenberg,Muhlenberg County,06,H1,A,00516935
1085,Kentucky,21179,21,179,21179,Nelson,Nelson County,06,H1,A,00516936
1086,Kentucky,21181,21,181,21181,Nicholas,Nicholas County,06,H1,A,00516937
1087,Kentucky,21183,21,183,21183,Ohio,Ohio County,06,H1,A,00516938
1088,Kentucky,21185,21,185,21185,Oldham,Oldham County,06,H1,A,00516939
1089,Kentucky,21187,21,187,21187,Owen,Owen County,06,H1,A,00516940
1090,Kentucky,21189,21,189,21189,Owsley,Owsley County,06,H1,A,00516941
1091,Kentucky,21191,21,191,21191,Pendleton,Pendleton County,06,H1,A,00516942
1092,Kentucky,21193,21,193,21193,Perry,Perry County,06,H1,A,00516943
1093,Kentucky,21195,21,195,21195,Pike,Pike County,06,H1,A,00516944
1094,Kentucky,21197,21,197,21197,Powell,Powell County,06,H1,A,00516945
1095,Kentucky,21199,21,199,21199,Pulaski,Pulaski County,06,H1,A,00516946
1096,Kentucky,21201,21,201,21201,Robertson,Robertson County,06,H1,A,00516947
1097,Kentucky,21203,21,203,21203,Rockcastle,Rockcastle County,06,H1,A,00516948
1098,Kentucky,21205,21,205,21205,Rowan,Rowan County,06,H1,A,00516949
1099,Kentucky,21207,21,207,21207,Russell,Russell County,06,H1,A,00516950
1100,Kentucky,21209,21,209,21209,Scott,Scott County,06,H1,A,00516951
1101,Kentucky,21211,21,211,21211,Shelby,Shelby County,06,H1,A,00516952
1102,Kentucky,21213,21,213,21213,Simpson,Simpson County,06,H1,A,00516953
1103,Kentucky,21215,21,215,21215,Spencer,Spencer County,06,H1,A,00516954
1104,Kentucky,21217,21,217,21217,Taylor,Taylor County,06,H1,A,00516955
1105,Kentucky,21219,21,219,21219,Todd,Todd County,06,H1,A,00516956
1106,Kentucky,21221,21,221,21221,Trigg,Trigg County,06,H1,A,00516957
1107,Kentucky,21223,21,223,21223,Trimble,Trimble County,06,H1,A,00516958
1108,Kentucky,21225,21,225,21225,Union,Union County,06,H1,A,00516959
1109,Kentucky,21227,21,227,21227,Warren,Warren County,06,H1,A,00516960
1110,Kentucky,21229,21,229,21229,Washington,Washington County,06,H1,A,00516961
1111,Kentucky,21231,21,231,21231,Wayne,Wayne County,06,H1,A,00516962
1112,Kentucky,21233,21,233,21233,Webster,Webster County,06,H1,A,00516963
1113,Kentucky,21235,21,235,21235,Whitley,Whitley County,06,H1,A,00516964
1114,Kentucky,21237,21,237,21237,Wolfe,Wolfe County,06,H1,A,00516965
1115,Kentucky,21239,21,239,21239,Woodford,Woodford County,06,H1,A,00516966
1116,Louisiana,22001,22,001,22001,Acadia,Acadia Parish,15,H1,A,00558389
1117,Louisiana,22003,22,003,22003,Allen,Allen Parish,15,H1,A,00558397
1118,Louisiana,22005,22,005,22005,Ascension,Ascension Parish,15,H1,A,00558403
1119,Louisiana,22007,22,007,22007,Assumption,Assumption Parish,15,H1,A,00558414
1120,Louisiana,22009,22,009,22009,Avoyelles,Avoyelles Parish,15,H1,A,00558424
1121,Louisiana,22011,22,011,22011,Beauregard,Beauregard Parish,15,H1,A,00558436
1122,Louisiana,22013,22,013,22013,Bienville,Bienville Parish,15,H1,A,00558445
1123,Louisiana,22015,22,015,22015,Bossier,Bossier Parish,15,H1,A,00558453
1124,Louisiana,22017,22,017,22017,Caddo,Caddo Parish,15,H1,A,00558458
1125,Louisiana,22019,22,019,22019,Calcasieu,Calcasieu Parish,15,H1,A,00558468
1126,Louisiana,22021,22,021,22021,Caldwell,Caldwell Parish,15,H1,A,00558477
1127,Louisiana,22023,22,023,22023,Cameron,Cameron Parish,15,H1,A,00558488
1128,Louisiana,22025,22,025,22025,Catahoula,Catahoula Parish,15,H1,A,00558495
1129,Louisiana,22027,22,027,22027,Claiborne,Claiborne Parish,15,H1,A,00558505
1130,Louisiana,22029,22,029,22029,Concordia,Concordia Parish,15,H1,A,00558515
1131,Louisiana,22031,22,031,22031,De Soto,De Soto Parish,15,H1,A,00558521
1132,Louisiana,22033,22,033,22033,East Baton Rouge,East Baton Rouge Parish,15,H6,B,00558530
1133,Louisiana,22035,22,035,22035,East Carroll,East Carroll Parish,15,H1,A,00558534
1134,Louisiana,22037,22,037,22037,East Feliciana,East Feliciana Parish,15,H1,A,00558542
1135,Louisiana,22039,22,039,22039,Evangeline,Evangeline Parish,15,H1,A,00558551
1136,Louisiana,22041,22,041,22041,Franklin,Franklin Parish,15,H1,A,00558557
1137,Louisiana,22043,22,043,22043,Grant,Grant Parish,15,H1,A,00558567
1138,Louisiana,22045,22,045,22045,Iberia,Iberia Parish,15,H1,A,00558576
1139,Louisiana,22047,22,047,22047,Iberville,Iberville Parish,15,H1,A,00558582
1140,Louisiana,22049,22,049,22049,Jackson,Jackson Parish,15,H1,A,00558592
1141,Louisiana,22051,22,051,22051,Jefferson,Jefferson Parish,15,H1,A,00558027
1142,Louisiana,22053,22,053,22053,Jefferson Davis,Jefferson Davis Parish,15,H1,A,00558039
1143,Louisiana,22055,22,055,22055,Lafayette,Lafayette Parish,15,H6,B,00558059
1144,Louisiana,22057,22,057,22057,Lafourche,Lafourche Parish,15,H1,A,00558065
1145,Louisiana,22059,22,059,22059,LaSalle,LaSalle Parish,15,H1,A,00558049
1146,Louisiana,22061,22,061,22061,Lincoln,Lincoln Parish,15,H1,A,00558077
1147,Louisiana,22063,22,063,22063,Livingston,Livingston Parish,15,H1,A,00558083
1148,Louisiana,22065,22,065,22065,Madison,Madison Parish,15,H1,A,00558088
1149,Louisiana,22067,22,067,22067,Morehouse,Morehouse Parish,15,H1,A,00558097
1150,Louisiana,22069,22,069,22069,Natchitoches,Natchitoches Parish,15,H1,A,00558108
1151,Louisiana,22071,22,071,22071,Orleans,Orleans Parish,15,H6,C,00558113
1152,Louisiana,22073,22,073,22073,Ouachita,Ouachita Parish,15,H1,A,00558114
1153,Louisiana,22075,22,075,22075,Plaquemines,Plaquemines Parish,15,H1,A,00558125
1154,Louisiana,22077,22,077,22077,Pointe Coupee,Pointe Coupee Parish,15,H1,A,00559449
1155,Louisiana,22079,22,079,22079,Rapides,Rapides Parish,15,H1,A,00559460
1156,Louisiana,22081,22,081,22081,Red River,Red River Parish,15,H1,A,00559472
1157,Louisiana,22083,22,083,22083,Richland,Richland Parish,15,H1,A,00559481
1158,Louisiana,22085,22,085,22085,Sabine,Sabine Parish,15,H1,A,00559489
1159,Louisiana,22087,22,087,22087,St. Bernard,St. Bernard Parish,15,H1,A,01629542
1160,Louisiana,22089,22,089,22089,St. Charles,St. Charles Parish,15,H1,A,01629449
1161,Louisiana,22091,22,091,22091,St. Helena,St. Helena Parish,15,H1,A,01629457
1162,Louisiana,22093,22,093,22093,St. James,St. James Parish,15,H1,A,01629464
1163,Louisiana,22095,22,095,22095,St. John the Baptist,St. John the Baptist Parish,15,H1,A,01629472
1164,Louisiana,22097,22,097,22097,St. Landry,St. Landry Parish,15,H1,A,01629479
1165,Louisiana,22099,22,099,22099,St. Martin,St. Martin Parish,15,H1,A,01629486
1166,Louisiana,22101,22,101,22101,St. Mary,St. Mary Parish,15,H1,A,01629492
1167,Louisiana,22103,22,103,22103,St. Tammany,St. Tammany Parish,15,H1,A,01629503
1168,Louisiana,22105,22,105,22105,Tangipahoa,Tangipahoa Parish,15,H1,A,00559500
1169,Louisiana,22107,22,107,22107,Tensas,Tensas Parish,15,H1,A,00559509
1170,Louisiana,22109,22,109,22109,Terrebonne,Terrebonne Parish,15,H6,A,00559517
1171,Louisiana,22111,22,111,22111,Union,Union Parish,15,H1,A,00559528
1172,Louisiana,22113,22,113,22113,Vermilion,Vermilion Parish,15,H1,A,00559538
1173,Louisiana,22115,22,115,22115,Vernon,Vernon Parish,15,H1,A,00559548
1174,Louisiana,22117,22,117,22117,Washington,Washington Parish,15,H1,A,00559557
1175,Louisiana,22119,22,119,22119,Webster,Webster Parish,15,H1,A,00559567
1176,Louisiana,22121,22,121,22121,West Baton Rouge,West Baton Rouge Parish,15,H1,A,00559570
1177,Louisiana,22123,22,123,22123,West Carroll,West Carroll Parish,15,H1,A,00559578
1178,Louisiana,22125,22,125,22125,West Feliciana,West Feliciana Parish,15,H1,A,00559584
1179,Louisiana,22127,22,127,22127,Winn,Winn Parish,15,H1,A,00559594
1180,Maine,23001,23,001,23001,Androscoggin,Androscoggin County,06,H1,A,00581286
1181,Maine,23003,23,003,23003,Aroostook,Aroostook County,06,H1,A,00581287
1182,Maine,23005,23,005,23005,Cumberland,Cumberland County,06,H1,A,00581288
1183,Maine,23007,23,007,23007,Franklin,Franklin County,06,H1,A,00581289
1184,Maine,23009,23,009,23009,Hancock,Hancock County,06,H1,A,00581290
1185,Maine,23011,23,011,23011,Kennebec,Kennebec County,06,H1,A,00581291
1186,Maine,23013,23,013,23013,Knox,Knox County,06,H1,A,00581292
1187,Maine,23015,23,015,23015,Lincoln,Lincoln County,06,H1,A,00581293
1188,Maine,23017,23,017,23017,Oxford,Oxford County,06,H1,A,00581294
1189,Maine,23019,23,019,23019,Penobscot,Penobscot County,06,H1,A,00581295
1190,Maine,23021,23,021,23021,Piscataquis,Piscataquis County,06,H1,A,00581296
1191,Maine,23023,23,023,23023,Sagadahoc,Sagadahoc County,06,H1,A,00581297
1192,Maine,23025,23,025,23025,Somerset,Somerset County,06,H1,A,00581298
1193,Maine,23027,23,027,23027,Waldo,Waldo County,06,H1,A,00581299
1194,Maine,23029,23,029,23029,Washington,Washington County,06,H1,A,00581300
1195,Maine,23031,23,031,23031,York,York County,06,H1,A,00581301
1196,Maryland,24001,24,001,24001,Allegany,Allegany County,06,H1,A,01713506
1197,Maryland,24003,24,003,24003,Anne Arundel,Anne Arundel County,06,H1,A,01710958
1198,Maryland,24005,24,005,24005,Baltimore,Baltimore County,06,H1,A,01695314
1199,Maryland,24009,24,009,24009,Calvert,Calvert County,06,H1,A,01676636
1200,Maryland,24011,24,011,24011,Caroline,Caroline County,06,H1,A,00595737
1201,Maryland,24013,24,013,24013,Carroll,Carroll County,06,H1,A,01696228
1202,Maryland,24015,24,015,24015,Cecil,Cecil County,06,H1,A,00596115
1203,Maryland,24017,24,017,24017,Charles,Charles County,06,H1,A,01676992
1204,Maryland,24019,24,019,24019,Dorchester,Dorchester County,06,H1,A,00596495
1205,Maryland,24021,24,021,24021,Frederick,Frederick County,06,H1,A,01711211
1206,Maryland,24023,24,023,24023,Garrett,Garrett County,06,H1,A,01711058
1207,Maryland,24025,24,025,24025,Harford,Harford County,06,H1,A,01698178
1208,Maryland,24027,24,027,24027,Howard,Howard County,06,H1,A,01709077
1209,Maryland,24029,24,029,24029,Kent,Kent County,06,H1,A,00593907
1210,Maryland,24031,24,031,24031,Montgomery,Montgomery County,06,H1,A,01712500
1211,Maryland,24033,24,033,24033,Prince George's,Prince George's County,06,H1,A,01714670
1212,Maryland,24035,24,035,24035,Queen Anne's,Queen Anne's County,06,H1,A,00596089
1213,Maryland,24037,24,037,24037,St. Mary's,St. Mary's County,06,H1,A,01697853
1214,Maryland,24039,24,039,24039,Somerset,Somerset County,06,H1,A,00596907
1215,Maryland,24041,24,041,24041,Talbot,Talbot County,06,H1,A,00592947
1216,Maryland,24043,24,043,24043,Washington,Washington County,06,H1,A,01714220
1217,Maryland,24045,24,045,24045,Wicomico,Wicomico County,06,H1,A,01668606
1218,Maryland,24047,24,047,24047,Worcester,Worcester County,06,H1,A,01668802
1219,Maryland,24510,24,510,24510,Baltimore,Baltimore city,25,C7,F,01702381
1220,Massachusetts,25001,25,001,25001,Barnstable,Barnstable County,06,H1,A,00606927
1221,Massachusetts,25003,25,003,25003,Berkshire,Berkshire County,06,H4,N,00606928
1222,Massachusetts,25005,25,005,25005,Bristol,Bristol County,06,H1,A,00606929
1223,Massachusetts,25007,25,007,25007,Dukes,Dukes County,06,H1,A,00606930
1224,Massachusetts,25009,25,009,25009,Essex,Essex County,06,H4,N,00606931
1225,Massachusetts,25011,25,011,25011,Franklin,Franklin County,06,H4,N,00606932
1226,Massachusetts,25013,25,013,25013,Hampden,Hampden County,06,H4,N,00606933
1227,Massachusetts,25015,25,015,25015,Hampshire,Hampshire County,06,H4,N,00606934
1228,Massachusetts,25017,25,017,25017,Middlesex,Middlesex County,06,H4,N,00606935
1229,Massachusetts,25019,25,019,25019,Nantucket,Nantucket County,06,H4,N,00606936
1230,Massachusetts,25021,25,021,25021,Norfolk,Norfolk County,06,H1,A,00606937
1231,Massachusetts,25023,25,023,25023,Plymouth,Plymouth County,06,H1,A,00606938
1232,Massachusetts,25025,25,025,25025,Suffolk,Suffolk County,06,H4,N,00606939
1233,Massachusetts,25027,25,027,25027,Worcester,Worcester County,06,H4,N,00606940
1234,Michigan,26001,26,001,26001,Alcona,Alcona County,06,H1,A,01622943
1235,Michigan,26003,26,003,26003,Alger,Alger County,06,H1,A,01622944
1236,Michigan,26005,26,005,26005,Allegan,Allegan County,06,H1,A,01622945
1237,Michigan,26007,26,007,26007,Alpena,Alpena County,06,H1,A,01622946
1238,Michigan,26009,26,009,26009,Antrim,Antrim County,06,H1,A,01622947
1239,Michigan,26011,26,011,26011,Arenac,Arenac County,06,H1,A,01622948
1240,Michigan,26013,26,013,26013,Baraga,Baraga County,06,H1,A,01622949
1241,Michigan,26015,26,015,26015,Barry,Barry County,06,H1,A,01622950
1242,Michigan,26017,26,017,26017,Bay,Bay County,06,H1,A,01622951
1243,Michigan,26019,26,019,26019,Benzie,Benzie County,06,H1,A,01622952
1244,Michigan,26021,26,021,26021,Berrien,Berrien County,06,H1,A,01622953
1245,Michigan,26023,26,023,26023,Branch,Branch County,06,H1,A,01622954
1246,Michigan,26025,26,025,26025,Calhoun,Calhoun County,06,H1,A,01622955
1247,Michigan,26027,26,027,26027,Cass,Cass County,06,H1,A,01622956
1248,Michigan,26029,26,029,26029,Charlevoix,Charlevoix County,06,H1,A,01622957
1249,Michigan,26031,26,031,26031,Cheboygan,Cheboygan County,06,H1,A,01622958
1250,Michigan,26033,26,033,26033,Chippewa,Chippewa County,06,H1,A,01622959
1251,Michigan,26035,26,035,26035,Clare,Clare County,06,H1,A,01622960
1252,Michigan,26037,26,037,26037,Clinton,Clinton County,06,H1,A,01622961
1253,Michigan,26039,26,039,26039,Crawford,Crawford County,06,H1,A,01622962
1254,Michigan,26041,26,041,26041,Delta,Delta County,06,H1,A,01622963
1255,Michigan,26043,26,043,26043,Dickinson,Dickinson County,06,H1,A,01622964
1256,Michigan,26045,26,045,26045,Eaton,Eaton County,06,H1,A,01622965
1257,Michigan,26047,26,047,26047,Emmet,Emmet County,06,H1,A,01622966
1258,Michigan,26049,26,049,26049,Genesee,Genesee County,06,H1,A,01622967
1259,Michigan,26051,26,051,26051,Gladwin,Gladwin County,06,H1,A,01622968
1260,Michigan,26053,26,053,26053,Gogebic,Gogebic County,06,H1,A,01622969
1261,Michigan,26055,26,055,26055,Grand Traverse,Grand Traverse County,06,H1,A,01622970
1262,Michigan,26057,26,057,26057,Gratiot,Gratiot County,06,H1,A,01622971
1263,Michigan,26059,26,059,26059,Hillsdale,Hillsdale County,06,H1,A,01622972
1264,Michigan,26061,26,061,26061,Houghton,Houghton County,06,H1,A,01622973
1265,Michigan,26063,26,063,26063,Huron,Huron County,06,H1,A,01622974
1266,Michigan,26065,26,065,26065,Ingham,Ingham County,06,H1,A,01622975
1267,Michigan,26067,26,067,26067,Ionia,Ionia County,06,H1,A,01622976
1268,Michigan,26069,26,069,26069,Iosco,Iosco County,06,H1,A,01622977
1269,Michigan,26071,26,071,26071,Iron,Iron County,06,H1,A,01622978
1270,Michigan,26073,26,073,26073,Isabella,Isabella County,06,H1,A,01622979
1271,Michigan,26075,26,075,26075,Jackson,Jackson County,06,H1,A,01622980
1272,Michigan,26077,26,077,26077,Kalamazoo,Kalamazoo County,06,H1,A,01622981
1273,Michigan,26079,26,079,26079,Kalkaska,Kalkaska County,06,H1,A,01622982
1274,Michigan,26081,26,081,26081,Kent,Kent County,06,H1,A,01622983
1275,Michigan,26083,26,083,26083,Keweenaw,Keweenaw County,06,H1,A,01622984
1276,Michigan,26085,26,085,26085,Lake,Lake County,06,H1,A,01622985
1277,Michigan,26087,26,087,26087,Lapeer,Lapeer County,06,H1,A,01622986
1278,Michigan,26089,26,089,26089,Leelanau,Leelanau County,06,H1,A,01622987
1279,Michigan,26091,26,091,26091,Lenawee,Lenawee County,06,H1,A,01622988
1280,Michigan,26093,26,093,26093,Livingston,Livingston County,06,H1,A,01622989
1281,Michigan,26095,26,095,26095,Luce,Luce County,06,H1,A,01622990
1282,Michigan,26097,26,097,26097,Mackinac,Mackinac County,06,H1,A,01622991
1283,Michigan,26099,26,099,26099,Macomb,Macomb County,06,H1,A,01622992
1284,Michigan,26101,26,101,26101,Manistee,Manistee County,06,H1,A,01622993
1285,Michigan,26103,26,103,26103,Marquette,Marquette County,06,H1,A,01622994
1286,Michigan,26105,26,105,26105,Mason,Mason County,06,H1,A,01622995
1287,Michigan,26107,26,107,26107,Mecosta,Mecosta County,06,H1,A,01622996
1288,Michigan,26109,26,109,26109,Menominee,Menominee County,06,H1,A,01622997
1289,Michigan,26111,26,111,26111,Midland,Midland County,06,H1,A,01622998
1290,Michigan,26113,26,113,26113,Missaukee,Missaukee County,06,H1,A,01622999
1291,Michigan,26115,26,115,26115,Monroe,Monroe County,06,H1,A,01623000
1292,Michigan,26117,26,117,26117,Montcalm,Montcalm County,06,H1,A,01623001
1293,Michigan,26119,26,119,26119,Montmorency,Montmorency County,06,H1,A,01623002
1294,Michigan,26121,26,121,26121,Muskegon,Muskegon County,06,H1,A,01623003
1295,Michigan,26123,26,123,26123,Newaygo,Newaygo County,06,H1,A,01623004
1296,Michigan,26125,26,125,26125,Oakland,Oakland County,06,H1,A,01623005
1297,Michigan,26127,26,127,26127,Oceana,Oceana County,06,H1,A,01623006
1298,Michigan,26129,26,129,26129,Ogemaw,Ogemaw County,06,H1,A,01623007
1299,Michigan,26131,26,131,26131,Ontonagon,Ontonagon County,06,H1,A,01623008
1300,Michigan,26133,26,133,26133,Osceola,Osceola County,06,H1,A,01623009
1301,Michigan,26135,26,135,26135,Oscoda,Oscoda County,06,H1,A,01623010
1302,Michigan,26137,26,137,26137,Otsego,Otsego County,06,H1,A,01623011
1303,Michigan,26139,26,139,26139,Ottawa,Ottawa County,06,H1,A,01623012
1304,Michigan,26141,26,141,26141,Presque Isle,Presque Isle County,06,H1,A,01623013
1305,Michigan,26143,26,143,26143,Roscommon,Roscommon County,06,H1,A,01623014
1306,Michigan,26145,26,145,26145,Saginaw,Saginaw County,06,H1,A,01623015
1307,Michigan,26147,26,147,26147,St. Clair,St. Clair County,06,H1,A,01625033
1308,Michigan,26149,26,149,26149,St. Joseph,St. Joseph County,06,H1,A,01625034
1309,Michigan,26151,26,151,26151,Sanilac,Sanilac County,06,H1,A,01623016
1310,Michigan,26153,26,153,26153,Schoolcraft,Schoolcraft County,06,H1,A,01623017
1311,Michigan,26155,26,155,26155,Shiawassee,Shiawassee County,06,H1,A,01623018
1312,Michigan,26157,26,157,26157,Tuscola,Tuscola County,06,H1,A,01623019
1313,Michigan,26159,26,159,26159,Van Buren,Van Buren County,06,H1,A,01623020
1314,Michigan,26161,26,161,26161,Washtenaw,Washtenaw County,06,H1,A,01623021
1315,Michigan,26163,26,163,26163,Wayne,Wayne County,06,H1,A,01623022
1316,Michigan,26165,26,165,26165,Wexford,Wexford County,06,H1,A,01623023
1317,Minnesota,27001,27,001,27001,Aitkin,Aitkin County,06,H1,A,00663198
1318,Minnesota,27003,27,003,27003,Anoka,Anoka County,06,H1,A,00659447
1319,Minnesota,27005,27,005,27005,Becker,Becker County,06,H1,A,00659448
1320,Minnesota,27007,27,007,27007,Beltrami,Beltrami County,06,H1,A,00659449
1321,Minnesota,27009,27,009,27009,Benton,Benton County,06,H1,A,00659450
1322,Minnesota,27011,27,011,27011,Big Stone,Big Stone County,06,H1,A,00659451
1323,Minnesota,27013,27,013,27013,Blue Earth,Blue Earth County,06,H1,A,00659452
1324,Minnesota,27015,27,015,27015,Brown,Brown County,06,H1,A,00659453
1325,Minnesota,27017,27,017,27017,Carlton,Carlton County,06,H1,A,00659454
1326,Minnesota,27019,27,019,27019,Carver,Carver County,06,H1,A,00659455
1327,Minnesota,27021,27,021,27021,Cass,Cass County,06,H1,A,00659456
1328,Minnesota,27023,27,023,27023,Chippewa,Chippewa County,06,H1,A,00659457
1329,Minnesota,27025,27,025,27025,Chisago,Chisago County,06,H1,A,00659458
1330,Minnesota,27027,27,027,27027,Clay,Clay County,06,H1,A,00659459
1331,Minnesota,27029,27,029,27029,Clearwater,Clearwater County,06,H1,A,00659460
1332,Minnesota,27031,27,031,27031,Cook,Cook County,06,H1,A,00659461
1333,Minnesota,27033,27,033,27033,Cottonwood,Cottonwood County,06,H1,A,00659462
1334,Minnesota,27035,27,035,27035,Crow Wing,Crow Wing County,06,H1,A,00659463
1335,Minnesota,27037,27,037,27037,Dakota,Dakota County,06,H1,A,00659464
1336,Minnesota,27039,27,039,27039,Dodge,Dodge County,06,H1,A,00659465
1337,Minnesota,27041,27,041,27041,Douglas,Douglas County,06,H1,A,00659466
1338,Minnesota,27043,27,043,27043,Faribault,Faribault County,06,H1,A,00659467
1339,Minnesota,27045,27,045,27045,Fillmore,Fillmore County,06,H1,A,00659468
1340,Minnesota,27047,27,047,27047,Freeborn,Freeborn County,06,H1,A,00659469
1341,Minnesota,27049,27,049,27049,Goodhue,Goodhue County,06,H1,A,00659470
1342,Minnesota,27051,27,051,27051,Grant,Grant County,06,H1,A,00659471
1343,Minnesota,27053,27,053,27053,Hennepin,Hennepin County,06,H1,A,00659472
1344,Minnesota,27055,27,055,27055,Houston,Houston County,06,H1,A,00659473
1345,Minnesota,27057,27,057,27057,Hubbard,Hubbard County,06,H1,A,00659474
1346,Minnesota,27059,27,059,27059,Isanti,Isanti County,06,H1,A,00659475
1347,Minnesota,27061,27,061,27061,Itasca,Itasca County,06,H1,A,00659476
1348,Minnesota,27063,27,063,27063,Jackson,Jackson County,06,H1,A,00659477
1349,Minnesota,27065,27,065,27065,Kanabec,Kanabec County,06,H1,A,00659478
1350,Minnesota,27067,27,067,27067,Kandiyohi,Kandiyohi County,06,H1,A,00659479
1351,Minnesota,27069,27,069,27069,Kittson,Kittson County,06,H1,A,00659480
1352,Minnesota,27071,27,071,27071,Koochiching,Koochiching County,06,H1,A,00659481
1353,Minnesota,27073,27,073,27073,Lac qui Parle,Lac qui Parle County,06,H1,A,00659482
1354,Minnesota,27075,27,075,27075,Lake,Lake County,06,H1,A,00659484
1355,Minnesota,27077,27,077,27077,Lake of the Woods,Lake of the Woods County,06,H1,A,00659483
1356,Minnesota,27079,27,079,27079,Le Sueur,Le Sueur County,06,H1,A,00659485
1357,Minnesota,27081,27,081,27081,Lincoln,Lincoln County,06,H1,A,00659486
1358,Minnesota,27083,27,083,27083,Lyon,Lyon County,06,H1,A,00659487
1359,Minnesota,27085,27,085,27085,McLeod,McLeod County,06,H1,A,00659491
1360,Minnesota,27087,27,087,27087,Mahnomen,Mahnomen County,06,H1,A,00659488
1361,Minnesota,27089,27,089,27089,Marshall,Marshall County,06,H1,A,00659489
1362,Minnesota,27091,27,091,27091,Martin,Martin County,06,H1,A,00659490
1363,Minnesota,27093,27,093,27093,Meeker,Meeker County,06,H1,A,00659492
1364,Minnesota,27095,27,095,27095,Mille Lacs,Mille Lacs County,06,H1,A,00659493
1365,Minnesota,27097,27,097,27097,Morrison,Morrison County,06,H1,A,00659494
1366,Minnesota,27099,27,099,27099,Mower,Mower County,06,H1,A,00659495
1367,Minnesota,27101,27,101,27101,Murray,Murray County,06,H1,A,00659496
1368,Minnesota,27103,27,103,27103,Nicollet,Nicollet County,06,H1,A,00659497
1369,Minnesota,27105,27,105,27105,Nobles,Nobles County,06,H1,A,00659498
1370,Minnesota,27107,27,107,27107,Norman,Norman County,06,H1,A,00659499
1371,Minnesota,27109,27,109,27109,Olmsted,Olmsted County,06,H1,A,00659500
1372,Minnesota,27111,27,111,27111,Otter Tail,Otter Tail County,06,H1,A,00659501
1373,Minnesota,27113,27,113,27113,Pennington,Pennington County,06,H1,A,00659502
1374,Minnesota,27115,27,115,27115,Pine,Pine County,06,H1,A,00659503
1375,Minnesota,27117,27,117,27117,Pipestone,Pipestone County,06,H1,A,00659504
1376,Minnesota,27119,27,119,27119,Polk,Polk County,06,H1,A,00659505
1377,Minnesota,27121,27,121,27121,Pope,Pope County,06,H1,A,00659506
1378,Minnesota,27123,27,123,27123,Ramsey,Ramsey County,06,H1,A,00659507
1379,Minnesota,27125,27,125,27125,Red Lake,Red Lake County,06,H1,A,00659508
1380,Minnesota,27127,27,127,27127,Redwood,Redwood County,06,H1,A,00659509
1381,Minnesota,27129,27,129,27129,Renville,Renville County,06,H1,A,00659510
1382,Minnesota,27131,27,131,27131,Rice,Rice County,06,H1,A,00659511
1383,Minnesota,27133,27,133,27133,Rock,Rock County,06,H1,A,00659512
1384,Minnesota,27135,27,135,27135,Roseau,Roseau County,06,H1,A,00659513
1385,Minnesota,27137,27,137,27137,St. Louis,St. Louis County,06,H1,A,00662850
1386,Minnesota,27139,27,139,27139,Scott,Scott County,06,H1,A,00659514
1387,Minnesota,27141,27,141,27141,Sherburne,Sherburne County,06,H1,A,00659515
1388,Minnesota,27143,27,143,27143,Sibley,Sibley County,06,H1,A,00659516
1389,Minnesota,27145,27,145,27145,Stearns,Stearns County,06,H1,A,00659517
1390,Minnesota,27147,27,147,27147,Steele,Steele County,06,H1,A,00659518
1391,Minnesota,27149,27,149,27149,Stevens,Stevens County,06,H1,A,00659519
1392,Minnesota,27151,27,151,27151,Swift,Swift County,06,H1,A,00659520
1393,Minnesota,27153,27,153,27153,Todd,Todd County,06,H1,A,00659521
1394,Minnesota,27155,27,155,27155,Traverse,Traverse County,06,H1,A,00659522
1395,Minnesota,27157,27,157,27157,Wabasha,Wabasha County,06,H1,A,00659523
1396,Minnesota,27159,27,159,27159,Wadena,Wadena County,06,H1,A,00659524
1397,Minnesota,27161,27,161,27161,Waseca,Waseca County,06,H1,A,00659525
1398,Minnesota,27163,27,163,27163,Washington,Washington County,06,H1,A,00659526
1399,Minnesota,27165,27,165,27165,Watonwan,Watonwan County,06,H1,A,00659527
1400,Minnesota,27167,27,167,27167,Wilkin,Wilkin County,06,H1,A,00659528
1401,Minnesota,27169,27,169,27169,Winona,Winona County,06,H1,A,00659529
1402,Minnesota,27171,27,171,27171,Wright,Wright County,06,H1,A,00659530
1403,Minnesota,27173,27,173,27173,Yellow Medicine,Yellow Medicine County,06,H1,A,00659531
1404,Mississippi,28001,28,001,28001,Adams,Adams County,06,H1,A,00695726
1405,Mississippi,28003,28,003,28003,Alcorn,Alcorn County,06,H1,A,00711755
1406,Mississippi,28005,28,005,28005,Amite,Amite County,06,H1,A,00695727
1407,Mississippi,28007,28,007,28007,Attala,Attala County,06,H1,A,00695728
1408,Mississippi,28009,28,009,28009,Benton,Benton County,06,H1,A,00695729
1409,Mississippi,28011,28,011,28011,Bolivar,Bolivar County,06,H1,A,00695730
1410,Mississippi,28013,28,013,28013,Calhoun,Calhoun County,06,H1,A,00695731
1411,Mississippi,28015,28,015,28015,Carroll,Carroll County,06,H1,A,00695732
1412,Mississippi,28017,28,017,28017,Chickasaw,Chickasaw County,06,H1,A,00695733
1413,Mississippi,28019,28,019,28019,Choctaw,Choctaw County,06,H1,A,00695734
1414,Mississippi,28021,28,021,28021,Claiborne,Claiborne County,06,H1,A,00695735
1415,Mississippi,28023,28,023,28023,Clarke,Clarke County,06,H1,A,00695736
1416,Mississippi,28025,28,025,28025,Clay,Clay County,06,H1,A,00695737
1417,Mississippi,28027,28,027,28027,Coahoma,Coahoma County,06,H1,A,00695738
1418,Mississippi,28029,28,029,28029,Copiah,Copiah County,06,H1,A,00695739
1419,Mississippi,28031,28,031,28031,Covington,Covington County,06,H1,A,00695740
1420,Mississippi,28033,28,033,28033,DeSoto,DeSoto County,06,H1,A,00695741
1421,Mississippi,28035,28,035,28035,Forrest,Forrest County,06,H1,A,00695742
1422,Mississippi,28037,28,037,28037,Franklin,Franklin County,06,H1,A,00695743
1423,Mississippi,28039,28,039,28039,George,George County,06,H1,A,00695744
1424,Mississippi,28041,28,041,28041,Greene,Greene County,06,H1,A,00695745
1425,Mississippi,28043,28,043,28043,Grenada,Grenada County,06,H1,A,00695746
1426,Mississippi,28045,28,045,28045,Hancock,Hancock County,06,H1,A,00711756
1427,Mississippi,28047,28,047,28047,Harrison,Harrison County,06,H1,A,00695747
1428,Mississippi,28049,28,049,28049,Hinds,Hinds County,06,H1,A,00695748
1429,Mississippi,28051,28,051,28051,Holmes,Holmes County,06,H1,A,00695749
1430,Mississippi,28053,28,053,28053,Humphreys,Humphreys County,06,H1,A,00695750
1431,Mississippi,28055,28,055,28055,Issaquena,Issaquena County,06,H1,A,00695751
1432,Mississippi,28057,28,057,28057,Itawamba,Itawamba County,06,H1,A,00695752
1433,Mississippi,28059,28,059,28059,Jackson,Jackson County,06,H1,A,00695753
1434,Mississippi,28061,28,061,28061,Jasper,Jasper County,06,H1,A,00695754
1435,Mississippi,28063,28,063,28063,Jefferson,Jefferson County,06,H1,A,00695755
1436,Mississippi,28065,28,065,28065,Jefferson Davis,Jefferson Davis County,06,H1,A,00695756
1437,Mississippi,28067,28,067,28067,Jones,Jones County,06,H1,A,00695757
1438,Mississippi,28069,28,069,28069,Kemper,Kemper County,06,H1,A,00695758
1439,Mississippi,28071,28,071,28071,Lafayette,Lafayette County,06,H1,A,00695759
1440,Mississippi,28073,28,073,28073,Lamar,Lamar County,06,H1,A,00695760
1441,Mississippi,28075,28,075,28075,Lauderdale,Lauderdale County,06,H1,A,00695761
1442,Mississippi,28077,28,077,28077,Lawrence,Lawrence County,06,H1,A,00695762
1443,Mississippi,28079,28,079,28079,Leake,Leake County,06,H1,A,00695763
1444,Mississippi,28081,28,081,28081,Lee,Lee County,06,H1,A,00695764
1445,Mississippi,28083,28,083,28083,Leflore,Leflore County,06,H1,A,00695765
1446,Mississippi,28085,28,085,28085,Lincoln,Lincoln County,06,H1,A,00695766
1447,Mississippi,28087,28,087,28087,Lowndes,Lowndes County,06,H1,A,00695767
1448,Mississippi,28089,28,089,28089,Madison,Madison County,06,H1,A,00695768
1449,Mississippi,28091,28,091,28091,Marion,Marion County,06,H1,A,00695769
1450,Mississippi,28093,28,093,28093,Marshall,Marshall County,06,H1,A,00695770
1451,Mississippi,28095,28,095,28095,Monroe,Monroe County,06,H1,A,00695771
1452,Mississippi,28097,28,097,28097,Montgomery,Montgomery County,06,H1,A,00711757
1453,Mississippi,28099,28,099,28099,Neshoba,Neshoba County,06,H1,A,00695772
1454,Mississippi,28101,28,101,28101,Newton,Newton County,06,H1,A,00695773
1455,Mississippi,28103,28,103,28103,Noxubee,Noxubee County,06,H1,A,00695774
1456,Mississippi,28105,28,105,28105,Oktibbeha,Oktibbeha County,06,H1,A,00695775
1457,Mississippi,28107,28,107,28107,Panola,Panola County,06,H1,A,00695776
1458,Mississippi,28109,28,109,28109,Pearl River,Pearl River County,06,H1,A,00695777
1459,Mississippi,28111,28,111,28111,Perry,Perry County,06,H1,A,00695778
1460,Mississippi,28113,28,113,28113,Pike,Pike County,06,H1,A,00711758
1461,Mississippi,28115,28,115,28115,Pontotoc,Pontotoc County,06,H1,A,00695803
1462,Mississippi,28117,28,117,28117,Prentiss,Prentiss County,06,H1,A,00695779
1463,Mississippi,28119,28,119,28119,Quitman,Quitman County,06,H1,A,00695780
1464,Mississippi,28121,28,121,28121,Rankin,Rankin County,06,H1,A,00695781
1465,Mississippi,28123,28,123,28123,Scott,Scott County,06,H1,A,00695782
1466,Mississippi,28125,28,125,28125,Sharkey,Sharkey County,06,H1,A,00695783
1467,Mississippi,28127,28,127,28127,Simpson,Simpson County,06,H1,A,00695784
1468,Mississippi,28129,28,129,28129,Smith,Smith County,06,H1,A,00695785
1469,Mississippi,28131,28,131,28131,Stone,Stone County,06,H1,A,00695786
1470,Mississippi,28133,28,133,28133,Sunflower,Sunflower County,06,H1,A,00695787
1471,Mississippi,28135,28,135,28135,Tallahatchie,Tallahatchie County,06,H1,A,00695788
1472,Mississippi,28137,28,137,28137,Tate,Tate County,06,H1,A,00695789
1473,Mississippi,28139,28,139,28139,Tippah,Tippah County,06,H1,A,00695790
1474,Mississippi,28141,28,141,28141,Tishomingo,Tishomingo County,06,H1,A,00695791
1475,Mississippi,28143,28,143,28143,Tunica,Tunica County,06,H1,A,00695792
1476,Mississippi,28145,28,145,28145,Union,Union County,06,H1,A,00695793
1477,Mississippi,28147,28,147,28147,Walthall,Walthall County,06,H1,A,00695794
1478,Mississippi,28149,28,149,28149,Warren,Warren County,06,H1,A,00695795
1479,Mississippi,28151,28,151,28151,Washington,Washington County,06,H1,A,00695796
1480,Mississippi,28153,28,153,28153,Wayne,Wayne County,06,H1,A,00695797
1481,Mississippi,28155,28,155,28155,Webster,Webster County,06,H1,A,00695798
1482,Mississippi,28157,28,157,28157,Wilkinson,Wilkinson County,06,H1,A,00695799
1483,Mississippi,28159,28,159,28159,Winston,Winston County,06,H1,A,00695800
1484,Mississippi,28161,28,161,28161,Yalobusha,Yalobusha County,06,H1,A,00695801
1485,Mississippi,28163,28,163,28163,Yazoo,Yazoo County,06,H1,A,00695802
1486,Missouri,29001,29,001,29001,Adair,Adair County,06,H1,A,00765805
1487,Missouri,29003,29,003,29003,Andrew,Andrew County,06,H1,A,00758456
1488,Missouri,29005,29,005,29005,Atchison,Atchison County,06,H1,A,00758457
1489,Missouri,29007,29,007,29007,Audrain,Audrain County,06,H1,A,00758458
1490,Missouri,29009,29,009,29009,Barry,Barry County,06,H1,A,00758459
1491,Missouri,29011,29,011,29011,Barton,Barton County,06,H1,A,00758460
1492,Missouri,29013,29,013,29013,Bates,Bates County,06,H1,A,00758461
1493,Missouri,29015,29,015,29015,Benton,Benton County,06,H1,A,00758462
1494,Missouri,29017,29,017,29017,Bollinger,Bollinger County,06,H1,A,00758463
1495,Missouri,29019,29,019,29019,Boone,Boone County,06,H1,A,00758464
1496,Missouri,29021,29,021,29021,Buchanan,Buchanan County,06,H1,A,00758465
1497,Missouri,29023,29,023,29023,Butler,Butler County,06,H1,A,00758466
1498,Missouri,29025,29,025,29025,Caldwell,Caldwell County,06,H1,A,00758467
1499,Missouri,29027,29,027,29027,Callaway,Callaway County,06,H1,A,00758468
1500,Missouri,29029,29,029,29029,Camden,Camden County,06,H1,A,00758469
1501,Missouri,29031,29,031,29031,Cape Girardeau,Cape Girardeau County,06,H1,A,00758470
1502,Missouri,29033,29,033,29033,Carroll,Carroll County,06,H1,A,00758471
1503,Missouri,29035,29,035,29035,Carter,Carter County,06,H1,A,00758472
1504,Missouri,29037,29,037,29037,Cass,Cass County,06,H1,A,00758473
1505,Missouri,29039,29,039,29039,Cedar,Cedar County,06,H1,A,00758474
1506,Missouri,29041,29,041,29041,Chariton,Chariton County,06,H1,A,00758475
1507,Missouri,29043,29,043,29043,Christian,Christian County,06,H1,A,00758476
1508,Missouri,29045,29,045,29045,Clark,Clark County,06,H1,A,00758477
1509,Missouri,29047,29,047,29047,Clay,Clay County,06,H1,A,00758478
1510,Missouri,29049,29,049,29049,Clinton,Clinton County,06,H1,A,00758479
1511,Missouri,29051,29,051,29051,Cole,Cole County,06,H1,A,00758480
1512,Missouri,29053,29,053,29053,Cooper,Cooper County,06,H1,A,00758481
1513,Missouri,29055,29,055,29055,Crawford,Crawford County,06,H1,A,00758482
1514,Missouri,29057,29,057,29057,Dade,Dade County,06,H1,A,00758483
1515,Missouri,29059,29,059,29059,Dallas,Dallas County,06,H1,A,00758484
1516,Missouri,29061,29,061,29061,Daviess,Daviess County,06,H1,A,00758485
1517,Missouri,29063,29,063,29063,DeKalb,DeKalb County,06,H1,A,00758486
1518,Missouri,29065,29,065,29065,Dent,Dent County,06,H1,A,00758487
1519,Missouri,29067,29,067,29067,Douglas,Douglas County,06,H1,A,00758488
1520,Missouri,29069,29,069,29069,Dunklin,Dunklin County,06,H1,A,00758489
1521,Missouri,29071,29,071,29071,Franklin,Franklin County,06,H1,A,00758490
1522,Missouri,29073,29,073,29073,Gasconade,Gasconade County,06,H1,A,00758491
1523,Missouri,29075,29,075,29075,Gentry,Gentry County,06,H1,A,00758492
1524,Missouri,29077,29,077,29077,Greene,Greene County,06,H1,A,00758493
1525,Missouri,29079,29,079,29079,Grundy,Grundy County,06,H1,A,00758494
1526,Missouri,29081,29,081,29081,Harrison,Harrison County,06,H1,A,00758495
1527,Missouri,29083,29,083,29083,Henry,Henry County,06,H1,A,00758496
1528,Missouri,29085,29,085,29085,Hickory,Hickory County,06,H1,A,00758497
1529,Missouri,29087,29,087,29087,Holt,Holt County,06,H1,A,00758498
1530,Missouri,29089,29,089,29089,Howard,Howard County,06,H1,A,00758499
1531,Missouri,29091,29,091,29091,Howell,Howell County,06,H1,A,00758500
1532,Missouri,29093,29,093,29093,Iron,Iron County,06,H1,A,00758501
1533,Missouri,29095,29,095,29095,Jackson,Jackson County,06,H1,A,00758502
1534,Missouri,29097,29,097,29097,Jasper,Jasper County,06,H1,A,00758503
1535,Missouri,29099,29,099,29099,Jefferson,Jefferson County,06,H1,A,00758504
1536,Missouri,29101,29,101,29101,Johnson,Johnson County,06,H1,A,00758505
1537,Missouri,29103,29,103,29103,Knox,Knox County,06,H1,A,00758506
1538,Missouri,29105,29,105,29105,Laclede,Laclede County,06,H1,A,00758507
1539,Missouri,29107,29,107,29107,Lafayette,Lafayette County,06,H1,A,00758508
1540,Missouri,29109,29,109,29109,Lawrence,Lawrence County,06,H1,A,00758509
1541,Missouri,29111,29,111,29111,Lewis,Lewis County,06,H1,A,00758510
1542,Missouri,29113,29,113,29113,Lincoln,Lincoln County,06,H1,A,00758511
1543,Missouri,29115,29,115,29115,Linn,Linn County,06,H1,A,00758512
1544,Missouri,29117,29,117,29117,Livingston,Livingston County,06,H1,A,00758513
1545,Missouri,29119,29,119,29119,McDonald,McDonald County,06,H1,A,00758518
1546,Missouri,29121,29,121,29121,Macon,Macon County,06,H1,A,00758514
1547,Missouri,29123,29,123,29123,Madison,Madison County,06,H1,A,00758515
1548,Missouri,29125,29,125,29125,Maries,Maries County,06,H1,A,00758516
1549,Missouri,29127,29,127,29127,Marion,Marion County,06,H1,A,00758517
1550,Missouri,29129,29,129,29129,Mercer,Mercer County,06,H1,A,00758519
1551,Missouri,29131,29,131,29131,Miller,Miller County,06,H1,A,00758520
1552,Missouri,29133,29,133,29133,Mississippi,Mississippi County,06,H1,A,00758521
1553,Missouri,29135,29,135,29135,Moniteau,Moniteau County,06,H1,A,00758522
1554,Missouri,29137,29,137,29137,Monroe,Monroe County,06,H1,A,00758523
1555,Missouri,29139,29,139,29139,Montgomery,Montgomery County,06,H1,A,00758524
1556,Missouri,29141,29,141,29141,Morgan,Morgan County,06,H1,A,00758525
1557,Missouri,29143,29,143,29143,New Madrid,New Madrid County,06,H1,A,00758526
1558,Missouri,29145,29,145,29145,Newton,Newton County,06,H1,A,00758527
1559,Missouri,29147,29,147,29147,Nodaway,Nodaway County,06,H1,A,00758528
1560,Missouri,29149,29,149,29149,Oregon,Oregon County,06,H1,A,00758529
1561,Missouri,29151,29,151,29151,Osage,Osage County,06,H1,A,00758530
1562,Missouri,29153,29,153,29153,Ozark,Ozark County,06,H1,A,00758531
1563,Missouri,29155,29,155,29155,Pemiscot,Pemiscot County,06,H1,A,00758532
1564,Missouri,29157,29,157,29157,Perry,Perry County,06,H1,A,00758533
1565,Missouri,29159,29,159,29159,Pettis,Pettis County,06,H1,A,00758534
1566,Missouri,29161,29,161,29161,Phelps,Phelps County,06,H1,A,00758535
1567,Missouri,29163,29,163,29163,Pike,Pike County,06,H1,A,00758536
1568,Missouri,29165,29,165,29165,Platte,Platte County,06,H1,A,00758537
1569,Missouri,29167,29,167,29167,Polk,Polk County,06,H1,A,00758538
1570,Missouri,29169,29,169,29169,Pulaski,Pulaski County,06,H1,A,00758539
1571,Missouri,29171,29,171,29171,Putnam,Putnam County,06,H1,A,00758540
1572,Missouri,29173,29,173,29173,Ralls,Ralls County,06,H1,A,00758541
1573,Missouri,29175,29,175,29175,Randolph,Randolph County,06,H1,A,00758542
1574,Missouri,29177,29,177,29177,Ray,Ray County,06,H1,A,00758543
1575,Missouri,29179,29,179,29179,Reynolds,Reynolds County,06,H1,A,00758544
1576,Missouri,29181,29,181,29181,Ripley,Ripley County,06,H1,A,00758545
1577,Missouri,29183,29,183,29183,St. Charles,St. Charles County,06,H1,A,00758546
1578,Missouri,29185,29,185,29185,St. Clair,St. Clair County,06,H1,A,00758547
1579,Missouri,29186,29,186,29186,Ste. Genevieve,Ste. Genevieve County,06,H1,A,00765806
1580,Missouri,29187,29,187,29187,St. Francois,St. Francois County,06,H1,A,00758548
1581,Missouri,29189,29,189,29189,St. Louis,St. Louis County,06,H1,A,00758549
1582,Missouri,29195,29,195,29195,Saline,Saline County,06,H1,A,00758550
1583,Missouri,29197,29,197,29197,Schuyler,Schuyler County,06,H1,A,00758551
1584,Missouri,29199,29,199,29199,Scotland,Scotland County,06,H1,A,00758552
1585,Missouri,29201,29,201,29201,Scott,Scott County,06,H1,A,00758553
1586,Missouri,29203,29,203,29203,Shannon,Shannon County,06,H1,A,00758554
1587,Missouri,29205,29,205,29205,Shelby,Shelby County,06,H1,A,00758555
1588,Missouri,29207,29,207,29207,Stoddard,Stoddard County,06,H1,A,00758556
1589,Missouri,29209,29,209,29209,Stone,Stone County,06,H1,A,00758557
1590,Missouri,29211,29,211,29211,Sullivan,Sullivan County,06,H1,A,00758558
1591,Missouri,29213,29,213,29213,Taney,Taney County,06,H1,A,00758559
1592,Missouri,29215,29,215,29215,Texas,Texas County,06,H1,A,00758560
1593,Missouri,29217,29,217,29217,Vernon,Vernon County,06,H1,A,00758561
1594,Missouri,29219,29,219,29219,Warren,Warren County,06,H1,A,00758562
1595,Missouri,29221,29,221,29221,Washington,Washington County,06,H1,A,00758563
1596,Missouri,29223,29,223,29223,Wayne,Wayne County,06,H1,A,00758564
1597,Missouri,29225,29,225,29225,Webster,Webster County,06,H1,A,00758565
1598,Missouri,29227,29,227,29227,Worth,Worth County,06,H1,A,00758566
1599,Missouri,29229,29,229,29229,Wright,Wright County,06,H1,A,00758567
1600,Missouri,29510,29,510,29510,St. Louis,St. Louis city,25,C7,F,00767557
1601,Montana,30001,30,001,30001,Beaverhead,Beaverhead County,06,H1,A,01719627
1602,Montana,30003,30,003,30003,Big Horn,Big Horn County,06,H1,A,01716521
1603,Montana,30005,30,005,30005,Blaine,Blaine County,06,H1,A,01722470
1604,Montana,30007,30,007,30007,Broadwater,Broadwater County,06,H1,A,01719625
1605,Montana,30009,30,009,30009,Carbon,Carbon County,06,H1,A,01720111
1606,Montana,30011,30,011,30011,Carter,Carter County,06,H1,A,01688746
1607,Montana,30013,30,013,30013,Cascade,Cascade County,06,H1,A,01719622
1608,Montana,30015,30,015,30015,Chouteau,Chouteau County,06,H1,A,01719619
1609,Montana,30017,30,017,30017,Custer,Custer County,06,H1,A,01720109
1610,Montana,30019,30,019,30019,Daniels,Daniels County,06,H1,A,01637566
1611,Montana,30021,30,021,30021,Dawson,Dawson County,06,H1,A,01715632
1612,Montana,30023,30,023,30023,Deer Lodge,Deer Lodge County,06,H6,C,01719617
1613,Montana,30025,30,025,30025,Fallon,Fallon County,06,H1,A,01688745
1614,Montana,30027,30,027,30027,Fergus,Fergus County,06,H1,A,01719614
1615,Montana,30029,30,029,30029,Flathead,Flathead County,06,H1,A,01719611
1616,Montana,30031,30,031,30031,Gallatin,Gallatin County,06,H1,A,01720053
1617,Montana,30033,30,033,30033,Garfield,Garfield County,06,H1,A,01716058
1618,Montana,30035,30,035,30035,Glacier,Glacier County,06,H1,A,01719607
1619,Montana,30037,30,037,30037,Golden Valley,Golden Valley County,06,H1,A,01723078
1620,Montana,30039,30,039,30039,Granite,Granite County,06,H1,A,01719605
1621,Montana,30041,30,041,30041,Hill,Hill County,06,H1,A,01720048
1622,Montana,30043,30,043,30043,Jefferson,Jefferson County,06,H1,A,01720045
1623,Montana,30045,30,045,30045,Judith Basin,Judith Basin County,06,H1,A,01719602
1624,Montana,30047,30,047,30047,Lake,Lake County,06,H1,A,01796943
1625,Montana,30049,30,049,30049,Lewis and Clark,Lewis and Clark County,06,H1,A,00793926
1626,Montana,30051,30,051,30051,Liberty,Liberty County,06,H1,A,01720036
1627,Montana,30053,30,053,30053,Lincoln,Lincoln County,06,H1,A,01720038
1628,Montana,30055,30,055,30055,McCone,McCone County,06,H1,A,01716270
1629,Montana,30057,30,057,30057,Madison,Madison County,06,H1,A,01720033
1630,Montana,30059,30,059,30059,Meagher,Meagher County,06,H1,A,01719600
1631,Montana,30061,30,061,30061,Mineral,Mineral County,06,H1,A,01720030
1632,Montana,30063,30,063,30063,Missoula,Missoula County,06,H1,A,01719596
1633,Montana,30065,30,065,30065,Musselshell,Musselshell County,06,H1,A,01719593
1634,Montana,30067,30,067,30067,Park,Park County,06,H1,A,01720027
1635,Montana,30069,30,069,30069,Petroleum,Petroleum County,06,H1,A,01719590
1636,Montana,30071,30,071,30071,Phillips,Phillips County,06,H1,A,01720023
1637,Montana,30073,30,073,30073,Pondera,Pondera County,06,H1,A,01719587
1638,Montana,30075,30,075,30075,Powder River,Powder River County,06,H1,A,01719584
1639,Montana,30077,30,077,30077,Powell,Powell County,06,H1,A,01720021
1640,Montana,30079,30,079,30079,Prairie,Prairie County,06,H1,A,01715847
1641,Montana,30081,30,081,30081,Ravalli,Ravalli County,06,H1,A,01719582
1642,Montana,30083,30,083,30083,Richland,Richland County,06,H1,A,01715338
1643,Montana,30085,30,085,30085,Roosevelt,Roosevelt County,06,H1,A,01669428
1644,Montana,30087,30,087,30087,Rosebud,Rosebud County,06,H1,A,01716795
1645,Montana,30089,30,089,30089,Sanders,Sanders County,06,H1,A,01719578
1646,Montana,30091,30,091,30091,Sheridan,Sheridan County,06,H1,A,01677577
1647,Montana,30093,30,093,30093,Silver Bow,Silver Bow County,06,H6,C,01719575
1648,Montana,30095,30,095,30095,Stillwater,Stillwater County,06,H1,A,01719572
1649,Montana,30097,30,097,30097,Sweet Grass,Sweet Grass County,06,H1,A,01719569
1650,Montana,30099,30,099,30099,Teton,Teton County,06,H1,A,01720018
1651,Montana,30101,30,101,30101,Toole,Toole County,06,H1,A,01719566
1652,Montana,30103,30,103,30103,Treasure,Treasure County,06,H1,A,01719563
1653,Montana,30105,30,105,30105,Valley,Valley County,06,H1,A,01678923
1654,Montana,30107,30,107,30107,Wheatland,Wheatland County,06,H1,A,01719560
1655,Montana,30109,30,109,30109,Wibaux,Wibaux County,06,H1,A,01696629
1656,Montana,30111,30,111,30111,Yellowstone,Yellowstone County,06,H1,A,01719558
1657,Nebraska,31001,31,001,31001,Adams,Adams County,06,H1,A,00835823
1658,Nebraska,31003,31,003,31003,Antelope,Antelope County,06,H1,A,00835824
1659,Nebraska,31005,31,005,31005,Arthur,Arthur County,06,H1,A,00835825
1660,Nebraska,31007,31,007,31007,Banner,Banner County,06,H1,A,00835826
1661,Nebraska,31009,31,009,31009,Blaine,Blaine County,06,H1,A,00835827
1662,Nebraska,31011,31,011,31011,Boone,Boone County,06,H1,A,00835828
1663,Nebraska,31013,31,013,31013,Box Butte,Box Butte County,06,H1,A,00835991
1664,Nebraska,31015,31,015,31015,Boyd,Boyd County,06,H1,A,00835829
1665,Nebraska,31017,31,017,31017,Brown,Brown County,06,H1,A,00835830
1666,Nebraska,31019,31,019,31019,Buffalo,Buffalo County,06,H1,A,00835831
1667,Nebraska,31021,31,021,31021,Burt,Burt County,06,H1,A,00835832
1668,Nebraska,31023,31,023,31023,Butler,Butler County,06,H1,A,00835833
1669,Nebraska,31025,31,025,31025,Cass,Cass County,06,H1,A,00835834
1670,Nebraska,31027,31,027,31027,Cedar,Cedar County,06,H1,A,00835835
1671,Nebraska,31029,31,029,31029,Chase,Chase County,06,H1,A,00835836
1672,Nebraska,31031,31,031,31031,Cherry,Cherry County,06,H1,A,00835837
1673,Nebraska,31033,31,033,31033,Cheyenne,Cheyenne County,06,H1,A,00835838
1674,Nebraska,31035,31,035,31035,Clay,Clay County,06,H1,A,00835839
1675,Nebraska,31037,31,037,31037,Colfax,Colfax County,06,H1,A,00835840
1676,Nebraska,31039,31,039,31039,Cuming,Cuming County,06,H1,A,00835841
1677,Nebraska,31041,31,041,31041,Custer,Custer County,06,H1,A,00835842
1678,Nebraska,31043,31,043,31043,Dakota,Dakota County,06,H1,A,00835843
1679,Nebraska,31045,31,045,31045,Dawes,Dawes County,06,H1,A,00835844
1680,Nebraska,31047,31,047,31047,Dawson,Dawson County,06,H1,A,00835845
1681,Nebraska,31049,31,049,31049,Deuel,Deuel County,06,H1,A,00835846
1682,Nebraska,31051,31,051,31051,Dixon,Dixon County,06,H1,A,00835847
1683,Nebraska,31053,31,053,31053,Dodge,Dodge County,06,H1,A,00835848
1684,Nebraska,31055,31,055,31055,Douglas,Douglas County,06,H1,A,00835849
1685,Nebraska,31057,31,057,31057,Dundy,Dundy County,06,H1,A,00835850
1686,Nebraska,31059,31,059,31059,Fillmore,Fillmore County,06,H1,A,00835851
1687,Nebraska,31061,31,061,31061,Franklin,Franklin County,06,H1,A,00835852
1688,Nebraska,31063,31,063,31063,Frontier,Frontier County,06,H1,A,00835853
1689,Nebraska,31065,31,065,31065,Furnas,Furnas County,06,H1,A,00835854
1690,Nebraska,31067,31,067,31067,Gage,Gage County,06,H1,A,00835855
1691,Nebraska,31069,31,069,31069,Garden,Garden County,06,H1,A,00835856
1692,Nebraska,31071,31,071,31071,Garfield,Garfield County,06,H1,A,00835857
1693,Nebraska,31073,31,073,31073,Gosper,Gosper County,06,H1,A,00835858
1694,Nebraska,31075,31,075,31075,Grant,Grant County,06,H1,A,00835859
1695,Nebraska,31077,31,077,31077,Greeley,Greeley County,06,H1,A,00835860
1696,Nebraska,31079,31,079,31079,Hall,Hall County,06,H1,A,00835861
1697,Nebraska,31081,31,081,31081,Hamilton,Hamilton County,06,H1,A,00835862
1698,Nebraska,31083,31,083,31083,Harlan,Harlan County,06,H1,A,00835863
1699,Nebraska,31085,31,085,31085,Hayes,Hayes County,06,H1,A,00835864
1700,Nebraska,31087,31,087,31087,Hitchcock,Hitchcock County,06,H1,A,00835865
1701,Nebraska,31089,31,089,31089,Holt,Holt County,06,H1,A,00835866
1702,Nebraska,31091,31,091,31091,Hooker,Hooker County,06,H1,A,00835867
1703,Nebraska,31093,31,093,31093,Howard,Howard County,06,H1,A,00835868
1704,Nebraska,31095,31,095,31095,Jefferson,Jefferson County,06,H1,A,00835869
1705,Nebraska,31097,31,097,31097,Johnson,Johnson County,06,H1,A,00835870
1706,Nebraska,31099,31,099,31099,Kearney,Kearney County,06,H1,A,00835871
1707,Nebraska,31101,31,101,31101,Keith,Keith County,06,H1,A,00835872
1708,Nebraska,31103,31,103,31103,Keya Paha,Keya Paha County,06,H1,A,00835873
1709,Nebraska,31105,31,105,31105,Kimball,Kimball County,06,H1,A,00835874
1710,Nebraska,31107,31,107,31107,Knox,Knox County,06,H1,A,00835875
1711,Nebraska,31109,31,109,31109,Lancaster,Lancaster County,06,H1,A,00835876
1712,Nebraska,31111,31,111,31111,Lincoln,Lincoln County,06,H1,A,00835877
1713,Nebraska,31113,31,113,31113,Logan,Logan County,06,H1,A,00835878
1714,Nebraska,31115,31,115,31115,Loup,Loup County,06,H1,A,00835879
1715,Nebraska,31117,31,117,31117,McPherson,McPherson County,06,H1,A,00835881
1716,Nebraska,31119,31,119,31119,Madison,Madison County,06,H1,A,00835880
1717,Nebraska,31121,31,121,31121,Merrick,Merrick County,06,H1,A,00835882
1718,Nebraska,31123,31,123,31123,Morrill,Morrill County,06,H1,A,00835883
1719,Nebraska,31125,31,125,31125,Nance,Nance County,06,H1,A,00835884
1720,Nebraska,31127,31,127,31127,Nemaha,Nemaha County,06,H1,A,00835885
1721,Nebraska,31129,31,129,31129,Nuckolls,Nuckolls County,06,H1,A,00835886
1722,Nebraska,31131,31,131,31131,Otoe,Otoe County,06,H1,A,00835887
1723,Nebraska,31133,31,133,31133,Pawnee,Pawnee County,06,H1,A,00835888
1724,Nebraska,31135,31,135,31135,Perkins,Perkins County,06,H1,A,00835889
1725,Nebraska,31137,31,137,31137,Phelps,Phelps County,06,H1,A,00835890
1726,Nebraska,31139,31,139,31139,Pierce,Pierce County,06,H1,A,00835891
1727,Nebraska,31141,31,141,31141,Platte,Platte County,06,H1,A,00835892
1728,Nebraska,31143,31,143,31143,Polk,Polk County,06,H1,A,00835893
1729,Nebraska,31145,31,145,31145,Red Willow,Red Willow County,06,H1,A,00835894
1730,Nebraska,31147,31,147,31147,Richardson,Richardson County,06,H1,A,00835895
1731,Nebraska,31149,31,149,31149,Rock,Rock County,06,H1,A,00835896
1732,Nebraska,31151,31,151,31151,Saline,Saline County,06,H1,A,00835897
1733,Nebraska,31153,31,153,31153,Sarpy,Sarpy County,06,H1,A,00835898
1734,Nebraska,31155,31,155,31155,Saunders,Saunders County,06,H1,A,00835899
1735,Nebraska,31157,31,157,31157,Scotts Bluff,Scotts Bluff County,06,H1,A,00835900
1736,Nebraska,31159,31,159,31159,Seward,Seward County,06,H1,A,00835901
1737,Nebraska,31161,31,161,31161,Sheridan,Sheridan County,06,H1,A,00835902
1738,Nebraska,31163,31,163,31163,Sherman,Sherman County,06,H1,A,00835903
1739,Nebraska,31165,31,165,31165,Sioux,Sioux County,06,H1,A,00835904
1740,Nebraska,31167,31,167,31167,Stanton,Stanton County,06,H1,A,00835905
1741,Nebraska,31169,31,169,31169,Thayer,Thayer County,06,H1,A,00835906
1742,Nebraska,31171,31,171,31171,Thomas,Thomas County,06,H1,A,00835907
1743,Nebraska,31173,31,173,31173,Thurston,Thurston County,06,H1,A,00835908
1744,Nebraska,31175,31,175,31175,Valley,Valley County,06,H1,A,00835909
1745,Nebraska,31177,31,177,31177,Washington,Washington County,06,H1,A,00835910
1746,Nebraska,31179,31,179,31179,Wayne,Wayne County,06,H1,A,00835911
1747,Nebraska,31181,31,181,31181,Webster,Webster County,06,H1,A,00835912
1748,Nebraska,31183,31,183,31183,Wheeler,Wheeler County,06,H1,A,00835913
1749,Nebraska,31185,31,185,31185,York,York County,06,H1,A,00835914
1750,Nevada,32001,32,001,32001,Churchill,Churchill County,06,H1,A,00858638
1751,Nevada,32003,32,003,32003,Clark,Clark County,06,H1,A,00863600
1752,Nevada,32005,32,005,32005,Douglas,Douglas County,06,H1,A,00858643
1753,Nevada,32007,32,007,32007,Elko,Elko County,06,H1,A,00857664
1754,Nevada,32009,32,009,32009,Esmeralda,Esmeralda County,06,H1,A,00858641
1755,Nevada,32011,32,011,32011,Eureka,Eureka County,06,H1,A,00858640
1756,Nevada,32013,32,013,32013,Humboldt,Humboldt County,06,H1,A,00863310
1757,Nevada,32015,32,015,32015,Lander,Lander County,06,H1,A,00863368
1758,Nevada,32017,32,017,32017,Lincoln,Lincoln County,06,H1,A,00863992
1759,Nevada,32019,32,019,32019,Lyon,Lyon County,06,H1,A,00858645
1760,Nevada,32021,32,021,32021,Mineral,Mineral County,06,H1,A,00858644
1761,Nevada,32023,32,023,32023,Nye,Nye County,06,H1,A,00863599
1762,Nevada,32027,32,027,32027,Pershing,Pershing County,06,H1,A,00858646
1763,Nevada,32029,32,029,32029,Storey,Storey County,06,H1,A,00858642
1764,Nevada,32031,32,031,32031,Washoe,Washoe County,06,H1,A,00858608
1765,Nevada,32033,32,033,32033,White Pine,White Pine County,06,H1,A,00858615
1766,Nevada,32510,32,510,32510,Carson City,Carson City,00,C7,F,00863219
1767,New Hampshire,33001,33,001,33001,Belknap,Belknap County,06,H1,A,00873174
1768,New Hampshire,33003,33,003,33003,Carroll,Carroll County,06,H1,A,00873175
1769,New Hampshire,33005,33,005,33005,Cheshire,Cheshire County,06,H1,A,00873176
1770,New Hampshire,33007,33,007,33007,Coos,Coos County,06,H1,A,00873177
1771,New Hampshire,33009,33,009,33009,Grafton,Grafton County,06,H1,A,00873178
1772,New Hampshire,33011,33,011,33011,Hillsborough,Hillsborough County,06,H1,A,00873179
1773,New Hampshire,33013,33,013,33013,Merrimack,Merrimack County,06,H1,A,00873180
1774,New Hampshire,33015,33,015,33015,Rockingham,Rockingham County,06,H1,A,00873181
1775,New Hampshire,33017,33,017,33017,Strafford,Strafford County,06,H1,A,00873182
1776,New Hampshire,33019,33,019,33019,Sullivan,Sullivan County,06,H1,A,00873183
1777,New Jersey,34001,34,001,34001,Atlantic,Atlantic County,06,H1,A,00882270
1778,New Jersey,34003,34,003,34003,Bergen,Bergen County,06,H1,A,00882271
1779,New Jersey,34005,34,005,34005,Burlington,Burlington County,06,H1,A,00882272
1780,New Jersey,34007,34,007,34007,Camden,Camden County,06,H1,A,00882273
1781,New Jersey,34009,34,009,34009,Cape May,Cape May County,06,H1,A,00882274
1782,New Jersey,34011,34,011,34011,Cumberland,Cumberland County,06,H1,A,00882275
1783,New Jersey,34013,34,013,34013,Essex,Essex County,06,H1,A,00882276
1784,New Jersey,34015,34,015,34015,Gloucester,Gloucester County,06,H1,A,00882277
1785,New Jersey,34017,34,017,34017,Hudson,Hudson County,06,H1,A,00882278
1786,New Jersey,34019,34,019,34019,Hunterdon,Hunterdon County,06,H1,A,00882228
1787,New Jersey,34021,34,021,34021,Mercer,Mercer County,06,H1,A,00882229
1788,New Jersey,34023,34,023,34023,Middlesex,Middlesex County,06,H1,A,00882230
1789,New Jersey,34025,34,025,34025,Monmouth,Monmouth County,06,H1,A,00882910
1790,New Jersey,34027,34,027,34027,Morris,Morris County,06,H1,A,00882231
1791,New Jersey,34029,34,029,34029,Ocean,Ocean County,06,H1,A,00882279
1792,New Jersey,34031,34,031,34031,Passaic,Passaic County,06,H1,A,00882232
1793,New Jersey,34033,34,033,34033,Salem,Salem County,06,H1,A,00882233
1794,New Jersey,34035,34,035,34035,Somerset,Somerset County,06,H1,A,00882234
1795,New Jersey,34037,34,037,34037,Sussex,Sussex County,06,H1,A,00882236
1796,New Jersey,34039,34,039,34039,Union,Union County,06,H1,A,00882235
1797,New Jersey,34041,34,041,34041,Warren,Warren County,06,H1,A,00882237
1798,New Mexico,35001,35,001,35001,Bernalillo,Bernalillo County,06,H1,A,01702363
1799,New Mexico,35003,35,003,35003,Catron,Catron County,06,H1,A,00929108
1800,New Mexico,35005,35,005,35005,Chaves,Chaves County,06,H1,A,01702364
1801,New Mexico,35006,35,006,35006,Cibola,Cibola County,06,H1,A,00933051
1802,New Mexico,35007,35,007,35007,Colfax,Colfax County,06,H1,A,00929117
1803,New Mexico,35009,35,009,35009,Curry,Curry County,06,H1,A,00933053
1804,New Mexico,35011,35,011,35011,De Baca,De Baca County,06,H1,A,00933054
1805,New Mexico,35013,35,013,35013,Doña Ana,Doña Ana County,06,H1,A,00929109
1806,New Mexico,35015,35,015,35015,Eddy,Eddy County,06,H1,A,00936829
1807,New Mexico,35017,35,017,35017,Grant,Grant County,06,H1,A,00915980
1808,New Mexico,35019,35,019,35019,Guadalupe,Guadalupe County,06,H1,A,00929111
1809,New Mexico,35021,35,021,35021,Harding,Harding County,06,H1,A,00933055
1810,New Mexico,35023,35,023,35023,Hidalgo,Hidalgo County,06,H1,A,00929106
1811,New Mexico,35025,35,025,35025,Lea,Lea County,06,H1,A,01702365
1812,New Mexico,35027,35,027,35027,Lincoln,Lincoln County,06,H1,A,00929116
1813,New Mexico,35028,35,028,35028,Los Alamos,Los Alamos County,06,H1,A,01702366
1814,New Mexico,35029,35,029,35029,Luna,Luna County,06,H1,A,00933057
1815,New Mexico,35031,35,031,35031,McKinley,McKinley County,06,H1,A,00929107
1816,New Mexico,35033,35,033,35033,Mora,Mora County,06,H1,A,01702367
1817,New Mexico,35035,35,035,35035,Otero,Otero County,06,H1,A,00929104
1818,New Mexico,35037,35,037,35037,Quay,Quay County,06,H1,A,00929110
1819,New Mexico,35039,35,039,35039,Rio Arriba,Rio Arriba County,06,H1,A,01702368
1820,New Mexico,35041,35,041,35041,Roosevelt,Roosevelt County,06,H1,A,01702369
1821,New Mexico,35043,35,043,35043,Sandoval,Sandoval County,06,H1,A,00929113
1822,New Mexico,35045,35,045,35045,San Juan,San Juan County,06,H1,A,00936844
1823,New Mexico,35047,35,047,35047,San Miguel,San Miguel County,06,H1,A,00929114
1824,New Mexico,35049,35,049,35049,Santa Fe,Santa Fe County,06,H1,A,00933322
1825,New Mexico,35051,35,051,35051,Sierra,Sierra County,06,H1,A,01702370
1826,New Mexico,35053,35,053,35053,Socorro,Socorro County,06,H1,A,01702371
1827,New Mexico,35055,35,055,35055,Taos,Taos County,06,H1,A,00933056
1828,New Mexico,35057,35,057,35057,Torrance,Torrance County,06,H1,A,00929112
1829,New Mexico,35059,35,059,35059,Union,Union County,06,H1,A,00929115
1830,New Mexico,35061,35,061,35061,Valencia,Valencia County,06,H1,A,00933052
1831,New York,36001,36,001,36001,Albany,Albany County,06,H1,A,00974099
1832,New York,36003,36,003,36003,Allegany,Allegany County,06,H1,A,00974100
1833,New York,36005,36,005,36005,Bronx,Bronx County,06,H6,C,00974101
1834,New York,36007,36,007,36007,Broome,Broome County,06,H1,A,00974102
1835,New York,36009,36,009,36009,Cattaraugus,Cattaraugus County,06,H1,A,00974103
1836,New York,36011,36,011,36011,Cayuga,Cayuga County,06,H1,A,00974104
1837,New York,36013,36,013,36013,Chautauqua,Chautauqua County,06,H1,A,00974105
1838,New York,36015,36,015,36015,Chemung,Chemung County,06,H1,A,00974106
1839,New York,36017,36,017,36017,Chenango,Chenango County,06,H1,A,00974107
1840,New York,36019,36,019,36019,Clinton,Clinton County,06,H1,A,00974108
1841,New York,36021,36,021,36021,Columbia,Columbia County,06,H1,A,00974109
1842,New York,36023,36,023,36023,Cortland,Cortland County,06,H1,A,00974110
1843,New York,36025,36,025,36025,Delaware,Delaware County,06,H1,A,00974111
1844,New York,36027,36,027,36027,Dutchess,Dutchess County,06,H1,A,00974112
1845,New York,36029,36,029,36029,Erie,Erie County,06,H1,A,00974113
1846,New York,36031,36,031,36031,Essex,Essex County,06,H1,A,00974114
1847,New York,36033,36,033,36033,Franklin,Franklin County,06,H1,A,00974115
1848,New York,36035,36,035,36035,Fulton,Fulton County,06,H1,A,00974116
1849,New York,36037,36,037,36037,Genesee,Genesee County,06,H1,A,00974117
1850,New York,36039,36,039,36039,Greene,Greene County,06,H1,A,00974118
1851,New York,36041,36,041,36041,Hamilton,Hamilton County,06,H1,A,00974119
1852,New York,36043,36,043,36043,Herkimer,Herkimer County,06,H1,A,00974120
1853,New York,36045,36,045,36045,Jefferson,Jefferson County,06,H1,A,00974121
1854,New York,36047,36,047,36047,Kings,Kings County,06,H6,C,00974122
1855,New York,36049,36,049,36049,Lewis,Lewis County,06,H1,A,00974123
1856,New York,36051,36,051,36051,Livingston,Livingston County,06,H1,A,00974124
1857,New York,36053,36,053,36053,Madison,Madison County,06,H1,A,00974125
1858,New York,36055,36,055,36055,Monroe,Monroe County,06,H1,A,00974126
1859,New York,36057,36,057,36057,Montgomery,Montgomery County,06,H1,A,00974127
1860,New York,36059,36,059,36059,Nassau,Nassau County,06,H1,A,00974128
1861,New York,36061,36,061,36061,New York,New York County,06,H6,C,00974129
1862,New York,36063,36,063,36063,Niagara,Niagara County,06,H1,A,00974130
1863,New York,36065,36,065,36065,Oneida,Oneida County,06,H1,A,00974131
1864,New York,36067,36,067,36067,Onondaga,Onondaga County,06,H1,A,00974132
1865,New York,36069,36,069,36069,Ontario,Ontario County,06,H1,A,00974133
1866,New York,36071,36,071,36071,Orange,Orange County,06,H1,A,00974134
1867,New York,36073,36,073,36073,Orleans,Orleans County,06,H1,A,00974135
1868,New York,36075,36,075,36075,Oswego,Oswego County,06,H1,A,00974136
1869,New York,36077,36,077,36077,Otsego,Otsego County,06,H1,A,00974137
1870,New York,36079,36,079,36079,Putnam,Putnam County,06,H1,A,00974138
1871,New York,36081,36,081,36081,Queens,Queens County,06,H6,C,00974139
1872,New York,36083,36,083,36083,Rensselaer,Rensselaer County,06,H1,A,00974140
1873,New York,36085,36,085,36085,Richmond,Richmond County,06,H6,C,00974141
1874,New York,36087,36,087,36087,Rockland,Rockland County,06,H1,A,00974142
1875,New York,36089,36,089,36089,St. Lawrence,St. Lawrence County,06,H1,A,00977309
1876,New York,36091,36,091,36091,Saratoga,Saratoga County,06,H1,A,00974143
1877,New York,36093,36,093,36093,Schenectady,Schenectady County,06,H1,A,00974144
1878,New York,36095,36,095,36095,Schoharie,Schoharie County,06,H1,A,00974145
1879,New York,36097,36,097,36097,Schuyler,Schuyler County,06,H1,A,00974146
1880,New York,36099,36,099,36099,Seneca,Seneca County,06,H1,A,00974147
1881,New York,36101,36,101,36101,Steuben,Steuben County,06,H1,A,00974148
1882,New York,36103,36,103,36103,Suffolk,Suffolk County,06,H1,A,00974149
1883,New York,36105,36,105,36105,Sullivan,Sullivan County,06,H1,A,00974150
1884,New York,36107,36,107,36107,Tioga,Tioga County,06,H1,A,00974151
1885,New York,36109,36,109,36109,Tompkins,Tompkins County,06,H1,A,00974152
1886,New York,36111,36,111,36111,Ulster,Ulster County,06,H1,A,00974153
1887,New York,36113,36,113,36113,Warren,Warren County,06,H1,A,00974154
1888,New York,36115,36,115,36115,Washington,Washington County,06,H1,A,00974155
1889,New York,36117,36,117,36117,Wayne,Wayne County,06,H1,A,00974156
1890,New York,36119,36,119,36119,Westchester,Westchester County,06,H1,A,00974157
1891,New York,36121,36,121,36121,Wyoming,Wyoming County,06,H1,A,00974158
1892,New York,36123,36,123,36123,Yates,Yates County,06,H1,A,00974159
1893,North Carolina,37001,37,001,37001,Alamance,Alamance County,06,H1,A,01008531
1894,North Carolina,37003,37,003,37003,Alexander,Alexander County,06,H1,A,01008532
1895,North Carolina,37005,37,005,37005,Alleghany,Alleghany County,06,H1,A,01008533
1896,North Carolina,37007,37,007,37007,Anson,Anson County,06,H1,A,01008534
1897,North Carolina,37009,37,009,37009,Ashe,Ashe County,06,H1,A,01008535
1898,North Carolina,37011,37,011,37011,Avery,Avery County,06,H1,A,01008536
1899,North Carolina,37013,37,013,37013,Beaufort,Beaufort County,06,H1,A,01026333
1900,North Carolina,37015,37,015,37015,Bertie,Bertie County,06,H1,A,01026334
1901,North Carolina,37017,37,017,37017,Bladen,Bladen County,06,H1,A,01026336
1902,North Carolina,37019,37,019,37019,Brunswick,Brunswick County,06,H1,A,01026340
1903,North Carolina,37021,37,021,37021,Buncombe,Buncombe County,06,H1,A,01008538
1904,North Carolina,37023,37,023,37023,Burke,Burke County,06,H1,A,01008539
1905,North Carolina,37025,37,025,37025,Cabarrus,Cabarrus County,06,H1,A,01008540
1906,North Carolina,37027,37,027,37027,Caldwell,Caldwell County,06,H1,A,01008541
1907,North Carolina,37029,37,029,37029,Camden,Camden County,06,H1,A,01026335
1908,North Carolina,37031,37,031,37031,Carteret,Carteret County,06,H1,A,01026337
1909,North Carolina,37033,37,033,37033,Caswell,Caswell County,06,H1,A,01008542
1910,North Carolina,37035,37,035,37035,Catawba,Catawba County,06,H1,A,01008543
1911,North Carolina,37037,37,037,37037,Chatham,Chatham County,06,H1,A,01008544
1912,North Carolina,37039,37,039,37039,Cherokee,Cherokee County,06,H1,A,01008545
1913,North Carolina,37041,37,041,37041,Chowan,Chowan County,06,H1,A,01025822
1914,North Carolina,37043,37,043,37043,Clay,Clay County,06,H1,A,01008546
1915,North Carolina,37045,37,045,37045,Cleveland,Cleveland County,06,H1,A,01008547
1916,North Carolina,37047,37,047,37047,Columbus,Columbus County,06,H1,A,01026339
1917,North Carolina,37049,37,049,37049,Craven,Craven County,06,H1,A,01026123
1918,North Carolina,37051,37,051,37051,Cumberland,Cumberland County,06,H1,A,01026124
1919,North Carolina,37053,37,053,37053,Currituck,Currituck County,06,H1,A,01026125
1920,North Carolina,37055,37,055,37055,Dare,Dare County,06,H1,A,01026133
1921,North Carolina,37057,37,057,37057,Davidson,Davidson County,06,H1,A,01008548
1922,North Carolina,37059,37,059,37059,Davie,Davie County,06,H1,A,01008549
1923,North Carolina,37061,37,061,37061,Duplin,Duplin County,06,H1,A,01026132
1924,North Carolina,37063,37,063,37063,Durham,Durham County,06,H1,A,01008550
1925,North Carolina,37065,37,065,37065,Edgecombe,Edgecombe County,06,H1,A,01008551
1926,North Carolina,37067,37,067,37067,Forsyth,Forsyth County,06,H1,A,01008552
1927,North Carolina,37069,37,069,37069,Franklin,Franklin County,06,H1,A,01008553
1928,North Carolina,37071,37,071,37071,Gaston,Gaston County,06,H1,A,01008554
1929,North Carolina,37073,37,073,37073,Gates,Gates County,06,H1,A,01026126
1930,North Carolina,37075,37,075,37075,Graham,Graham County,06,H1,A,01008555
1931,North Carolina,37077,37,077,37077,Granville,Granville County,06,H1,A,01008556
1932,North Carolina,37079,37,079,37079,Greene,Greene County,06,H1,A,01008557
1933,North Carolina,37081,37,081,37081,Guilford,Guilford County,06,H1,A,01008558
1934,North Carolina,37083,37,083,37083,Halifax,Halifax County,06,H1,A,01008559
1935,North Carolina,37085,37,085,37085,Harnett,Harnett County,06,H1,A,01008560
1936,North Carolina,37087,37,087,37087,Haywood,Haywood County,06,H1,A,01008561
1937,North Carolina,37089,37,089,37089,Henderson,Henderson County,06,H1,A,01008562
1938,North Carolina,37091,37,091,37091,Hertford,Hertford County,06,H1,A,01026127
1939,North Carolina,37093,37,093,37093,Hoke,Hoke County,06,H1,A,01008563
1940,North Carolina,37095,37,095,37095,Hyde,Hyde County,06,H1,A,01008564
1941,North Carolina,37097,37,097,37097,Iredell,Iredell County,06,H1,A,01008565
1942,North Carolina,37099,37,099,37099,Jackson,Jackson County,06,H1,A,01008566
1943,North Carolina,37101,37,101,37101,Johnston,Johnston County,06,H1,A,01026327
1944,North Carolina,37103,37,103,37103,Jones,Jones County,06,H1,A,01026338
1945,North Carolina,37105,37,105,37105,Lee,Lee County,06,H1,A,01008567
1946,North Carolina,37107,37,107,37107,Lenoir,Lenoir County,06,H1,A,01008568
1947,North Carolina,37109,37,109,37109,Lincoln,Lincoln County,06,H1,A,01008569
1948,North Carolina,37111,37,111,37111,McDowell,McDowell County,06,H1,A,01025836
1949,North Carolina,37113,37,113,37113,Macon,Macon County,06,H1,A,01025833
1950,North Carolina,37115,37,115,37115,Madison,Madison County,06,H1,A,01025834
1951,North Carolina,37117,37,117,37117,Martin,Martin County,06,H1,A,01026328
1952,North Carolina,37119,37,119,37119,Mecklenburg,Mecklenburg County,06,H1,A,01008570
1953,North Carolina,37121,37,121,37121,Mitchell,Mitchell County,06,H1,A,01008571
1954,North Carolina,37123,37,123,37123,Montgomery,Montgomery County,06,H1,A,01008572
1955,North Carolina,37125,37,125,37125,Moore,Moore County,06,H1,A,01008573
1956,North Carolina,37127,37,127,37127,Nash,Nash County,06,H1,A,01008574
1957,North Carolina,37129,37,129,37129,New Hanover,New Hanover County,06,H1,A,01026329
1958,North Carolina,37131,37,131,37131,Northampton,Northampton County,06,H1,A,01008575
1959,North Carolina,37133,37,133,37133,Onslow,Onslow County,06,H1,A,01026341
1960,North Carolina,37135,37,135,37135,Orange,Orange County,06,H1,A,01008576
1961,North Carolina,37137,37,137,37137,Pamlico,Pamlico County,06,H1,A,01023355
1962,North Carolina,37139,37,139,37139,Pasquotank,Pasquotank County,06,H1,A,01026330
1963,North Carolina,37141,37,141,37141,Pender,Pender County,06,H1,A,01026129
1964,North Carolina,37143,37,143,37143,Perquimans,Perquimans County,06,H1,A,01025841
1965,North Carolina,37145,37,145,37145,Person,Person County,06,H1,A,01008577
1966,North Carolina,37147,37,147,37147,Pitt,Pitt County,06,H1,A,01008578
1967,North Carolina,37149,37,149,37149,Polk,Polk County,06,H1,A,01008579
1968,North Carolina,37151,37,151,37151,Randolph,Randolph County,06,H1,A,01008580
1969,North Carolina,37153,37,153,37153,Richmond,Richmond County,06,H1,A,01008581
1970,North Carolina,37155,37,155,37155,Robeson,Robeson County,06,H1,A,01026130
1971,North Carolina,37157,37,157,37157,Rockingham,Rockingham County,06,H1,A,01008582
1972,North Carolina,37159,37,159,37159,Rowan,Rowan County,06,H1,A,01008583
1973,North Carolina,37161,37,161,37161,Rutherford,Rutherford County,06,H1,A,01008584
1974,North Carolina,37163,37,163,37163,Sampson,Sampson County,06,H1,A,01026131
1975,North Carolina,37165,37,165,37165,Scotland,Scotland County,06,H1,A,01008585
1976,North Carolina,37167,37,167,37167,Stanly,Stanly County,06,H1,A,01025844
1977,North Carolina,37169,37,169,37169,Stokes,Stokes County,06,H1,A,01008586
1978,North Carolina,37171,37,171,37171,Surry,Surry County,06,H1,A,01008587
1979,North Carolina,37173,37,173,37173,Swain,Swain County,06,H1,A,01008588
1980,North Carolina,37175,37,175,37175,Transylvania,Transylvania County,06,H1,A,01008589
1981,North Carolina,37177,37,177,37177,Tyrrell,Tyrrell County,06,H1,A,01026332
1982,North Carolina,37179,37,179,37179,Union,Union County,06,H1,A,01008590
1983,North Carolina,37181,37,181,37181,Vance,Vance County,06,H1,A,01008591
1984,North Carolina,37183,37,183,37183,Wake,Wake County,06,H1,A,01008592
1985,North Carolina,37185,37,185,37185,Warren,Warren County,06,H1,A,01008593
1986,North Carolina,37187,37,187,37187,Washington,Washington County,06,H1,A,01026331
1987,North Carolina,37189,37,189,37189,Watauga,Watauga County,06,H1,A,01008594
1988,North Carolina,37191,37,191,37191,Wayne,Wayne County,06,H1,A,01026128
1989,North Carolina,37193,37,193,37193,Wilkes,Wilkes County,06,H1,A,01008595
1990,North Carolina,37195,37,195,37195,Wilson,Wilson County,06,H1,A,01008596
1991,North Carolina,37197,37,197,37197,Yadkin,Yadkin County,06,H1,A,01008597
1992,North Carolina,37199,37,199,37199,Yancey,Yancey County,06,H1,A,01008598
1993,North Dakota,38001,38,001,38001,Adams,Adams County,06,H1,A,01034210
1994,North Dakota,38003,38,003,38003,Barnes,Barnes County,06,H1,A,01034225
1995,North Dakota,38005,38,005,38005,Benson,Benson County,06,H1,A,01034216
1996,North Dakota,38007,38,007,38007,Billings,Billings County,06,H1,A,01035616
1997,North Dakota,38009,38,009,38009,Bottineau,Bottineau County,06,H1,A,01034227
1998,North Dakota,38011,38,011,38011,Bowman,Bowman County,06,H1,A,01035619
1999,North Dakota,38013,38,013,38013,Burke,Burke County,06,H1,A,01034235
2000,North Dakota,38015,38,015,38015,Burleigh,Burleigh County,06,H1,A,01035614
2001,North Dakota,38017,38,017,38017,Cass,Cass County,06,H1,A,01034226
2002,North Dakota,38019,38,019,38019,Cavalier,Cavalier County,06,H1,A,01035304
2003,North Dakota,38021,38,021,38021,Dickey,Dickey County,06,H1,A,01035622
2004,North Dakota,38023,38,023,38023,Divide,Divide County,06,H1,A,01034234
2005,North Dakota,38025,38,025,38025,Dunn,Dunn County,06,H1,A,01035623
2006,North Dakota,38027,38,027,38027,Eddy,Eddy County,06,H1,A,01034222
2007,North Dakota,38029,38,029,38029,Emmons,Emmons County,06,H1,A,01035615
2008,North Dakota,38031,38,031,38031,Foster,Foster County,06,H1,A,01034223
2009,North Dakota,38033,38,033,38033,Golden Valley,Golden Valley County,06,H1,A,01035617
2010,North Dakota,38035,38,035,38035,Grand Forks,Grand Forks County,06,H1,A,01034218
2011,North Dakota,38037,38,037,38037,Grant,Grant County,06,H1,A,01035300
2012,North Dakota,38039,38,039,38039,Griggs,Griggs County,06,H1,A,01034219
2013,North Dakota,38041,38,041,38041,Hettinger,Hettinger County,06,H1,A,01034209
2014,North Dakota,38043,38,043,38043,Kidder,Kidder County,06,H1,A,01034206
2015,North Dakota,38045,38,045,38045,LaMoure,LaMoure County,06,H1,A,01035621
2016,North Dakota,38047,38,047,38047,Logan,Logan County,06,H1,A,01035620
2017,North Dakota,38049,38,049,38049,McHenry,McHenry County,06,H1,A,01035305
2018,North Dakota,38051,38,051,38051,McIntosh,McIntosh County,06,H1,A,01034211
2019,North Dakota,38053,38,053,38053,McKenzie,McKenzie County,06,H1,A,01035299
2020,North Dakota,38055,38,055,38055,McLean,McLean County,06,H1,A,01034232
2021,North Dakota,38057,38,057,38057,Mercer,Mercer County,06,H1,A,01034233
2022,North Dakota,38059,38,059,38059,Morton,Morton County,06,H1,A,01034207
2023,North Dakota,38061,38,061,38061,Mountrail,Mountrail County,06,H1,A,01035307
2024,North Dakota,38063,38,063,38063,Nelson,Nelson County,06,H1,A,01034217
2025,North Dakota,38065,38,065,38065,Oliver,Oliver County,06,H1,A,01034205
2026,North Dakota,38067,38,067,38067,Pembina,Pembina County,06,H1,A,01034212
2027,North Dakota,38069,38,069,38069,Pierce,Pierce County,06,H1,A,01034230
2028,North Dakota,38071,38,071,38071,Ramsey,Ramsey County,06,H1,A,01034215
2029,North Dakota,38073,38,073,38073,Ransom,Ransom County,06,H1,A,01035301
2030,North Dakota,38075,38,075,38075,Renville,Renville County,06,H1,A,01034229
2031,North Dakota,38077,38,077,38077,Richland,Richland County,06,H1,A,01035302
2032,North Dakota,38079,38,079,38079,Rolette,Rolette County,06,H1,A,01034228
2033,North Dakota,38081,38,081,38081,Sargent,Sargent County,06,H1,A,01035303
2034,North Dakota,38083,38,083,38083,Sheridan,Sheridan County,06,H1,A,01034203
2035,North Dakota,38085,38,085,38085,Sioux,Sioux County,06,H1,A,01034208
2036,North Dakota,38087,38,087,38087,Slope,Slope County,06,H1,A,01035896
2037,North Dakota,38089,38,089,38089,Stark,Stark County,06,H1,A,01035618
2038,North Dakota,38091,38,091,38091,Steele,Steele County,06,H1,A,01034220
2039,North Dakota,38093,38,093,38093,Stutsman,Stutsman County,06,H1,A,01034224
2040,North Dakota,38095,38,095,38095,Towner,Towner County,06,H1,A,01034213
2041,North Dakota,38097,38,097,38097,Traill,Traill County,06,H1,A,01034221
2042,North Dakota,38099,38,099,38099,Walsh,Walsh County,06,H1,A,01034214
2043,North Dakota,38101,38,101,38101,Ward,Ward County,06,H1,A,01034231
2044,North Dakota,38103,38,103,38103,Wells,Wells County,06,H1,A,01034204
2045,North Dakota,38105,38,105,38105,Williams,Williams County,06,H1,A,01035306
2046,Ohio,39001,39,001,39001,Adams,Adams County,06,H1,A,01074014
2047,Ohio,39003,39,003,39003,Allen,Allen County,06,H1,A,01074015
2048,Ohio,39005,39,005,39005,Ashland,Ashland County,06,H1,A,01074016
2049,Ohio,39007,39,007,39007,Ashtabula,Ashtabula County,06,H1,A,01074017
2050,Ohio,39009,39,009,39009,Athens,Athens County,06,H1,A,01074018
2051,Ohio,39011,39,011,39011,Auglaize,Auglaize County,06,H1,A,01074019
2052,Ohio,39013,39,013,39013,Belmont,Belmont County,06,H1,A,01065575
2053,Ohio,39015,39,015,39015,Brown,Brown County,06,H1,A,01074020
2054,Ohio,39017,39,017,39017,Butler,Butler County,06,H1,A,01074021
2055,Ohio,39019,39,019,39019,Carroll,Carroll County,06,H1,A,01074022
2056,Ohio,39021,39,021,39021,Champaign,Champaign County,06,H1,A,01074023
2057,Ohio,39023,39,023,39023,Clark,Clark County,06,H1,A,01074024
2058,Ohio,39025,39,025,39025,Clermont,Clermont County,06,H1,A,01074025
2059,Ohio,39027,39,027,39027,Clinton,Clinton County,06,H1,A,01074026
2060,Ohio,39029,39,029,39029,Columbiana,Columbiana County,06,H1,A,01074027
2061,Ohio,39031,39,031,39031,Coshocton,Coshocton County,06,H1,A,01074028
2062,Ohio,39033,39,033,39033,Crawford,Crawford County,06,H1,A,01074029
2063,Ohio,39035,39,035,39035,Cuyahoga,Cuyahoga County,06,H1,A,01074030
2064,Ohio,39037,39,037,39037,Darke,Darke County,06,H1,A,01074031
2065,Ohio,39039,39,039,39039,Defiance,Defiance County,06,H1,A,01074032
2066,Ohio,39041,39,041,39041,Delaware,Delaware County,06,H1,A,01074033
2067,Ohio,39043,39,043,39043,Erie,Erie County,06,H1,A,01074034
2068,Ohio,39045,39,045,39045,Fairfield,Fairfield County,06,H1,A,01074035
2069,Ohio,39047,39,047,39047,Fayette,Fayette County,06,H1,A,01074036
2070,Ohio,39049,39,049,39049,Franklin,Franklin County,06,H1,A,01074037
2071,Ohio,39051,39,051,39051,Fulton,Fulton County,06,H1,A,01074038
2072,Ohio,39053,39,053,39053,Gallia,Gallia County,06,H1,A,01074039
2073,Ohio,39055,39,055,39055,Geauga,Geauga County,06,H1,A,01074040
2074,Ohio,39057,39,057,39057,Greene,Greene County,06,H1,A,01074041
2075,Ohio,39059,39,059,39059,Guernsey,Guernsey County,06,H1,A,01074042
2076,Ohio,39061,39,061,39061,Hamilton,Hamilton County,06,H1,A,01074043
2077,Ohio,39063,39,063,39063,Hancock,Hancock County,06,H1,A,01074044
2078,Ohio,39065,39,065,39065,Hardin,Hardin County,06,H1,A,01074045
2079,Ohio,39067,39,067,39067,Harrison,Harrison County,06,H1,A,01074046
2080,Ohio,39069,39,069,39069,Henry,Henry County,06,H1,A,01074047
2081,Ohio,39071,39,071,39071,Highland,Highland County,06,H1,A,01074048
2082,Ohio,39073,39,073,39073,Hocking,Hocking County,06,H1,A,01074049
2083,Ohio,39075,39,075,39075,Holmes,Holmes County,06,H1,A,01074050
2084,Ohio,39077,39,077,39077,Huron,Huron County,06,H1,A,01074051
2085,Ohio,39079,39,079,39079,Jackson,Jackson County,06,H1,A,01074052
2086,Ohio,39081,39,081,39081,Jefferson,Jefferson County,06,H1,A,01074053
2087,Ohio,39083,39,083,39083,Knox,Knox County,06,H1,A,01074054
2088,Ohio,39085,39,085,39085,Lake,Lake County,06,H1,A,01074055
2089,Ohio,39087,39,087,39087,Lawrence,Lawrence County,06,H1,A,01074056
2090,Ohio,39089,39,089,39089,Licking,Licking County,06,H1,A,01074057
2091,Ohio,39091,39,091,39091,Logan,Logan County,06,H1,A,01074058
2092,Ohio,39093,39,093,39093,Lorain,Lorain County,06,H1,A,01074059
2093,Ohio,39095,39,095,39095,Lucas,Lucas County,06,H1,A,01074060
2094,Ohio,39097,39,097,39097,Madison,Madison County,06,H1,A,01074061
2095,Ohio,39099,39,099,39099,Mahoning,Mahoning County,06,H1,A,01074062
2096,Ohio,39101,39,101,39101,Marion,Marion County,06,H1,A,01074063
2097,Ohio,39103,39,103,39103,Medina,Medina County,06,H1,A,01074064
2098,Ohio,39105,39,105,39105,Meigs,Meigs County,06,H1,A,01074065
2099,Ohio,39107,39,107,39107,Mercer,Mercer County,06,H1,A,01074066
2100,Ohio,39109,39,109,39109,Miami,Miami County,06,H1,A,01074067
2101,Ohio,39111,39,111,39111,Monroe,Monroe County,06,H1,A,01074068
2102,Ohio,39113,39,113,39113,Montgomery,Montgomery County,06,H1,A,01074069
2103,Ohio,39115,39,115,39115,Morgan,Morgan County,06,H1,A,01074070
2104,Ohio,39117,39,117,39117,Morrow,Morrow County,06,H1,A,01074071
2105,Ohio,39119,39,119,39119,Muskingum,Muskingum County,06,H1,A,01074072
2106,Ohio,39121,39,121,39121,Noble,Noble County,06,H1,A,01074073
2107,Ohio,39123,39,123,39123,Ottawa,Ottawa County,06,H1,A,01074074
2108,Ohio,39125,39,125,39125,Paulding,Paulding County,06,H1,A,01074075
2109,Ohio,39127,39,127,39127,Perry,Perry County,06,H1,A,01074076
2110,Ohio,39129,39,129,39129,Pickaway,Pickaway County,06,H1,A,01074077
2111,Ohio,39131,39,131,39131,Pike,Pike County,06,H1,A,01074078
2112,Ohio,39133,39,133,39133,Portage,Portage County,06,H1,A,01074079
2113,Ohio,39135,39,135,39135,Preble,Preble County,06,H1,A,01074080
2114,Ohio,39137,39,137,39137,Putnam,Putnam County,06,H1,A,01074081
2115,Ohio,39139,39,139,39139,Richland,Richland County,06,H1,A,01074082
2116,Ohio,39141,39,141,39141,Ross,Ross County,06,H1,A,01074083
2117,Ohio,39143,39,143,39143,Sandusky,Sandusky County,06,H1,A,01074084
2118,Ohio,39145,39,145,39145,Scioto,Scioto County,06,H1,A,01074085
2119,Ohio,39147,39,147,39147,Seneca,Seneca County,06,H1,A,01074086
2120,Ohio,39149,39,149,39149,Shelby,Shelby County,06,H1,A,01074087
2121,Ohio,39151,39,151,39151,Stark,Stark County,06,H1,A,01065576
2122,Ohio,39153,39,153,39153,Summit,Summit County,06,H1,A,01074088
2123,Ohio,39155,39,155,39155,Trumbull,Trumbull County,06,H1,A,01074089
2124,Ohio,39157,39,157,39157,Tuscarawas,Tuscarawas County,06,H1,A,01074090
2125,Ohio,39159,39,159,39159,Union,Union County,06,H1,A,01074091
2126,Ohio,39161,39,161,39161,Van Wert,Van Wert County,06,H1,A,01074092
2127,Ohio,39163,39,163,39163,Vinton,Vinton County,06,H1,A,01074093
2128,Ohio,39165,39,165,39165,Warren,Warren County,06,H1,A,01074094
2129,Ohio,39167,39,167,39167,Washington,Washington County,06,H1,A,01074095
2130,Ohio,39169,39,169,39169,Wayne,Wayne County,06,H1,A,01074096
2131,Ohio,39171,39,171,39171,Williams,Williams County,06,H1,A,01074097
2132,Ohio,39173,39,173,39173,Wood,Wood County,06,H1,A,01074098
2133,Ohio,39175,39,175,39175,Wyandot,Wyandot County,06,H1,A,01074099
2134,Oklahoma,40001,40,001,40001,Adair,Adair County,06,H1,A,01101788
2135,Oklahoma,40003,40,003,40003,Alfalfa,Alfalfa County,06,H1,A,01101789
2136,Oklahoma,40005,40,005,40005,Atoka,Atoka County,06,H1,A,01101790
2137,Oklahoma,40007,40,007,40007,Beaver,Beaver County,06,H1,A,01101791
2138,Oklahoma,40009,40,009,40009,Beckham,Beckham County,06,H1,A,01101792
2139,Oklahoma,40011,40,011,40011,Blaine,Blaine County,06,H1,A,01101793
2140,Oklahoma,40013,40,013,40013,Bryan,Bryan County,06,H1,A,01101794
2141,Oklahoma,40015,40,015,40015,Caddo,Caddo County,06,H1,A,01101795
2142,Oklahoma,40017,40,017,40017,Canadian,Canadian County,06,H1,A,01101796
2143,Oklahoma,40019,40,019,40019,Carter,Carter County,06,H1,A,01101797
2144,Oklahoma,40021,40,021,40021,Cherokee,Cherokee County,06,H1,A,01101798
2145,Oklahoma,40023,40,023,40023,Choctaw,Choctaw County,06,H1,A,01101799
2146,Oklahoma,40025,40,025,40025,Cimarron,Cimarron County,06,H1,A,01101800
2147,Oklahoma,40027,40,027,40027,Cleveland,Cleveland County,06,H1,A,01101801
2148,Oklahoma,40029,40,029,40029,Coal,Coal County,06,H1,A,01101802
2149,Oklahoma,40031,40,031,40031,Comanche,Comanche County,06,H1,A,01101803
2150,Oklahoma,40033,40,033,40033,Cotton,Cotton County,06,H1,A,01101804
2151,Oklahoma,40035,40,035,40035,Craig,Craig County,06,H1,A,01101805
2152,Oklahoma,40037,40,037,40037,Creek,Creek County,06,H1,A,01101806
2153,Oklahoma,40039,40,039,40039,Custer,Custer County,06,H1,A,01101807
2154,Oklahoma,40041,40,041,40041,Delaware,Delaware County,06,H1,A,01101808
2155,Oklahoma,40043,40,043,40043,Dewey,Dewey County,06,H1,A,01101809
2156,Oklahoma,40045,40,045,40045,Ellis,Ellis County,06,H1,A,01101810
2157,Oklahoma,40047,40,047,40047,Garfield,Garfield County,06,H1,A,01101811
2158,Oklahoma,40049,40,049,40049,Garvin,Garvin County,06,H1,A,01101812
2159,Oklahoma,40051,40,051,40051,Grady,Grady County,06,H1,A,01101813
2160,Oklahoma,40053,40,053,40053,Grant,Grant County,06,H1,A,01101814
2161,Oklahoma,40055,40,055,40055,Greer,Greer County,06,H1,A,01101815
2162,Oklahoma,40057,40,057,40057,Harmon,Harmon County,06,H1,A,01101816
2163,Oklahoma,40059,40,059,40059,Harper,Harper County,06,H1,A,01101817
2164,Oklahoma,40061,40,061,40061,Haskell,Haskell County,06,H1,A,01101818
2165,Oklahoma,40063,40,063,40063,Hughes,Hughes County,06,H1,A,01101819
2166,Oklahoma,40065,40,065,40065,Jackson,Jackson County,06,H1,A,01101820
2167,Oklahoma,40067,40,067,40067,Jefferson,Jefferson County,06,H1,A,01101821
2168,Oklahoma,40069,40,069,40069,Johnston,Johnston County,06,H1,A,01101822
2169,Oklahoma,40071,40,071,40071,Kay,Kay County,06,H1,A,01101823
2170,Oklahoma,40073,40,073,40073,Kingfisher,Kingfisher County,06,H1,A,01101824
2171,Oklahoma,40075,40,075,40075,Kiowa,Kiowa County,06,H1,A,01101825
2172,Oklahoma,40077,40,077,40077,Latimer,Latimer County,06,H1,A,01101826
2173,Oklahoma,40079,40,079,40079,Le Flore,Le Flore County,06,H1,A,01101827
2174,Oklahoma,40081,40,081,40081,Lincoln,Lincoln County,06,H1,A,01101828
2175,Oklahoma,40083,40,083,40083,Logan,Logan County,06,H1,A,01101829
2176,Oklahoma,40085,40,085,40085,Love,Love County,06,H1,A,01101830
2177,Oklahoma,40087,40,087,40087,McClain,McClain County,06,H1,A,01101834
2178,Oklahoma,40089,40,089,40089,McCurtain,McCurtain County,06,H1,A,01101835
2179,Oklahoma,40091,40,091,40091,McIntosh,McIntosh County,06,H1,A,01101836
2180,Oklahoma,40093,40,093,40093,Major,Major County,06,H1,A,01101831
2181,Oklahoma,40095,40,095,40095,Marshall,Marshall County,06,H1,A,01101832
2182,Oklahoma,40097,40,097,40097,Mayes,Mayes County,06,H1,A,01101833
2183,Oklahoma,40099,40,099,40099,Murray,Murray County,06,H1,A,01101837
2184,Oklahoma,40101,40,101,40101,Muskogee,Muskogee County,06,H1,A,01101838
2185,Oklahoma,40103,40,103,40103,Noble,Noble County,06,H1,A,01101839
2186,Oklahoma,40105,40,105,40105,Nowata,Nowata County,06,H1,A,01101840
2187,Oklahoma,40107,40,107,40107,Okfuskee,Okfuskee County,06,H1,A,01101841
2188,Oklahoma,40109,40,109,40109,Oklahoma,Oklahoma County,06,H1,A,01101842
2189,Oklahoma,40111,40,111,40111,Okmulgee,Okmulgee County,06,H1,A,01101843
2190,Oklahoma,40113,40,113,40113,Osage,Osage County,06,H1,A,01101844
2191,Oklahoma,40115,40,115,40115,Ottawa,Ottawa County,06,H1,A,01101845
2192,Oklahoma,40117,40,117,40117,Pawnee,Pawnee County,06,H1,A,01101846
2193,Oklahoma,40119,40,119,40119,Payne,Payne County,06,H1,A,01101847
2194,Oklahoma,40121,40,121,40121,Pittsburg,Pittsburg County,06,H1,A,01101848
2195,Oklahoma,40123,40,123,40123,Pontotoc,Pontotoc County,06,H1,A,01101849
2196,Oklahoma,40125,40,125,40125,Pottawatomie,Pottawatomie County,06,H1,A,01101850
2197,Oklahoma,40127,40,127,40127,Pushmataha,Pushmataha County,06,H1,A,01101851
2198,Oklahoma,40129,40,129,40129,Roger Mills,Roger Mills County,06,H1,A,01101852
2199,Oklahoma,40131,40,131,40131,Rogers,Rogers County,06,H1,A,01101853
2200,Oklahoma,40133,40,133,40133,Seminole,Seminole County,06,H1,A,01101854
2201,Oklahoma,40135,40,135,40135,Sequoyah,Sequoyah County,06,H1,A,01101855
2202,Oklahoma,40137,40,137,40137,Stephens,Stephens County,06,H1,A,01101856
2203,Oklahoma,40139,40,139,40139,Texas,Texas County,06,H1,A,01101857
2204,Oklahoma,40141,40,141,40141,Tillman,Tillman County,06,H1,A,01101858
2205,Oklahoma,40143,40,143,40143,Tulsa,Tulsa County,06,H1,A,01101859
2206,Oklahoma,40145,40,145,40145,Wagoner,Wagoner County,06,H1,A,01101860
2207,Oklahoma,40147,40,147,40147,Washington,Washington County,06,H1,A,01101861
2208,Oklahoma,40149,40,149,40149,Washita,Washita County,06,H1,A,01101862
2209,Oklahoma,40151,40,151,40151,Woods,Woods County,06,H1,A,01101863
2210,Oklahoma,40153,40,153,40153,Woodward,Woodward County,06,H1,A,01101864
2211,Oregon,41001,41,001,41001,Baker,Baker County,06,H1,A,01135845
2212,Oregon,41003,41,003,41003,Benton,Benton County,06,H1,A,01155126
2213,Oregon,41005,41,005,41005,Clackamas,Clackamas County,06,H1,A,01155127
2214,Oregon,41007,41,007,41007,Clatsop,Clatsop County,06,H1,A,01135846
2215,Oregon,41009,41,009,41009,Columbia,Columbia County,06,H1,A,01135847
2216,Oregon,41011,41,011,41011,Coos,Coos County,06,H1,A,01135848
2217,Oregon,41013,41,013,41013,Crook,Crook County,06,H1,A,01155128
2218,Oregon,41015,41,015,41015,Curry,Curry County,06,H1,A,01155129
2219,Oregon,41017,41,017,41017,Deschutes,Deschutes County,06,H1,A,01155130
2220,Oregon,41019,41,019,41019,Douglas,Douglas County,06,H1,A,01135849
2221,Oregon,41021,41,021,41021,Gilliam,Gilliam County,06,H1,A,01135850
2222,Oregon,41023,41,023,41023,Grant,Grant County,06,H1,A,01135851
2223,Oregon,41025,41,025,41025,Harney,Harney County,06,H1,A,01135852
2224,Oregon,41027,41,027,41027,Hood River,Hood River County,06,H1,A,01155131
2225,Oregon,41029,41,029,41029,Jackson,Jackson County,06,H1,A,01135853
2226,Oregon,41031,41,031,41031,Jefferson,Jefferson County,06,H1,A,01155132
2227,Oregon,41033,41,033,41033,Josephine,Josephine County,06,H1,A,01155133
2228,Oregon,41035,41,035,41035,Klamath,Klamath County,06,H1,A,01155134
2229,Oregon,41037,41,037,41037,Lake,Lake County,06,H1,A,01135854
2230,Oregon,41039,41,039,41039,Lane,Lane County,06,H1,A,01135855
2231,Oregon,41041,41,041,41041,Lincoln,Lincoln County,06,H1,A,01135856
2232,Oregon,41043,41,043,41043,Linn,Linn County,06,H1,A,01135857
2233,Oregon,41045,41,045,41045,Malheur,Malheur County,06,H1,A,01135858
2234,Oregon,41047,41,047,41047,Marion,Marion County,06,H1,A,01135859
2235,Oregon,41049,41,049,41049,Morrow,Morrow County,06,H1,A,01135860
2236,Oregon,41051,41,051,41051,Multnomah,Multnomah County,06,H1,A,01135861
2237,Oregon,41053,41,053,41053,Polk,Polk County,06,H1,A,01135862
2238,Oregon,41055,41,055,41055,Sherman,Sherman County,06,H1,A,01135863
2239,Oregon,41057,41,057,41057,Tillamook,Tillamook County,06,H1,A,01135864
2240,Oregon,41059,41,059,41059,Umatilla,Umatilla County,06,H1,A,01156673
2241,Oregon,41061,41,061,41061,Union,Union County,06,H1,A,01164165
2242,Oregon,41063,41,063,41063,Wallowa,Wallowa County,06,H1,A,01155135
2243,Oregon,41065,41,065,41065,Wasco,Wasco County,06,H1,A,01155136
2244,Oregon,41067,41,067,41067,Washington,Washington County,06,H1,A,01155137
2245,Oregon,41069,41,069,41069,Wheeler,Wheeler County,06,H1,A,01135865
2246,Oregon,41071,41,071,41071,Yamhill,Yamhill County,06,H1,A,01135866
2247,Pennsylvania,42001,42,001,42001,Adams,Adams County,06,H1,A,01213656
2248,Pennsylvania,42003,42,003,42003,Allegheny,Allegheny County,06,H1,A,01213657
2249,Pennsylvania,42005,42,005,42005,Armstrong,Armstrong County,06,H1,A,01213658
2250,Pennsylvania,42007,42,007,42007,Beaver,Beaver County,06,H1,A,01214112
2251,Pennsylvania,42009,42,009,42009,Bedford,Bedford County,06,H1,A,01209171
2252,Pennsylvania,42011,42,011,42011,Berks,Berks County,06,H1,A,01209172
2253,Pennsylvania,42013,42,013,42013,Blair,Blair County,06,H1,A,01213659
2254,Pennsylvania,42015,42,015,42015,Bradford,Bradford County,06,H1,A,01213660
2255,Pennsylvania,42017,42,017,42017,Bucks,Bucks County,06,H1,A,01209173
2256,Pennsylvania,42019,42,019,42019,Butler,Butler County,06,H1,A,01213661
2257,Pennsylvania,42021,42,021,42021,Cambria,Cambria County,06,H1,A,01213662
2258,Pennsylvania,42023,42,023,42023,Cameron,Cameron County,06,H1,A,01213663
2259,Pennsylvania,42025,42,025,42025,Carbon,Carbon County,06,H1,A,01213664
2260,Pennsylvania,42027,42,027,42027,Centre,Centre County,06,H1,A,01214720
2261,Pennsylvania,42029,42,029,42029,Chester,Chester County,06,H1,A,01209174
2262,Pennsylvania,42031,42,031,42031,Clarion,Clarion County,06,H1,A,01210234
2263,Pennsylvania,42033,42,033,42033,Clearfield,Clearfield County,06,H1,A,01209175
2264,Pennsylvania,42035,42,035,42035,Clinton,Clinton County,06,H1,A,01214721
2265,Pennsylvania,42037,42,037,42037,Columbia,Columbia County,06,H1,A,01213665
2266,Pennsylvania,42039,42,039,42039,Crawford,Crawford County,06,H1,A,01213666
2267,Pennsylvania,42041,42,041,42041,Cumberland,Cumberland County,06,H1,A,01209176
2268,Pennsylvania,42043,42,043,42043,Dauphin,Dauphin County,06,H1,A,01213667
2269,Pennsylvania,42045,42,045,42045,Delaware,Delaware County,06,H1,A,01209177
2270,Pennsylvania,42047,42,047,42047,Elk,Elk County,06,H1,A,01213668
2271,Pennsylvania,42049,42,049,42049,Erie,Erie County,06,H1,A,01209178
2272,Pennsylvania,42051,42,051,42051,Fayette,Fayette County,06,H1,A,01209179
2273,Pennsylvania,42053,42,053,42053,Forest,Forest County,06,H1,A,01213669
2274,Pennsylvania,42055,42,055,42055,Franklin,Franklin County,06,H1,A,01213670
2275,Pennsylvania,42057,42,057,42057,Fulton,Fulton County,06,H1,A,01213671
2276,Pennsylvania,42059,42,059,42059,Greene,Greene County,06,H1,A,01214033
2277,Pennsylvania,42061,42,061,42061,Huntingdon,Huntingdon County,06,H1,A,01213672
2278,Pennsylvania,42063,42,063,42063,Indiana,Indiana County,06,H1,A,01213673
2279,Pennsylvania,42065,42,065,42065,Jefferson,Jefferson County,06,H1,A,01213674
2280,Pennsylvania,42067,42,067,42067,Juniata,Juniata County,06,H1,A,01209180
2281,Pennsylvania,42069,42,069,42069,Lackawanna,Lackawanna County,06,H1,A,01213675
2282,Pennsylvania,42071,42,071,42071,Lancaster,Lancaster County,06,H1,A,01209181
2283,Pennsylvania,42073,42,073,42073,Lawrence,Lawrence County,06,H1,A,01213676
2284,Pennsylvania,42075,42,075,42075,Lebanon,Lebanon County,06,H1,A,01214034
2285,Pennsylvania,42077,42,077,42077,Lehigh,Lehigh County,06,H1,A,01209182
2286,Pennsylvania,42079,42,079,42079,Luzerne,Luzerne County,06,H1,A,01209183
2287,Pennsylvania,42081,42,081,42081,Lycoming,Lycoming County,06,H1,A,01213677
2288,Pennsylvania,42083,42,083,42083,McKean,McKean County,06,H1,A,01210235
2289,Pennsylvania,42085,42,085,42085,Mercer,Mercer County,06,H1,A,01213678
2290,Pennsylvania,42087,42,087,42087,Mifflin,Mifflin County,06,H1,A,01213679
2291,Pennsylvania,42089,42,089,42089,Monroe,Monroe County,06,H1,A,01209184
2292,Pennsylvania,42091,42,091,42091,Montgomery,Montgomery County,06,H1,A,01213680
2293,Pennsylvania,42093,42,093,42093,Montour,Montour County,06,H1,A,01213681
2294,Pennsylvania,42095,42,095,42095,Northampton,Northampton County,06,H1,A,01209185
2295,Pennsylvania,42097,42,097,42097,Northumberland,Northumberland County,06,H1,A,01209186
2296,Pennsylvania,42099,42,099,42099,Perry,Perry County,06,H1,A,01213682
2297,Pennsylvania,42101,42,101,42101,Philadelphia,Philadelphia County,06,H6,C,01209187
2298,Pennsylvania,42103,42,103,42103,Pike,Pike County,06,H1,A,01213683
2299,Pennsylvania,42105,42,105,42105,Potter,Potter County,06,H1,A,01213684
2300,Pennsylvania,42107,42,107,42107,Schuylkill,Schuylkill County,06,H1,A,01213685
2301,Pennsylvania,42109,42,109,42109,Snyder,Snyder County,06,H1,A,01213686
2302,Pennsylvania,42111,42,111,42111,Somerset,Somerset County,06,H1,A,01209188
2303,Pennsylvania,42113,42,113,42113,Sullivan,Sullivan County,06,H1,A,01213687
2304,Pennsylvania,42115,42,115,42115,Susquehanna,Susquehanna County,06,H1,A,01213688
2305,Pennsylvania,42117,42,117,42117,Tioga,Tioga County,06,H1,A,01209189
2306,Pennsylvania,42119,42,119,42119,Union,Union County,06,H1,A,01213689
2307,Pennsylvania,42121,42,121,42121,Venango,Venango County,06,H1,A,01213690
2308,Pennsylvania,42123,42,123,42123,Warren,Warren County,06,H1,A,01213691
2309,Pennsylvania,42125,42,125,42125,Washington,Washington County,06,H1,A,01209190
2310,Pennsylvania,42127,42,127,42127,Wayne,Wayne County,06,H1,A,01213692
2311,Pennsylvania,42129,42,129,42129,Westmoreland,Westmoreland County,06,H1,A,01209191
2312,Pennsylvania,42131,42,131,42131,Wyoming,Wyoming County,06,H1,A,01209192
2313,Pennsylvania,42133,42,133,42133,York,York County,06,H1,A,01209193
2314,Rhode Island,44001,44,001,44001,Bristol,Bristol County,06,H4,N,01219777
2315,Rhode Island,44003,44,003,44003,Kent,Kent County,06,H4,N,01219778
2316,Rhode Island,44005,44,005,44005,Newport,Newport County,06,H4,N,01219779
2317,Rhode Island,44007,44,007,44007,Providence,Providence County,06,H4,N,01219781
2318,Rhode Island,44009,44,009,44009,Washington,Washington County,06,H4,N,01219782
2319,South Carolina,45001,45,001,45001,Abbeville,Abbeville County,06,H1,A,01245666
2320,South Carolina,45003,45,003,45003,Aiken,Aiken County,06,H1,A,01247979
2321,South Carolina,45005,45,005,45005,Allendale,Allendale County,06,H1,A,01247980
2322,South Carolina,45007,45,007,45007,Anderson,Anderson County,06,H1,A,01247981
2323,South Carolina,45009,45,009,45009,Bamberg,Bamberg County,06,H1,A,01247982
2324,South Carolina,45011,45,011,45011,Barnwell,Barnwell County,06,H1,A,01247983
2325,South Carolina,45013,45,013,45013,Beaufort,Beaufort County,06,H1,A,01247984
2326,South Carolina,45015,45,015,45015,Berkeley,Berkeley County,06,H1,A,01247985
2327,South Carolina,45017,45,017,45017,Calhoun,Calhoun County,06,H1,A,01247986
2328,South Carolina,45019,45,019,45019,Charleston,Charleston County,06,H1,A,01252740
2329,South Carolina,45021,45,021,45021,Cherokee,Cherokee County,06,H1,A,01247987
2330,South Carolina,45023,45,023,45023,Chester,Chester County,06,H1,A,01247988
2331,South Carolina,45025,45,025,45025,Chesterfield,Chesterfield County,06,H1,A,01247989
2332,South Carolina,45027,45,027,45027,Clarendon,Clarendon County,06,H1,A,01247990
2333,South Carolina,45029,45,029,45029,Colleton,Colleton County,06,H1,A,01247991
2334,South Carolina,45031,45,031,45031,Darlington,Darlington County,06,H1,A,01247992
2335,South Carolina,45033,45,033,45033,Dillon,Dillon County,06,H1,A,01247993
2336,South Carolina,45035,45,035,45035,Dorchester,Dorchester County,06,H1,A,01247998
2337,South Carolina,45037,45,037,45037,Edgefield,Edgefield County,06,H1,A,01247999
2338,South Carolina,45039,45,039,45039,Fairfield,Fairfield County,06,H1,A,01248000
2339,South Carolina,45041,45,041,45041,Florence,Florence County,06,H1,A,01248001
2340,South Carolina,45043,45,043,45043,Georgetown,Georgetown County,06,H1,A,01248002
2341,South Carolina,45045,45,045,45045,Greenville,Greenville County,06,H1,A,01245489
2342,South Carolina,45047,45,047,45047,Greenwood,Greenwood County,06,H1,A,01248003
2343,South Carolina,45049,45,049,45049,Hampton,Hampton County,06,H1,A,01248004
2344,South Carolina,45051,45,051,45051,Horry,Horry County,06,H1,A,01248005
2345,South Carolina,45053,45,053,45053,Jasper,Jasper County,06,H1,A,01248006
2346,South Carolina,45055,45,055,45055,Kershaw,Kershaw County,06,H1,A,01248007
2347,South Carolina,45057,45,057,45057,Lancaster,Lancaster County,06,H1,A,01248008
2348,South Carolina,45059,45,059,45059,Laurens,Laurens County,06,H1,A,01248009
2349,South Carolina,45061,45,061,45061,Lee,Lee County,06,H1,A,01245652
2350,South Carolina,45063,45,063,45063,Lexington,Lexington County,06,H1,A,01244251
2351,South Carolina,45065,45,065,45065,McCormick,McCormick County,06,H1,A,01248012
2352,South Carolina,45067,45,067,45067,Marion,Marion County,06,H1,A,01248010
2353,South Carolina,45069,45,069,45069,Marlboro,Marlboro County,06,H1,A,01248011
2354,South Carolina,45071,45,071,45071,Newberry,Newberry County,06,H1,A,01248013
2355,South Carolina,45073,45,073,45073,Oconee,Oconee County,06,H1,A,01244832
2356,South Carolina,45075,45,075,45075,Orangeburg,Orangeburg County,06,H1,A,01248014
2357,South Carolina,45077,45,077,45077,Pickens,Pickens County,06,H1,A,01248015
2358,South Carolina,45079,45,079,45079,Richland,Richland County,06,H1,A,01249299
2359,South Carolina,45081,45,081,45081,Saluda,Saluda County,06,H1,A,01248016
2360,South Carolina,45083,45,083,45083,Spartanburg,Spartanburg County,06,H1,A,01248592
2361,South Carolina,45085,45,085,45085,Sumter,Sumter County,06,H1,A,01244717
2362,South Carolina,45087,45,087,45087,Union,Union County,06,H1,A,01248017
2363,South Carolina,45089,45,089,45089,Williamsburg,Williamsburg County,06,H1,A,01248018
2364,South Carolina,45091,45,091,45091,York,York County,06,H1,A,01248019
2365,South Dakota,46003,46,003,46003,Aurora,Aurora County,06,H1,A,01266983
2366,South Dakota,46005,46,005,46005,Beadle,Beadle County,06,H1,A,01266986
2367,South Dakota,46007,46,007,46007,Bennett,Bennett County,06,H1,A,01265812
2368,South Dakota,46009,46,009,46009,Bon Homme,Bon Homme County,06,H1,A,01266997
2369,South Dakota,46011,46,011,46011,Brookings,Brookings County,06,H1,A,01265779
2370,South Dakota,46013,46,013,46013,Brown,Brown County,06,H1,A,01265785
2371,South Dakota,46015,46,015,46015,Brule,Brule County,06,H1,A,01265768
2372,South Dakota,46017,46,017,46017,Buffalo,Buffalo County,06,H1,A,01265767
2373,South Dakota,46019,46,019,46019,Butte,Butte County,06,H1,A,01265793
2374,South Dakota,46021,46,021,46021,Campbell,Campbell County,06,H1,A,01266974
2375,South Dakota,46023,46,023,46023,Charles Mix,Charles Mix County,06,H1,A,01266976
2376,South Dakota,46025,46,025,46025,Clark,Clark County,06,H1,A,01266985
2377,South Dakota,46027,46,027,46027,Clay,Clay County,06,H1,A,01265764
2378,South Dakota,46029,46,029,46029,Codington,Codington County,06,H1,A,01265791
2379,South Dakota,46031,46,031,46031,Corson,Corson County,06,H1,A,01265811
2380,South Dakota,46033,46,033,46033,Custer,Custer County,06,H1,A,01265788
2381,South Dakota,46035,46,035,46035,Davison,Davison County,06,H1,A,01266980
2382,South Dakota,46037,46,037,46037,Day,Day County,06,H1,A,01265790
2383,South Dakota,46039,46,039,46039,Deuel,Deuel County,06,H1,A,01265781
2384,South Dakota,46041,46,041,46041,Dewey,Dewey County,06,H1,A,01266994
2385,South Dakota,46043,46,043,46043,Douglas,Douglas County,06,H1,A,01266978
2386,South Dakota,46045,46,045,46045,Edmunds,Edmunds County,06,H1,A,01266972
2387,South Dakota,46047,46,047,46047,Fall River,Fall River County,06,H1,A,01265787
2388,South Dakota,46049,46,049,46049,Faulk,Faulk County,06,H1,A,01265760
2389,South Dakota,46051,46,051,46051,Grant,Grant County,06,H1,A,01265782
2390,South Dakota,46053,46,053,46053,Gregory,Gregory County,06,H1,A,01265765
2391,South Dakota,46055,46,055,46055,Haakon,Haakon County,06,H1,A,01266988
2392,South Dakota,46057,46,057,46057,Hamlin,Hamlin County,06,H1,A,01265766
2393,South Dakota,46059,46,059,46059,Hand,Hand County,06,H1,A,01265783
2394,South Dakota,46061,46,061,46061,Hanson,Hanson County,06,H1,A,01266979
2395,South Dakota,46063,46,063,46063,Harding,Harding County,06,H1,A,01265792
2396,South Dakota,46065,46,065,46065,Hughes,Hughes County,06,H1,A,01265774
2397,South Dakota,46067,46,067,46067,Hutchinson,Hutchinson County,06,H1,A,01265771
2398,South Dakota,46069,46,069,46069,Hyde,Hyde County,06,H1,A,01266984
2399,South Dakota,46071,46,071,46071,Jackson,Jackson County,06,H1,A,01265794
2400,South Dakota,46073,46,073,46073,Jerauld,Jerauld County,06,H1,A,01265778
2401,South Dakota,46075,46,075,46075,Jones,Jones County,06,H1,A,01266981
2402,South Dakota,46077,46,077,46077,Kingsbury,Kingsbury County,06,H1,A,01265780
2403,South Dakota,46079,46,079,46079,Lake,Lake County,06,H1,A,01265776
2404,South Dakota,46081,46,081,46081,Lawrence,Lawrence County,06,H1,A,01266996
2405,South Dakota,46083,46,083,46083,Lincoln,Lincoln County,06,H1,A,01265769
2406,South Dakota,46085,46,085,46085,Lyman,Lyman County,06,H1,A,01265789
2407,South Dakota,46087,46,087,46087,McCook,McCook County,06,H1,A,01265773
2408,South Dakota,46089,46,089,46089,McPherson,McPherson County,06,H1,A,01265762
2409,South Dakota,46091,46,091,46091,Marshall,Marshall County,06,H1,A,01265759
2410,South Dakota,46093,46,093,46093,Meade,Meade County,06,H1,A,01266991
2411,South Dakota,46095,46,095,46095,Mellette,Mellette County,06,H1,A,01267177
2412,South Dakota,46097,46,097,46097,Miner,Miner County,06,H1,A,01265777
2413,South Dakota,46099,46,099,46099,Minnehaha,Minnehaha County,06,H1,A,01265772
2414,South Dakota,46101,46,101,46101,Moody,Moody County,06,H1,A,01265775
2415,South Dakota,46102,46,102,46102,Oglala Lakota,Oglala Lakota County,06,H1,A,01266992
2416,South Dakota,46103,46,103,46103,Pennington,Pennington County,06,H1,A,01266995
2417,South Dakota,46105,46,105,46105,Perkins,Perkins County,06,H1,A,01266990
2418,South Dakota,46107,46,107,46107,Potter,Potter County,06,H1,A,01265761
2419,South Dakota,46109,46,109,46109,Roberts,Roberts County,06,H1,A,01265786
2420,South Dakota,46111,46,111,46111,Sanborn,Sanborn County,06,H1,A,01266977
2421,South Dakota,46115,46,115,46115,Spink,Spink County,06,H1,A,01266987
2422,South Dakota,46117,46,117,46117,Stanley,Stanley County,06,H1,A,01266998
2423,South Dakota,46119,46,119,46119,Sully,Sully County,06,H1,A,01266982
2424,South Dakota,46121,46,121,46121,Todd,Todd County,06,H1,A,01266989
2425,South Dakota,46123,46,123,46123,Tripp,Tripp County,06,H1,A,01265784
2426,South Dakota,46125,46,125,46125,Turner,Turner County,06,H1,A,01265770
2427,South Dakota,46127,46,127,46127,Union,Union County,06,H1,A,01265763
2428,South Dakota,46129,46,129,46129,Walworth,Walworth County,06,H1,A,01266973
2429,South Dakota,46135,46,135,46135,Yankton,Yankton County,06,H1,A,01266975
2430,South Dakota,46137,46,137,46137,Ziebach,Ziebach County,06,H1,A,01266993
2431,Tennessee,47001,47,001,47001,Anderson,Anderson County,06,H1,A,01639722
2432,Tennessee,47003,47,003,47003,Bedford,Bedford County,06,H1,A,01639723
2433,Tennessee,47005,47,005,47005,Benton,Benton County,06,H1,A,01639724
2434,Tennessee,47007,47,007,47007,Bledsoe,Bledsoe County,06,H1,A,01639725
2435,Tennessee,47009,47,009,47009,Blount,Blount County,06,H1,A,01639726
2436,Tennessee,47011,47,011,47011,Bradley,Bradley County,06,H1,A,01639727
2437,Tennessee,47013,47,013,47013,Campbell,Campbell County,06,H1,A,01639728
2438,Tennessee,47015,47,015,47015,Cannon,Cannon County,06,H1,A,01648572
2439,Tennessee,47017,47,017,47017,Carroll,Carroll County,06,H1,A,01639729
2440,Tennessee,47019,47,019,47019,Carter,Carter County,06,H1,A,01639730
2441,Tennessee,47021,47,021,47021,Cheatham,Cheatham County,06,H1,A,01639731
2442,Tennessee,47023,47,023,47023,Chester,Chester County,06,H1,A,01639732
2443,Tennessee,47025,47,025,47025,Claiborne,Claiborne County,06,H1,A,01639733
2444,Tennessee,47027,47,027,47027,Clay,Clay County,06,H1,A,01648573
2445,Tennessee,47029,47,029,47029,Cocke,Cocke County,06,H1,A,01639734
2446,Tennessee,47031,47,031,47031,Coffee,Coffee County,06,H1,A,01639735
2447,Tennessee,47033,47,033,47033,Crockett,Crockett County,06,H1,A,01648574
2448,Tennessee,47035,47,035,47035,Cumberland,Cumberland County,06,H1,A,01639736
2449,Tennessee,47037,47,037,47037,Davidson,Davidson County,06,H6,C,01639737
2450,Tennessee,47039,47,039,47039,Decatur,Decatur County,06,H1,A,01639739
2451,Tennessee,47041,47,041,47041,DeKalb,DeKalb County,06,H1,A,01639738
2452,Tennessee,47043,47,043,47043,Dickson,Dickson County,06,H1,A,01639740
2453,Tennessee,47045,47,045,47045,Dyer,Dyer County,06,H1,A,01639741
2454,Tennessee,47047,47,047,47047,Fayette,Fayette County,06,H1,A,01639742
2455,Tennessee,47049,47,049,47049,Fentress,Fentress County,06,H1,A,01639743
2456,Tennessee,47051,47,051,47051,Franklin,Franklin County,06,H1,A,01639744
2457,Tennessee,47053,47,053,47053,Gibson,Gibson County,06,H1,A,01639745
2458,Tennessee,47055,47,055,47055,Giles,Giles County,06,H1,A,01639746
2459,Tennessee,47057,47,057,47057,Grainger,Grainger County,06,H1,A,01648575
2460,Tennessee,47059,47,059,47059,Greene,Greene County,06,H1,A,01639747
2461,Tennessee,47061,47,061,47061,Grundy,Grundy County,06,H1,A,01639748
2462,Tennessee,47063,47,063,47063,Hamblen,Hamblen County,06,H1,A,01648576
2463,Tennessee,47065,47,065,47065,Hamilton,Hamilton County,06,H1,A,01639749
2464,Tennessee,47067,47,067,47067,Hancock,Hancock County,06,H1,A,01648577
2465,Tennessee,47069,47,069,47069,Hardeman,Hardeman County,06,H1,A,01639750
2466,Tennessee,47071,47,071,47071,Hardin,Hardin County,06,H1,A,01639751
2467,Tennessee,47073,47,073,47073,Hawkins,Hawkins County,06,H1,A,01639752
2468,Tennessee,47075,47,075,47075,Haywood,Haywood County,06,H1,A,01639753
2469,Tennessee,47077,47,077,47077,Henderson,Henderson County,06,H1,A,01639754
2470,Tennessee,47079,47,079,47079,Henry,Henry County,06,H1,A,01639755
2471,Tennessee,47081,47,081,47081,Hickman,Hickman County,06,H1,A,01639756
2472,Tennessee,47083,47,083,47083,Houston,Houston County,06,H1,A,01648578
2473,Tennessee,47085,47,085,47085,Humphreys,Humphreys County,06,H1,A,01639757
2474,Tennessee,47087,47,087,47087,Jackson,Jackson County,06,H1,A,01639758
2475,Tennessee,47089,47,089,47089,Jefferson,Jefferson County,06,H1,A,01639759
2476,Tennessee,47091,47,091,47091,Johnson,Johnson County,06,H1,A,01639760
2477,Tennessee,47093,47,093,47093,Knox,Knox County,06,H1,A,01639761
2478,Tennessee,47095,47,095,47095,Lake,Lake County,06,H1,A,01639762
2479,Tennessee,47097,47,097,47097,Lauderdale,Lauderdale County,06,H1,A,01639763
2480,Tennessee,47099,47,099,47099,Lawrence,Lawrence County,06,H1,A,01639764
2481,Tennessee,47101,47,101,47101,Lewis,Lewis County,06,H1,A,01639765
2482,Tennessee,47103,47,103,47103,Lincoln,Lincoln County,06,H1,A,01639766
2483,Tennessee,47105,47,105,47105,Loudon,Loudon County,06,H1,A,01639767
2484,Tennessee,47107,47,107,47107,McMinn,McMinn County,06,H1,A,01639773
2485,Tennessee,47109,47,109,47109,McNairy,McNairy County,06,H1,A,01639774
2486,Tennessee,47111,47,111,47111,Macon,Macon County,06,H1,A,01639768
2487,Tennessee,47113,47,113,47113,Madison,Madison County,06,H1,A,01639769
2488,Tennessee,47115,47,115,47115,Marion,Marion County,06,H1,A,01639770
2489,Tennessee,47117,47,117,47117,Marshall,Marshall County,06,H1,A,01639771
2490,Tennessee,47119,47,119,47119,Maury,Maury County,06,H1,A,01639772
2491,Tennessee,47121,47,121,47121,Meigs,Meigs County,06,H1,A,01639775
2492,Tennessee,47123,47,123,47123,Monroe,Monroe County,06,H1,A,01639776
2493,Tennessee,47125,47,125,47125,Montgomery,Montgomery County,06,H1,A,01639777
2494,Tennessee,47127,47,127,47127,Moore,Moore County,06,H6,C,01648579
2495,Tennessee,47129,47,129,47129,Morgan,Morgan County,06,H1,A,01639778
2496,Tennessee,47131,47,131,47131,Obion,Obion County,06,H1,A,01639779
2497,Tennessee,47133,47,133,47133,Overton,Overton County,06,H1,A,01639780
2498,Tennessee,47135,47,135,47135,Perry,Perry County,06,H1,A,01639781
2499,Tennessee,47137,47,137,47137,Pickett,Pickett County,06,H1,A,01648580
2500,Tennessee,47139,47,139,47139,Polk,Polk County,06,H1,A,01639782
2501,Tennessee,47141,47,141,47141,Putnam,Putnam County,06,H1,A,01639783
2502,Tennessee,47143,47,143,47143,Rhea,Rhea County,06,H1,A,01639784
2503,Tennessee,47145,47,145,47145,Roane,Roane County,06,H1,A,01639785
2504,Tennessee,47147,47,147,47147,Robertson,Robertson County,06,H1,A,01639786
2505,Tennessee,47149,47,149,47149,Rutherford,Rutherford County,06,H1,A,01639787
2506,Tennessee,47151,47,151,47151,Scott,Scott County,06,H1,A,01639788
2507,Tennessee,47153,47,153,47153,Sequatchie,Sequatchie County,06,H1,A,01652643
2508,Tennessee,47155,47,155,47155,Sevier,Sevier County,06,H1,A,01639789
2509,Tennessee,47157,47,157,47157,Shelby,Shelby County,06,H1,A,01639790
2510,Tennessee,47159,47,159,47159,Smith,Smith County,06,H1,A,01639791
2511,Tennessee,47161,47,161,47161,Stewart,Stewart County,06,H1,A,01639792
2512,Tennessee,47163,47,163,47163,Sullivan,Sullivan County,06,H1,A,01639793
2513,Tennessee,47165,47,165,47165,Sumner,Sumner County,06,H1,A,01639794
2514,Tennessee,47167,47,167,47167,Tipton,Tipton County,06,H1,A,01639795
2515,Tennessee,47169,47,169,47169,Trousdale,Trousdale County,06,H6,C,01648581
2516,Tennessee,47171,47,171,47171,Unicoi,Unicoi County,06,H1,A,01648582
2517,Tennessee,47173,47,173,47173,Union,Union County,06,H1,A,01648583
2518,Tennessee,47175,47,175,47175,Van Buren,Van Buren County,06,H1,A,01648584
2519,Tennessee,47177,47,177,47177,Warren,Warren County,06,H1,A,01639796
2520,Tennessee,47179,47,179,47179,Washington,Washington County,06,H1,A,01639797
2521,Tennessee,47181,47,181,47181,Wayne,Wayne County,06,H1,A,01639798
2522,Tennessee,47183,47,183,47183,Weakley,Weakley County,06,H1,A,01639799
2523,Tennessee,47185,47,185,47185,White,White County,06,H1,A,01639800
2524,Tennessee,47187,47,187,47187,Williamson,Williamson County,06,H1,A,01639801
2525,Tennessee,47189,47,189,47189,Wilson,Wilson County,06,H1,A,01639802
2526,Texas,48001,48,001,48001,Anderson,Anderson County,06,H1,A,01383786
2527,Texas,48003,48,003,48003,Andrews,Andrews County,06,H1,A,01383787
2528,Texas,48005,48,005,48005,Angelina,Angelina County,06,H1,A,01383788
2529,Texas,48007,48,007,48007,Aransas,Aransas County,06,H1,A,01383789
2530,Texas,48009,48,009,48009,Archer,Archer County,06,H1,A,01383790
2531,Texas,48011,48,011,48011,Armstrong,Armstrong County,06,H1,A,01383791
2532,Texas,48013,48,013,48013,Atascosa,Atascosa County,06,H1,A,01383792
2533,Texas,48015,48,015,48015,Austin,Austin County,06,H1,A,01383793
2534,Texas,48017,48,017,48017,Bailey,Bailey County,06,H1,A,01383794
2535,Texas,48019,48,019,48019,Bandera,Bandera County,06,H1,A,01383795
2536,Texas,48021,48,021,48021,Bastrop,Bastrop County,06,H1,A,01383796
2537,Texas,48023,48,023,48023,Baylor,Baylor County,06,H1,A,01383797
2538,Texas,48025,48,025,48025,Bee,Bee County,06,H1,A,01383798
2539,Texas,48027,48,027,48027,Bell,Bell County,06,H1,A,01383799
2540,Texas,48029,48,029,48029,Bexar,Bexar County,06,H1,A,01383800
2541,Texas,48031,48,031,48031,Blanco,Blanco County,06,H1,A,01383801
2542,Texas,48033,48,033,48033,Borden,Borden County,06,H1,A,01383802
2543,Texas,48035,48,035,48035,Bosque,Bosque County,06,H1,A,01383803
2544,Texas,48037,48,037,48037,Bowie,Bowie County,06,H1,A,01383804
2545,Texas,48039,48,039,48039,Brazoria,Brazoria County,06,H1,A,01383805
2546,Texas,48041,48,041,48041,Brazos,Brazos County,06,H1,A,01383806
2547,Texas,48043,48,043,48043,Brewster,Brewster County,06,H1,A,01383807
2548,Texas,48045,48,045,48045,Briscoe,Briscoe County,06,H1,A,01383808
2549,Texas,48047,48,047,48047,Brooks,Brooks County,06,H1,A,01383809
2550,Texas,48049,48,049,48049,Brown,Brown County,06,H1,A,01383810
2551,Texas,48051,48,051,48051,Burleson,Burleson County,06,H1,A,01383811
2552,Texas,48053,48,053,48053,Burnet,Burnet County,06,H1,A,01383812
2553,Texas,48055,48,055,48055,Caldwell,Caldwell County,06,H1,A,01383813
2554,Texas,48057,48,057,48057,Calhoun,Calhoun County,06,H1,A,01383814
2555,Texas,48059,48,059,48059,Callahan,Callahan County,06,H1,A,01383815
2556,Texas,48061,48,061,48061,Cameron,Cameron County,06,H1,A,01383816
2557,Texas,48063,48,063,48063,Camp,Camp County,06,H1,A,01383817
2558,Texas,48065,48,065,48065,Carson,Carson County,06,H1,A,01383818
2559,Texas,48067,48,067,48067,Cass,Cass County,06,H1,A,01383819
2560,Texas,48069,48,069,48069,Castro,Castro County,06,H1,A,01383820
2561,Texas,48071,48,071,48071,Chambers,Chambers County,06,H1,A,01383821
2562,Texas,48073,48,073,48073,Cherokee,Cherokee County,06,H1,A,01383822
2563,Texas,48075,48,075,48075,Childress,Childress County,06,H1,A,01383823
2564,Texas,48077,48,077,48077,Clay,Clay County,06,H1,A,01383824
2565,Texas,48079,48,079,48079,Cochran,Cochran County,06,H1,A,01383825
2566,Texas,48081,48,081,48081,Coke,Coke County,06,H1,A,01383826
2567,Texas,48083,48,083,48083,Coleman,Coleman County,06,H1,A,01383827
2568,Texas,48085,48,085,48085,Collin,Collin County,06,H1,A,01383828
2569,Texas,48087,48,087,48087,Collingsworth,Collingsworth County,06,H1,A,01383829
2570,Texas,48089,48,089,48089,Colorado,Colorado County,06,H1,A,01383830
2571,Texas,48091,48,091,48091,Comal,Comal County,06,H1,A,01383831
2572,Texas,48093,48,093,48093,Comanche,Comanche County,06,H1,A,01383832
2573,Texas,48095,48,095,48095,Concho,Concho County,06,H1,A,01383833
2574,Texas,48097,48,097,48097,Cooke,Cooke County,06,H1,A,01383834
2575,Texas,48099,48,099,48099,Coryell,Coryell County,06,H1,A,01383835
2576,Texas,48101,48,101,48101,Cottle,Cottle County,06,H1,A,01383836
2577,Texas,48103,48,103,48103,Crane,Crane County,06,H1,A,01383837
2578,Texas,48105,48,105,48105,Crockett,Crockett County,06,H1,A,01383838
2579,Texas,48107,48,107,48107,Crosby,Crosby County,06,H1,A,01383839
2580,Texas,48109,48,109,48109,Culberson,Culberson County,06,H1,A,01383840
2581,Texas,48111,48,111,48111,Dallam,Dallam County,06,H1,A,01383841
2582,Texas,48113,48,113,48113,Dallas,Dallas County,06,H1,A,01383842
2583,Texas,48115,48,115,48115,Dawson,Dawson County,06,H1,A,01383843
2584,Texas,48117,48,117,48117,Deaf Smith,Deaf Smith County,06,H1,A,01383845
2585,Texas,48119,48,119,48119,Delta,Delta County,06,H1,A,01383846
2586,Texas,48121,48,121,48121,Denton,Denton County,06,H1,A,01383847
2587,Texas,48123,48,123,48123,DeWitt,DeWitt County,06,H1,A,01383844
2588,Texas,48125,48,125,48125,Dickens,Dickens County,06,H1,A,01383848
2589,Texas,48127,48,127,48127,Dimmit,Dimmit County,06,H1,A,01383849
2590,Texas,48129,48,129,48129,Donley,Donley County,06,H1,A,01383850
2591,Texas,48131,48,131,48131,Duval,Duval County,06,H1,A,01383851
2592,Texas,48133,48,133,48133,Eastland,Eastland County,06,H1,A,01383852
2593,Texas,48135,48,135,48135,Ector,Ector County,06,H1,A,01383853
2594,Texas,48137,48,137,48137,Edwards,Edwards County,06,H1,A,01383854
2595,Texas,48139,48,139,48139,Ellis,Ellis County,06,H1,A,01383856
2596,Texas,48141,48,141,48141,El Paso,El Paso County,06,H1,A,01383855
2597,Texas,48143,48,143,48143,Erath,Erath County,06,H1,A,01383857
2598,Texas,48145,48,145,48145,Falls,Falls County,06,H1,A,01383858
2599,Texas,48147,48,147,48147,Fannin,Fannin County,06,H1,A,01383859
2600,Texas,48149,48,149,48149,Fayette,Fayette County,06,H1,A,01383860
2601,Texas,48151,48,151,48151,Fisher,Fisher County,06,H1,A,01383861
2602,Texas,48153,48,153,48153,Floyd,Floyd County,06,H1,A,01383862
2603,Texas,48155,48,155,48155,Foard,Foard County,06,H1,A,01383863
2604,Texas,48157,48,157,48157,Fort Bend,Fort Bend County,06,H1,A,01383864
2605,Texas,48159,48,159,48159,Franklin,Franklin County,06,H1,A,01383865
2606,Texas,48161,48,161,48161,Freestone,Freestone County,06,H1,A,01383866
2607,Texas,48163,48,163,48163,Frio,Frio County,06,H1,A,01383867
2608,Texas,48165,48,165,48165,Gaines,Gaines County,06,H1,A,01383868
2609,Texas,48167,48,167,48167,Galveston,Galveston County,06,H1,A,01383869
2610,Texas,48169,48,169,48169,Garza,Garza County,06,H1,A,01383870
2611,Texas,48171,48,171,48171,Gillespie,Gillespie County,06,H1,A,01383871
2612,Texas,48173,48,173,48173,Glasscock,Glasscock County,06,H1,A,01383872
2613,Texas,48175,48,175,48175,Goliad,Goliad County,06,H1,A,01383873
2614,Texas,48177,48,177,48177,Gonzales,Gonzales County,06,H1,A,01383874
2615,Texas,48179,48,179,48179,Gray,Gray County,06,H1,A,01383875
2616,Texas,48181,48,181,48181,Grayson,Grayson County,06,H1,A,01383876
2617,Texas,48183,48,183,48183,Gregg,Gregg County,06,H1,A,01383877
2618,Texas,48185,48,185,48185,Grimes,Grimes County,06,H1,A,01383878
2619,Texas,48187,48,187,48187,Guadalupe,Guadalupe County,06,H1,A,01383879
2620,Texas,48189,48,189,48189,Hale,Hale County,06,H1,A,01383880
2621,Texas,48191,48,191,48191,Hall,Hall County,06,H1,A,01383881
2622,Texas,48193,48,193,48193,Hamilton,Hamilton County,06,H1,A,01383882
2623,Texas,48195,48,195,48195,Hansford,Hansford County,06,H1,A,01383883
2624,Texas,48197,48,197,48197,Hardeman,Hardeman County,06,H1,A,01383884
2625,Texas,48199,48,199,48199,Hardin,Hardin County,06,H1,A,01383885
2626,Texas,48201,48,201,48201,Harris,Harris County,06,H1,A,01383886
2627,Texas,48203,48,203,48203,Harrison,Harrison County,06,H1,A,01383887
2628,Texas,48205,48,205,48205,Hartley,Hartley County,06,H1,A,01383888
2629,Texas,48207,48,207,48207,Haskell,Haskell County,06,H1,A,01383889
2630,Texas,48209,48,209,48209,Hays,Hays County,06,H1,A,01383890
2631,Texas,48211,48,211,48211,Hemphill,Hemphill County,06,H1,A,01383891
2632,Texas,48213,48,213,48213,Henderson,Henderson County,06,H1,A,01383892
2633,Texas,48215,48,215,48215,Hidalgo,Hidalgo County,06,H1,A,01383893
2634,Texas,48217,48,217,48217,Hill,Hill County,06,H1,A,01383894
2635,Texas,48219,48,219,48219,Hockley,Hockley County,06,H1,A,01383895
2636,Texas,48221,48,221,48221,Hood,Hood County,06,H1,A,01383896
2637,Texas,48223,48,223,48223,Hopkins,Hopkins County,06,H1,A,01383897
2638,Texas,48225,48,225,48225,Houston,Houston County,06,H1,A,01383898
2639,Texas,48227,48,227,48227,Howard,Howard County,06,H1,A,01383899
2640,Texas,48229,48,229,48229,Hudspeth,Hudspeth County,06,H1,A,01383900
2641,Texas,48231,48,231,48231,Hunt,Hunt County,06,H1,A,01383901
2642,Texas,48233,48,233,48233,Hutchinson,Hutchinson County,06,H1,A,01383902
2643,Texas,48235,48,235,48235,Irion,Irion County,06,H1,A,01383903
2644,Texas,48237,48,237,48237,Jack,Jack County,06,H1,A,01383904
2645,Texas,48239,48,239,48239,Jackson,Jackson County,06,H1,A,01383905
2646,Texas,48241,48,241,48241,Jasper,Jasper County,06,H1,A,01383906
2647,Texas,48243,48,243,48243,Jeff Davis,Jeff Davis County,06,H1,A,01383907
2648,Texas,48245,48,245,48245,Jefferson,Jefferson County,06,H1,A,01383908
2649,Texas,48247,48,247,48247,Jim Hogg,Jim Hogg County,06,H1,A,01383909
2650,Texas,48249,48,249,48249,Jim Wells,Jim Wells County,06,H1,A,01383910
2651,Texas,48251,48,251,48251,Johnson,Johnson County,06,H1,A,01383911
2652,Texas,48253,48,253,48253,Jones,Jones County,06,H1,A,01383912
2653,Texas,48255,48,255,48255,Karnes,Karnes County,06,H1,A,01383913
2654,Texas,48257,48,257,48257,Kaufman,Kaufman County,06,H1,A,01383914
2655,Texas,48259,48,259,48259,Kendall,Kendall County,06,H1,A,01383915
2656,Texas,48261,48,261,48261,Kenedy,Kenedy County,06,H1,A,01383916
2657,Texas,48263,48,263,48263,Kent,Kent County,06,H1,A,01383917
2658,Texas,48265,48,265,48265,Kerr,Kerr County,06,H1,A,01383918
2659,Texas,48267,48,267,48267,Kimble,Kimble County,06,H1,A,01383919
2660,Texas,48269,48,269,48269,King,King County,06,H1,A,01383920
2661,Texas,48271,48,271,48271,Kinney,Kinney County,06,H1,A,01383921
2662,Texas,48273,48,273,48273,Kleberg,Kleberg County,06,H1,A,01383922
2663,Texas,48275,48,275,48275,Knox,Knox County,06,H1,A,01383923
2664,Texas,48277,48,277,48277,Lamar,Lamar County,06,H1,A,01383925
2665,Texas,48279,48,279,48279,Lamb,Lamb County,06,H1,A,01383926
2666,Texas,48281,48,281,48281,Lampasas,Lampasas County,06,H1,A,01383927
2667,Texas,48283,48,283,48283,La Salle,La Salle County,06,H1,A,01383924
2668,Texas,48285,48,285,48285,Lavaca,Lavaca County,06,H1,A,01383928
2669,Texas,48287,48,287,48287,Lee,Lee County,06,H1,A,01383929
2670,Texas,48289,48,289,48289,Leon,Leon County,06,H1,A,01383930
2671,Texas,48291,48,291,48291,Liberty,Liberty County,06,H1,A,01383931
2672,Texas,48293,48,293,48293,Limestone,Limestone County,06,H1,A,01383932
2673,Texas,48295,48,295,48295,Lipscomb,Lipscomb County,06,H1,A,01383933
2674,Texas,48297,48,297,48297,Live Oak,Live Oak County,06,H1,A,01383934
2675,Texas,48299,48,299,48299,Llano,Llano County,06,H1,A,01383935
2676,Texas,48301,48,301,48301,Loving,Loving County,06,H1,A,01383936
2677,Texas,48303,48,303,48303,Lubbock,Lubbock County,06,H1,A,01383937
2678,Texas,48305,48,305,48305,Lynn,Lynn County,06,H1,A,01383938
2679,Texas,48307,48,307,48307,McCulloch,McCulloch County,06,H1,A,01383945
2680,Texas,48309,48,309,48309,McLennan,McLennan County,06,H1,A,01383946
2681,Texas,48311,48,311,48311,McMullen,McMullen County,06,H1,A,01383947
2682,Texas,48313,48,313,48313,Madison,Madison County,06,H1,A,01383939
2683,Texas,48315,48,315,48315,Marion,Marion County,06,H1,A,01383940
2684,Texas,48317,48,317,48317,Martin,Martin County,06,H1,A,01383941
2685,Texas,48319,48,319,48319,Mason,Mason County,06,H1,A,01383942
2686,Texas,48321,48,321,48321,Matagorda,Matagorda County,06,H1,A,01383943
2687,Texas,48323,48,323,48323,Maverick,Maverick County,06,H1,A,01383944
2688,Texas,48325,48,325,48325,Medina,Medina County,06,H1,A,01383948
2689,Texas,48327,48,327,48327,Menard,Menard County,06,H1,A,01383949
2690,Texas,48329,48,329,48329,Midland,Midland County,06,H1,A,01383950
2691,Texas,48331,48,331,48331,Milam,Milam County,06,H1,A,01383951
2692,Texas,48333,48,333,48333,Mills,Mills County,06,H1,A,01383952
2693,Texas,48335,48,335,48335,Mitchell,Mitchell County,06,H1,A,01383953
2694,Texas,48337,48,337,48337,Montague,Montague County,06,H1,A,01383954
2695,Texas,48339,48,339,48339,Montgomery,Montgomery County,06,H1,A,01383955
2696,Texas,48341,48,341,48341,Moore,Moore County,06,H1,A,01383956
2697,Texas,48343,48,343,48343,Morris,Morris County,06,H1,A,01383957
2698,Texas,48345,48,345,48345,Motley,Motley County,06,H1,A,01383958
2699,Texas,48347,48,347,48347,Nacogdoches,Nacogdoches County,06,H1,A,01383959
2700,Texas,48349,48,349,48349,Navarro,Navarro County,06,H1,A,01383960
2701,Texas,48351,48,351,48351,Newton,Newton County,06,H1,A,01383961
2702,Texas,48353,48,353,48353,Nolan,Nolan County,06,H1,A,01383962
2703,Texas,48355,48,355,48355,Nueces,Nueces County,06,H1,A,01383963
2704,Texas,48357,48,357,48357,Ochiltree,Ochiltree County,06,H1,A,01383964
2705,Texas,48359,48,359,48359,Oldham,Oldham County,06,H1,A,01383965
2706,Texas,48361,48,361,48361,Orange,Orange County,06,H1,A,01383966
2707,Texas,48363,48,363,48363,Palo Pinto,Palo Pinto County,06,H1,A,01383967
2708,Texas,48365,48,365,48365,Panola,Panola County,06,H1,A,01383968
2709,Texas,48367,48,367,48367,Parker,Parker County,06,H1,A,01383969
2710,Texas,48369,48,369,48369,Parmer,Parmer County,06,H1,A,01383970
2711,Texas,48371,48,371,48371,Pecos,Pecos County,06,H1,A,01383971
2712,Texas,48373,48,373,48373,Polk,Polk County,06,H1,A,01383972
2713,Texas,48375,48,375,48375,Potter,Potter County,06,H1,A,01383973
2714,Texas,48377,48,377,48377,Presidio,Presidio County,06,H1,A,01383974
2715,Texas,48379,48,379,48379,Rains,Rains County,06,H1,A,01383975
2716,Texas,48381,48,381,48381,Randall,Randall County,06,H1,A,01383976
2717,Texas,48383,48,383,48383,Reagan,Reagan County,06,H1,A,01383977
2718,Texas,48385,48,385,48385,Real,Real County,06,H1,A,01383978
2719,Texas,48387,48,387,48387,Red River,Red River County,06,H1,A,01383979
2720,Texas,48389,48,389,48389,Reeves,Reeves County,06,H1,A,01383980
2721,Texas,48391,48,391,48391,Refugio,Refugio County,06,H1,A,01383981
2722,Texas,48393,48,393,48393,Roberts,Roberts County,06,H1,A,01383982
2723,Texas,48395,48,395,48395,Robertson,Robertson County,06,H1,A,01383983
2724,Texas,48397,48,397,48397,Rockwall,Rockwall County,06,H1,A,01383984
2725,Texas,48399,48,399,48399,Runnels,Runnels County,06,H1,A,01383985
2726,Texas,48401,48,401,48401,Rusk,Rusk County,06,H1,A,01383986
2727,Texas,48403,48,403,48403,Sabine,Sabine County,06,H1,A,01383987
2728,Texas,48405,48,405,48405,San Augustine,San Augustine County,06,H1,A,01383988
2729,Texas,48407,48,407,48407,San Jacinto,San Jacinto County,06,H1,A,01383989
2730,Texas,48409,48,409,48409,San Patricio,San Patricio County,06,H1,A,01383990
2731,Texas,48411,48,411,48411,San Saba,San Saba County,06,H1,A,01383991
2732,Texas,48413,48,413,48413,Schleicher,Schleicher County,06,H1,A,01383992
2733,Texas,48415,48,415,48415,Scurry,Scurry County,06,H1,A,01383993
2734,Texas,48417,48,417,48417,Shackelford,Shackelford County,06,H1,A,01383994
2735,Texas,48419,48,419,48419,Shelby,Shelby County,06,H1,A,01383995
2736,Texas,48421,48,421,48421,Sherman,Sherman County,06,H1,A,01383996
2737,Texas,48423,48,423,48423,Smith,Smith County,06,H1,A,01383997
2738,Texas,48425,48,425,48425,Somervell,Somervell County,06,H1,A,01383998
2739,Texas,48427,48,427,48427,Starr,Starr County,06,H1,A,01383999
2740,Texas,48429,48,429,48429,Stephens,Stephens County,06,H1,A,01384000
2741,Texas,48431,48,431,48431,Sterling,Sterling County,06,H1,A,01384001
2742,Texas,48433,48,433,48433,Stonewall,Stonewall County,06,H1,A,01384002
2743,Texas,48435,48,435,48435,Sutton,Sutton County,06,H1,A,01384003
2744,Texas,48437,48,437,48437,Swisher,Swisher County,06,H1,A,01384004
2745,Texas,48439,48,439,48439,Tarrant,Tarrant County,06,H1,A,01384005
2746,Texas,48441,48,441,48441,Taylor,Taylor County,06,H1,A,01384006
2747,Texas,48443,48,443,48443,Terrell,Terrell County,06,H1,A,01384007
2748,Texas,48445,48,445,48445,Terry,Terry County,06,H1,A,01384008
2749,Texas,48447,48,447,48447,Throckmorton,Throckmorton County,06,H1,A,01384009
2750,Texas,48449,48,449,48449,Titus,Titus County,06,H1,A,01384010
2751,Texas,48451,48,451,48451,Tom Green,Tom Green County,06,H1,A,01384011
2752,Texas,48453,48,453,48453,Travis,Travis County,06,H1,A,01384012
2753,Texas,48455,48,455,48455,Trinity,Trinity County,06,H1,A,01384013
2754,Texas,48457,48,457,48457,Tyler,Tyler County,06,H1,A,01384014
2755,Texas,48459,48,459,48459,Upshur,Upshur County,06,H1,A,01384015
2756,Texas,48461,48,461,48461,Upton,Upton County,06,H1,A,01384016
2757,Texas,48463,48,463,48463,Uvalde,Uvalde County,06,H1,A,01384017
2758,Texas,48465,48,465,48465,Val Verde,Val Verde County,06,H1,A,01384018
2759,Texas,48467,48,467,48467,Van Zandt,Van Zandt County,06,H1,A,01384019
2760,Texas,48469,48,469,48469,Victoria,Victoria County,06,H1,A,01384020
2761,Texas,48471,48,471,48471,Walker,Walker County,06,H1,A,01384021
2762,Texas,48473,48,473,48473,Waller,Waller County,06,H1,A,01384022
2763,Texas,48475,48,475,48475,Ward,Ward County,06,H1,A,01384023
2764,Texas,48477,48,477,48477,Washington,Washington County,06,H1,A,01384024
2765,Texas,48479,48,479,48479,Webb,Webb County,06,H1,A,01384025
2766,Texas,48481,48,481,48481,Wharton,Wharton County,06,H1,A,01384026
2767,Texas,48483,48,483,48483,Wheeler,Wheeler County,06,H1,A,01384027
2768,Texas,48485,48,485,48485,Wichita,Wichita County,06,H1,A,01384028
2769,Texas,48487,48,487,48487,Wilbarger,Wilbarger County,06,H1,A,01384029
2770,Texas,48489,48,489,48489,Willacy,Willacy County,06,H1,A,01384030
2771,Texas,48491,48,491,48491,Williamson,Williamson County,06,H1,A,01384031
2772,Texas,48493,48,493,48493,Wilson,Wilson County,06,H1,A,01384032
2773,Texas,48495,48,495,48495,Winkler,Winkler County,06,H1,A,01384033
2774,Texas,48497,48,497,48497,Wise,Wise County,06,H1,A,01384034
2775,Texas,48499,48,499,48499,Wood,Wood County,06,H1,A,01384035
2776,Texas,48501,48,501,48501,Yoakum,Yoakum County,06,H1,A,01384036
2777,Texas,48503,48,503,48503,Young,Young County,06,H1,A,01384037
2778,Texas,48505,48,505,48505,Zapata,Zapata County,06,H1,A,01384038
2779,Texas,48507,48,507,48507,Zavala,Zavala County,06,H1,A,01384039
2780,Utah,49001,49,001,49001,Beaver,Beaver County,06,H1,A,01448015
2781,Utah,49003,49,003,49003,Box Elder,Box Elder County,06,H1,A,01455966
2782,Utah,49005,49,005,49005,Cache,Cache County,06,H1,A,01448017
2783,Utah,49007,49,007,49007,Carbon,Carbon County,06,H1,A,01448018
2784,Utah,49009,49,009,49009,Daggett,Daggett County,06,H1,A,01448019
2785,Utah,49011,49,011,49011,Davis,Davis County,06,H1,A,01448020
2786,Utah,49013,49,013,49013,Duchesne,Duchesne County,06,H1,A,01448021
2787,Utah,49015,49,015,49015,Emery,Emery County,06,H1,A,01448022
2788,Utah,49017,49,017,49017,Garfield,Garfield County,06,H1,A,01448023
2789,Utah,49019,49,019,49019,Grand,Grand County,06,H1,A,01448024
2790,Utah,49021,49,021,49021,Iron,Iron County,06,H1,A,01448025
2791,Utah,49023,49,023,49023,Juab,Juab County,06,H1,A,01455158
2792,Utah,49025,49,025,49025,Kane,Kane County,06,H1,A,01448026
2793,Utah,49027,49,027,49027,Millard,Millard County,06,H1,A,01448027
2794,Utah,49029,49,029,49029,Morgan,Morgan County,06,H1,A,01448028
2795,Utah,49031,49,031,49031,Piute,Piute County,06,H1,A,01448029
2796,Utah,49033,49,033,49033,Rich,Rich County,06,H1,A,01448030
2797,Utah,49035,49,035,49035,Salt Lake,Salt Lake County,06,H1,A,01448031
2798,Utah,49037,49,037,49037,San Juan,San Juan County,06,H1,A,01448032
2799,Utah,49039,49,039,49039,Sanpete,Sanpete County,06,H1,A,01448033
2800,Utah,49041,49,041,49041,Sevier,Sevier County,06,H1,A,01448034
2801,Utah,49043,49,043,49043,Summit,Summit County,06,H1,A,01448035
2802,Utah,49045,49,045,49045,Tooele,Tooele County,06,H1,A,01448036
2803,Utah,49047,49,047,49047,Uintah,Uintah County,06,H1,A,01448037
2804,Utah,49049,49,049,49049,Utah,Utah County,06,H1,A,01448038
2805,Utah,49051,49,051,49051,Wasatch,Wasatch County,06,H1,A,01448039
2806,Utah,49053,49,053,49053,Washington,Washington County,06,H1,A,01448040
2807,Utah,49055,49,055,49055,Wayne,Wayne County,06,H1,A,01448041
2808,Utah,49057,49,057,49057,Weber,Weber County,06,H1,A,01448042
2809,Vermont,50001,50,001,50001,Addison,Addison County,06,H1,A,01461757
2810,Vermont,50003,50,003,50003,Bennington,Bennington County,06,H1,A,01461758
2811,Vermont,50005,50,005,50005,Caledonia,Caledonia County,06,H1,A,01461759
2812,Vermont,50007,50,007,50007,Chittenden,Chittenden County,06,H1,A,01461760
2813,Vermont,50009,50,009,50009,Essex,Essex County,06,H1,A,01461761
2814,Vermont,50011,50,011,50011,Franklin,Franklin County,06,H1,A,01461762
2815,Vermont,50013,50,013,50013,Grand Isle,Grand Isle County,06,H1,A,01461763
2816,Vermont,50015,50,015,50015,Lamoille,Lamoille County,06,H1,A,01461764
2817,Vermont,50017,50,017,50017,Orange,Orange County,06,H1,A,01461765
2818,Vermont,50019,50,019,50019,Orleans,Orleans County,06,H1,A,01461766
2819,Vermont,50021,50,021,50021,Rutland,Rutland County,06,H1,A,01461767
2820,Vermont,50023,50,023,50023,Washington,Washington County,06,H1,A,01461768
2821,Vermont,50025,50,025,50025,Windham,Windham County,06,H1,A,01461769
2822,Vermont,50027,50,027,50027,Windsor,Windsor County,06,H1,A,01461770
2823,Virginia,51001,51,001,51001,Accomack,Accomack County,06,H1,A,01480091
2824,Virginia,51003,51,003,51003,Albemarle,Albemarle County,06,H1,A,01675170
2825,Virginia,51005,51,005,51005,Alleghany,Alleghany County,06,H1,A,01673675
2826,Virginia,51007,51,007,51007,Amelia,Amelia County,06,H1,A,01497770
2827,Virginia,51009,51,009,51009,Amherst,Amherst County,06,H1,A,01480095
2828,Virginia,51011,51,011,51011,Appomattox,Appomattox County,06,H1,A,01497238
2829,Virginia,51013,51,013,51013,Arlington,Arlington County,06,H1,A,01480097
2830,Virginia,51015,51,015,51015,Augusta,Augusta County,06,H1,A,01480098
2831,Virginia,51017,51,017,51017,Bath,Bath County,06,H1,A,01673638
2832,Virginia,51019,51,019,51019,Bedford,Bedford County,06,H1,A,01674818
2833,Virginia,51021,51,021,51021,Bland,Bland County,06,H1,A,01494613
2834,Virginia,51023,51,023,51023,Botetourt,Botetourt County,06,H1,A,01674418
2835,Virginia,51025,51,025,51025,Brunswick,Brunswick County,06,H1,A,01493961
2836,Virginia,51027,51,027,51027,Buchanan,Buchanan County,06,H1,A,01497431
2837,Virginia,51029,51,029,51029,Buckingham,Buckingham County,06,H1,A,01501502
2838,Virginia,51031,51,031,51031,Campbell,Campbell County,06,H1,A,01674917
2839,Virginia,51033,51,033,51033,Caroline,Caroline County,06,H1,A,01480107
2840,Virginia,51035,51,035,51035,Carroll,Carroll County,06,H1,A,01480108
2841,Virginia,51036,51,036,51036,Charles City,Charles City County,06,H1,A,01480109
2842,Virginia,51037,51,037,51037,Charlotte,Charlotte County,06,H1,A,01492442
2843,Virginia,51041,51,041,51041,Chesterfield,Chesterfield County,06,H1,A,01480111
2844,Virginia,51043,51,043,51043,Clarke,Clarke County,06,H1,A,01690562
2845,Virginia,51045,51,045,51045,Craig,Craig County,06,H1,A,01673664
2846,Virginia,51047,51,047,51047,Culpeper,Culpeper County,06,H1,A,01497831
2847,Virginia,51049,51,049,51049,Cumberland,Cumberland County,06,H1,A,01494109
2848,Virginia,51051,51,051,51051,Dickenson,Dickenson County,06,H1,A,01497376
2849,Virginia,51053,51,053,51053,Dinwiddie,Dinwiddie County,06,H1,A,01690739
2850,Virginia,51057,51,057,51057,Essex,Essex County,06,H1,A,01480118
2851,Virginia,51059,51,059,51059,Fairfax,Fairfax County,06,H1,A,01480119
2852,Virginia,51061,51,061,51061,Fauquier,Fauquier County,06,H1,A,01480120
2853,Virginia,51063,51,063,51063,Floyd,Floyd County,06,H1,A,01494354
2854,Virginia,51065,51,065,51065,Fluvanna,Fluvanna County,06,H1,A,01494061
2855,Virginia,51067,51,067,51067,Franklin,Franklin County,06,H1,A,01494434
2856,Virginia,51069,51,069,51069,Frederick,Frederick County,06,H1,A,01480124
2857,Virginia,51071,51,071,51071,Giles,Giles County,06,H1,A,01494551
2858,Virginia,51073,51,073,51073,Gloucester,Gloucester County,06,H1,A,01480126
2859,Virginia,51075,51,075,51075,Goochland,Goochland County,06,H1,A,01674271
2860,Virginia,51077,51,077,51077,Grayson,Grayson County,06,H1,A,01501196
2861,Virginia,51079,51,079,51079,Greene,Greene County,06,H1,A,01480129
2862,Virginia,51081,51,081,51081,Greensville,Greensville County,06,H1,A,01501122
2863,Virginia,51083,51,083,51083,Halifax,Halifax County,06,H1,A,01496705
2864,Virginia,51085,51,085,51085,Hanover,Hanover County,06,H1,A,01480132
2865,Virginia,51087,51,087,51087,Henrico,Henrico County,06,H1,A,01480133
2866,Virginia,51089,51,089,51089,Henry,Henry County,06,H1,A,01502770
2867,Virginia,51091,51,091,51091,Highland,Highland County,06,H1,A,01673774
2868,Virginia,51093,51,093,51093,Isle of Wight,Isle of Wight County,06,H1,A,01702378
2869,Virginia,51095,51,095,51095,James City,James City County,06,H1,A,01480135
2870,Virginia,51097,51,097,51097,King and Queen,King and Queen County,06,H1,A,01480136
2871,Virginia,51099,51,099,51099,King George,King George County,06,H1,A,01480137
2872,Virginia,51101,51,101,51101,King William,King William County,06,H1,A,01480138
2873,Virginia,51103,51,103,51103,Lancaster,Lancaster County,06,H1,A,01480139
2874,Virginia,51105,51,105,51105,Lee,Lee County,06,H1,A,01496538
2875,Virginia,51107,51,107,51107,Loudoun,Loudoun County,06,H1,A,01480141
2876,Virginia,51109,51,109,51109,Louisa,Louisa County,06,H1,A,01494707
2877,Virginia,51111,51,111,51111,Lunenburg,Lunenburg County,06,H1,A,01492239
2878,Virginia,51113,51,113,51113,Madison,Madison County,06,H1,A,01494590
2879,Virginia,51115,51,115,51115,Mathews,Mathews County,06,H1,A,01480145
2880,Virginia,51117,51,117,51117,Mecklenburg,Mecklenburg County,06,H1,A,01500747
2881,Virginia,51119,51,119,51119,Middlesex,Middlesex County,06,H1,A,01480147
2882,Virginia,51121,51,121,51121,Montgomery,Montgomery County,06,H1,A,01674630
2883,Virginia,51125,51,125,51125,Nelson,Nelson County,06,H1,A,01500936
2884,Virginia,51127,51,127,51127,New Kent,New Kent County,06,H1,A,01480150
2885,Virginia,51131,51,131,51131,Northampton,Northampton County,06,H1,A,01480151
2886,Virginia,51133,51,133,51133,Northumberland,Northumberland County,06,H1,A,01480152
2887,Virginia,51135,51,135,51135,Nottoway,Nottoway County,06,H1,A,01493928
2888,Virginia,51137,51,137,51137,Orange,Orange County,06,H1,A,01494761
2889,Virginia,51139,51,139,51139,Page,Page County,06,H1,A,01500440
2890,Virginia,51141,51,141,51141,Patrick,Patrick County,06,H1,A,01497999
2891,Virginia,51143,51,143,51143,Pittsylvania,Pittsylvania County,06,H1,A,01480157
2892,Virginia,51145,51,145,51145,Powhatan,Powhatan County,06,H1,A,01674225
2893,Virginia,51147,51,147,51147,Prince Edward,Prince Edward County,06,H1,A,01492359
2894,Virginia,51149,51,149,51149,Prince George,Prince George County,06,H1,A,01480160
2895,Virginia,51153,51,153,51153,Prince William,Prince William County,06,H1,A,01480161
2896,Virginia,51155,51,155,51155,Pulaski,Pulaski County,06,H1,A,01501465
2897,Virginia,51157,51,157,51157,Rappahannock,Rappahannock County,06,H1,A,01673976
2898,Virginia,51159,51,159,51159,Richmond,Richmond County,06,H1,A,01480164
2899,Virginia,51161,51,161,51161,Roanoke,Roanoke County,06,H1,A,01480165
2900,Virginia,51163,51,163,51163,Rockbridge,Rockbridge County,06,H1,A,01480166
2901,Virginia,51165,51,165,51165,Rockingham,Rockingham County,06,H1,A,01488970
2902,Virginia,51167,51,167,51167,Russell,Russell County,06,H1,A,01497573
2903,Virginia,51169,51,169,51169,Scott,Scott County,06,H1,A,01498172
2904,Virginia,51171,51,171,51171,Shenandoah,Shenandoah County,06,H1,A,01673918
2905,Virginia,51173,51,173,51173,Smyth,Smyth County,06,H1,A,01500545
2906,Virginia,51175,51,175,51175,Southampton,Southampton County,06,H1,A,01480171
2907,Virginia,51177,51,177,51177,Spotsylvania,Spotsylvania County,06,H1,A,01480172
2908,Virginia,51179,51,179,51179,Stafford,Stafford County,06,H1,A,01480173
2909,Virginia,51181,51,181,51181,Surry,Surry County,06,H1,A,01480174
2910,Virginia,51183,51,183,51183,Sussex,Sussex County,06,H1,A,01690257
2911,Virginia,51185,51,185,51185,Tazewell,Tazewell County,06,H1,A,01497748
2912,Virginia,51187,51,187,51187,Warren,Warren County,06,H1,A,01674058
2913,Virginia,51191,51,191,51191,Washington,Washington County,06,H1,A,01498359
2914,Virginia,51193,51,193,51193,Westmoreland,Westmoreland County,06,H1,A,01480179
2915,Virginia,51195,51,195,51195,Wise,Wise County,06,H1,A,01496656
2916,Virginia,51197,51,197,51197,Wythe,Wythe County,06,H1,A,01501379
2917,Virginia,51199,51,199,51199,York,York County,06,H1,A,01480182
2918,Virginia,51510,51,510,51510,Alexandria,Alexandria city,25,C7,F,01498415
2919,Virginia,51520,51,520,51520,Bristol,Bristol city,25,C7,F,01498416
2920,Virginia,51530,51,530,51530,Buena Vista,Buena Vista city,25,C7,F,01498417
2921,Virginia,51540,51,540,51540,Charlottesville,Charlottesville city,25,C7,F,01789068
2922,Virginia,51550,51,550,51550,Chesapeake,Chesapeake city,25,C7,F,01498558
2923,Virginia,51570,51,570,51570,Colonial Heights,Colonial Heights city,25,C7,F,01498420
2924,Virginia,51580,51,580,51580,Covington,Covington city,25,C7,F,01789069
2925,Virginia,51590,51,590,51590,Danville,Danville city,25,C7,F,01498421
2926,Virginia,51595,51,595,51595,Emporia,Emporia city,25,C7,F,01498422
2927,Virginia,51600,51,600,51600,Fairfax,Fairfax city,25,C7,F,01789070
2928,Virginia,51610,51,610,51610,Falls Church,Falls Church city,25,C7,F,01498423
2929,Virginia,51620,51,620,51620,Franklin,Franklin city,25,C7,F,01498424
2930,Virginia,51630,51,630,51630,Fredericksburg,Fredericksburg city,25,C7,F,01498425
2931,Virginia,51640,51,640,51640,Galax,Galax city,25,C7,F,01498426
2932,Virginia,51650,51,650,51650,Hampton,Hampton city,25,C7,F,01498554
2933,Virginia,51660,51,660,51660,Harrisonburg,Harrisonburg city,25,C7,F,01498563
2934,Virginia,51670,51,670,51670,Hopewell,Hopewell city,25,C7,F,01498428
2935,Virginia,51678,51,678,51678,Lexington,Lexington city,25,C7,F,01789071
2936,Virginia,51680,51,680,51680,Lynchburg,Lynchburg city,25,C7,F,01498429
2937,Virginia,51683,51,683,51683,Manassas,Manassas city,25,C7,F,01498430
2938,Virginia,51685,51,685,51685,Manassas Park,Manassas Park city,25,C7,F,01498431
2939,Virginia,51690,51,690,51690,Martinsville,Martinsville city,25,C7,F,01789072
2940,Virginia,51700,51,700,51700,Newport News,Newport News city,25,C7,F,01498555
2941,Virginia,51710,51,710,51710,Norfolk,Norfolk city,25,C7,F,01498557
2942,Virginia,51720,51,720,51720,Norton,Norton city,25,C7,F,01498434
2943,Virginia,51730,51,730,51730,Petersburg,Petersburg city,25,C7,F,01498435
2944,Virginia,51735,51,735,51735,Poquoson,Poquoson city,25,C7,F,01498436
2945,Virginia,51740,51,740,51740,Portsmouth,Portsmouth city,25,C7,F,01498556
2946,Virginia,51750,51,750,51750,Radford,Radford city,25,C7,F,01498438
2947,Virginia,51760,51,760,51760,Richmond,Richmond city,25,C7,F,01789073
2948,Virginia,51770,51,770,51770,Roanoke,Roanoke city,25,C7,F,01498439
2949,Virginia,51775,51,775,51775,Salem,Salem city,25,C7,F,01789074
2950,Virginia,51790,51,790,51790,Staunton,Staunton city,25,C7,F,01789075
2951,Virginia,51800,51,800,51800,Suffolk,Suffolk city,25,C7,F,01498560
2952,Virginia,51810,51,810,51810,Virginia Beach,Virginia Beach city,25,C7,F,01498559
2953,Virginia,51820,51,820,51820,Waynesboro,Waynesboro city,25,C7,F,01498443
2954,Virginia,51830,51,830,51830,Williamsburg,Williamsburg city,25,C7,F,01789076
2955,Virginia,51840,51,840,51840,Winchester,Winchester city,25,C7,F,01789077
2956,Washington,53001,53,001,53001,Adams,Adams County,06,H1,A,01531601
2957,Washington,53003,53,003,53003,Asotin,Asotin County,06,H1,A,01533502
2958,Washington,53005,53,005,53005,Benton,Benton County,06,H1,A,01513302
2959,Washington,53007,53,007,53007,Chelan,Chelan County,06,H1,A,01531932
2960,Washington,53009,53,009,53009,Clallam,Clallam County,06,H1,A,01531341
2961,Washington,53011,53,011,53011,Clark,Clark County,06,H1,A,01531820
2962,Washington,53013,53,013,53013,Columbia,Columbia County,06,H1,A,01513273
2963,Washington,53015,53,015,53015,Cowlitz,Cowlitz County,06,H1,A,01529156
2964,Washington,53017,53,017,53017,Douglas,Douglas County,06,H1,A,01531818
2965,Washington,53019,53,019,53019,Ferry,Ferry County,06,H1,A,01531821
2966,Washington,53021,53,021,53021,Franklin,Franklin County,06,H1,A,01531822
2967,Washington,53023,53,023,53023,Garfield,Garfield County,06,H1,A,01533500
2968,Washington,53025,53,025,53025,Grant,Grant County,06,H1,A,01531924
2969,Washington,53027,53,027,53027,Grays Harbor,Grays Harbor County,06,H1,A,01531823
2970,Washington,53029,53,029,53029,Island,Island County,06,H1,A,01513272
2971,Washington,53031,53,031,53031,Jefferson,Jefferson County,06,H1,A,01531936
2972,Washington,53033,53,033,53033,King,King County,06,H1,A,01531933
2973,Washington,53035,53,035,53035,Kitsap,Kitsap County,06,H1,A,01529223
2974,Washington,53037,53,037,53037,Kittitas,Kittitas County,06,H1,A,01531926
2975,Washington,53039,53,039,53039,Klickitat,Klickitat County,06,H1,A,01529219
2976,Washington,53041,53,041,53041,Lewis,Lewis County,06,H1,A,01531927
2977,Washington,53043,53,043,53043,Lincoln,Lincoln County,06,H1,A,01514052
2978,Washington,53045,53,045,53045,Mason,Mason County,06,H1,A,01529221
2979,Washington,53047,53,047,53047,Okanogan,Okanogan County,06,H1,A,01531928
2980,Washington,53049,53,049,53049,Pacific,Pacific County,06,H1,A,01513274
2981,Washington,53051,53,051,53051,Pend Oreille,Pend Oreille County,06,H1,A,01529157
2982,Washington,53053,53,053,53053,Pierce,Pierce County,06,H1,A,01529159
2983,Washington,53055,53,055,53055,San Juan,San Juan County,06,H1,A,01531931
2984,Washington,53057,53,057,53057,Skagit,Skagit County,06,H1,A,01531402
2985,Washington,53059,53,059,53059,Skamania,Skamania County,06,H1,A,01529220
2986,Washington,53061,53,061,53061,Snohomish,Snohomish County,06,H1,A,01529222
2987,Washington,53063,53,063,53063,Spokane,Spokane County,06,H1,A,01529225
2988,Washington,53065,53,065,53065,Stevens,Stevens County,06,H1,A,01531930
2989,Washington,53067,53,067,53067,Thurston,Thurston County,06,H1,A,01529226
2990,Washington,53069,53,069,53069,Wahkiakum,Wahkiakum County,06,H1,A,01513275
2991,Washington,53071,53,071,53071,Walla Walla,Walla Walla County,06,H1,A,01531819
2992,Washington,53073,53,073,53073,Whatcom,Whatcom County,06,H1,A,01529224
2993,Washington,53075,53,075,53075,Whitman,Whitman County,06,H1,A,01533501
2994,Washington,53077,53,077,53077,Yakima,Yakima County,06,H1,A,01531929
2995,West Virginia,54001,54,001,54001,Barbour,Barbour County,06,H1,A,01696996
2996,West Virginia,54003,54,003,54003,Berkeley,Berkeley County,06,H1,A,01550008
2997,West Virginia,54005,54,005,54005,Boone,Boone County,06,H1,A,01550009
2998,West Virginia,54007,54,007,54007,Braxton,Braxton County,06,H1,A,01550010
2999,West Virginia,54009,54,009,54009,Brooke,Brooke County,06,H1,A,01558262
3000,West Virginia,54011,54,011,54011,Cabell,Cabell County,06,H1,A,01550012
3001,West Virginia,54013,54,013,54013,Calhoun,Calhoun County,06,H1,A,01696945
3002,West Virginia,54015,54,015,54015,Clay,Clay County,06,H1,A,01550014
3003,West Virginia,54017,54,017,54017,Doddridge,Doddridge County,06,H1,A,01689476
3004,West Virginia,54019,54,019,54019,Fayette,Fayette County,06,H1,A,01560095
3005,West Virginia,54021,54,021,54021,Gilmer,Gilmer County,06,H1,A,01689673
3006,West Virginia,54023,54,023,54023,Grant,Grant County,06,H1,A,01697238
3007,West Virginia,54025,54,025,54025,Greenbrier,Greenbrier County,06,H1,A,01557518
3008,West Virginia,54027,54,027,54027,Hampshire,Hampshire County,06,H1,A,01718644
3009,West Virginia,54029,54,029,54029,Hancock,Hancock County,06,H1,A,01560574
3010,West Virginia,54031,54,031,54031,Hardy,Hardy County,06,H1,A,01718557
3011,West Virginia,54033,54,033,54033,Harrison,Harrison County,06,H1,A,01718426
3012,West Virginia,54035,54,035,54035,Jackson,Jackson County,06,H1,A,01559963
3013,West Virginia,54037,54,037,54037,Jefferson,Jefferson County,06,H1,A,01550025
3014,West Virginia,54039,54,039,54039,Kanawha,Kanawha County,06,H1,A,01550026
3015,West Virginia,54041,54,041,54041,Lewis,Lewis County,06,H1,A,01550027
3016,West Virginia,54043,54,043,54043,Lincoln,Lincoln County,06,H1,A,01550028
3017,West Virginia,54045,54,045,54045,Logan,Logan County,06,H1,A,01550029
3018,West Virginia,54047,54,047,54047,McDowell,McDowell County,06,H1,A,01689162
3019,West Virginia,54049,54,049,54049,Marion,Marion County,06,H1,A,01718173
3020,West Virginia,54051,54,051,54051,Marshall,Marshall County,06,H1,A,01717539
3021,West Virginia,54053,54,053,54053,Mason,Mason County,06,H1,A,01560254
3022,West Virginia,54055,54,055,54055,Mercer,Mercer County,06,H1,A,01557645
3023,West Virginia,54057,54,057,54057,Mineral,Mineral County,06,H1,A,01717890
3024,West Virginia,54059,54,059,54059,Mingo,Mingo County,06,H1,A,01550036
3025,West Virginia,54061,54,061,54061,Monongalia,Monongalia County,06,H1,A,01550037
3026,West Virginia,54063,54,063,54063,Monroe,Monroe County,06,H1,A,01557702
3027,West Virginia,54065,54,065,54065,Morgan,Morgan County,06,H1,A,01557950
3028,West Virginia,54067,54,067,54067,Nicholas,Nicholas County,06,H1,A,01550040
3029,West Virginia,54069,54,069,54069,Ohio,Ohio County,06,H1,A,01717163
3030,West Virginia,54071,54,071,54071,Pendleton,Pendleton County,06,H1,A,01550042
3031,West Virginia,54073,54,073,54073,Pleasants,Pleasants County,06,H1,A,01678557
3032,West Virginia,54075,54,075,54075,Pocahontas,Pocahontas County,06,H1,A,01550044
3033,West Virginia,54077,54,077,54077,Preston,Preston County,06,H1,A,01558642
3034,West Virginia,54079,54,079,54079,Putnam,Putnam County,06,H1,A,01550046
3035,West Virginia,54081,54,081,54081,Raleigh,Raleigh County,06,H1,A,01550047
3036,West Virginia,54083,54,083,54083,Randolph,Randolph County,06,H1,A,01550048
3037,West Virginia,54085,54,085,54085,Ritchie,Ritchie County,06,H1,A,01689049
3038,West Virginia,54087,54,087,54087,Roane,Roane County,06,H1,A,01550050
3039,West Virginia,54089,54,089,54089,Summers,Summers County,06,H1,A,01557805
3040,West Virginia,54091,54,091,54091,Taylor,Taylor County,06,H1,A,01689856
3041,West Virginia,54093,54,093,54093,Tucker,Tucker County,06,H1,A,01689423
3042,West Virginia,54095,54,095,54095,Tyler,Tyler County,06,H1,A,01678706
3043,West Virginia,54097,54,097,54097,Upshur,Upshur County,06,H1,A,01696800
3044,West Virginia,54099,54,099,54099,Wayne,Wayne County,06,H1,A,01550056
3045,West Virginia,54101,54,101,54101,Webster,Webster County,06,H1,A,01550057
3046,West Virginia,54103,54,103,54103,Wetzel,Wetzel County,06,H1,A,01717836
3047,West Virginia,54105,54,105,54105,Wirt,Wirt County,06,H1,A,01678877
3048,West Virginia,54107,54,107,54107,Wood,Wood County,06,H1,A,01560558
3049,West Virginia,54109,54,109,54109,Wyoming,Wyoming County,06,H1,A,01550061
3050,Wisconsin,55001,55,001,55001,Adams,Adams County,06,H1,A,01581060
3051,Wisconsin,55003,55,003,55003,Ashland,Ashland County,06,H1,A,01581061
3052,Wisconsin,55005,55,005,55005,Barron,Barron County,06,H1,A,01581062
3053,Wisconsin,55007,55,007,55007,Bayfield,Bayfield County,06,H1,A,01581063
3054,Wisconsin,55009,55,009,55009,Brown,Brown County,06,H1,A,01581064
3055,Wisconsin,55011,55,011,55011,Buffalo,Buffalo County,06,H1,A,01581065
3056,Wisconsin,55013,55,013,55013,Burnett,Burnett County,06,H1,A,01581066
3057,Wisconsin,55015,55,015,55015,Calumet,Calumet County,06,H1,A,01581067
3058,Wisconsin,55017,55,017,55017,Chippewa,Chippewa County,06,H1,A,01581068
3059,Wisconsin,55019,55,019,55019,Clark,Clark County,06,H1,A,01581069
3060,Wisconsin,55021,55,021,55021,Columbia,Columbia County,06,H1,A,01581070
3061,Wisconsin,55023,55,023,55023,Crawford,Crawford County,06,H1,A,01581071
3062,Wisconsin,55025,55,025,55025,Dane,Dane County,06,H1,A,01581072
3063,Wisconsin,55027,55,027,55027,Dodge,Dodge County,06,H1,A,01581073
3064,Wisconsin,55029,55,029,55029,Door,Door County,06,H1,A,01581074
3065,Wisconsin,55031,55,031,55031,Douglas,Douglas County,06,H1,A,01581075
3066,Wisconsin,55033,55,033,55033,Dunn,Dunn County,06,H1,A,01581076
3067,Wisconsin,55035,55,035,55035,Eau Claire,Eau Claire County,06,H1,A,01581077
3068,Wisconsin,55037,55,037,55037,Florence,Florence County,06,H1,A,01581078
3069,Wisconsin,55039,55,039,55039,Fond du Lac,Fond du Lac County,06,H1,A,01581079
3070,Wisconsin,55041,55,041,55041,Forest,Forest County,06,H1,A,01581080
3071,Wisconsin,55043,55,043,55043,Grant,Grant County,06,H1,A,01581081
3072,Wisconsin,55045,55,045,55045,Green,Green County,06,H1,A,01581082
3073,Wisconsin,55047,55,047,55047,Green Lake,Green Lake County,06,H1,A,01581083
3074,Wisconsin,55049,55,049,55049,Iowa,Iowa County,06,H1,A,01581084
3075,Wisconsin,55051,55,051,55051,Iron,Iron County,06,H1,A,01581085
3076,Wisconsin,55053,55,053,55053,Jackson,Jackson County,06,H1,A,01581086
3077,Wisconsin,55055,55,055,55055,Jefferson,Jefferson County,06,H1,A,01581087
3078,Wisconsin,55057,55,057,55057,Juneau,Juneau County,06,H1,A,01581088
3079,Wisconsin,55059,55,059,55059,Kenosha,Kenosha County,06,H1,A,01581089
3080,Wisconsin,55061,55,061,55061,Kewaunee,Kewaunee County,06,H1,A,01581090
3081,Wisconsin,55063,55,063,55063,La Crosse,La Crosse County,06,H1,A,01581091
3082,Wisconsin,55065,55,065,55065,Lafayette,Lafayette County,06,H1,A,01581092
3083,Wisconsin,55067,55,067,55067,Langlade,Langlade County,06,H1,A,01581093
3084,Wisconsin,55069,55,069,55069,Lincoln,Lincoln County,06,H1,A,01581094
3085,Wisconsin,55071,55,071,55071,Manitowoc,Manitowoc County,06,H1,A,01581095
3086,Wisconsin,55073,55,073,55073,Marathon,Marathon County,06,H1,A,01581096
3087,Wisconsin,55075,55,075,55075,Marinette,Marinette County,06,H1,A,01581097
3088,Wisconsin,55077,55,077,55077,Marquette,Marquette County,06,H1,A,01581098
3089,Wisconsin,55078,55,078,55078,Menominee,Menominee County,06,H1,A,01581099
3090,Wisconsin,55079,55,079,55079,Milwaukee,Milwaukee County,06,H1,A,01581100
3091,Wisconsin,55081,55,081,55081,Monroe,Monroe County,06,H1,A,01581101
3092,Wisconsin,55083,55,083,55083,Oconto,Oconto County,06,H1,A,01581102
3093,Wisconsin,55085,55,085,55085,Oneida,Oneida County,06,H1,A,01581103
3094,Wisconsin,55087,55,087,55087,Outagamie,Outagamie County,06,H1,A,01581104
3095,Wisconsin,55089,55,089,55089,Ozaukee,Ozaukee County,06,H1,A,01581105
3096,Wisconsin,55091,55,091,55091,Pepin,Pepin County,06,H1,A,01581106
3097,Wisconsin,55093,55,093,55093,Pierce,Pierce County,06,H1,A,01581107
3098,Wisconsin,55095,55,095,55095,Polk,Polk County,06,H1,A,01581108
3099,Wisconsin,55097,55,097,55097,Portage,Portage County,06,H1,A,01581109
3100,Wisconsin,55099,55,099,55099,Price,Price County,06,H1,A,01581110
3101,Wisconsin,55101,55,101,55101,Racine,Racine County,06,H1,A,01581111
3102,Wisconsin,55103,55,103,55103,Richland,Richland County,06,H1,A,01581112
3103,Wisconsin,55105,55,105,55105,Rock,Rock County,06,H1,A,01581113
3104,Wisconsin,55107,55,107,55107,Rusk,Rusk County,06,H1,A,01581114
3105,Wisconsin,55109,55,109,55109,St. Croix,St. Croix County,06,H1,A,01581833
3106,Wisconsin,55111,55,111,55111,Sauk,Sauk County,06,H1,A,01581115
3107,Wisconsin,55113,55,113,55113,Sawyer,Sawyer County,06,H1,A,01581116
3108,Wisconsin,55115,55,115,55115,Shawano,Shawano County,06,H1,A,01581117
3109,Wisconsin,55117,55,117,55117,Sheboygan,Sheboygan County,06,H1,A,01581118
3110,Wisconsin,55119,55,119,55119,Taylor,Taylor County,06,H1,A,01581119
3111,Wisconsin,55121,55,121,55121,Trempealeau,Trempealeau County,06,H1,A,01581120
3112,Wisconsin,55123,55,123,55123,Vernon,Vernon County,06,H1,A,01581121
3113,Wisconsin,55125,55,125,55125,Vilas,Vilas County,06,H1,A,01581122
3114,Wisconsin,55127,55,127,55127,Walworth,Walworth County,06,H1,A,01581123
3115,Wisconsin,55129,55,129,55129,Washburn,Washburn County,06,H1,A,01581124
3116,Wisconsin,55131,55,131,55131,Washington,Washington County,06,H1,A,01581125
3117,Wisconsin,55133,55,133,55133,Waukesha,Waukesha County,06,H1,A,01581126
3118,Wisconsin,55135,55,135,55135,Waupaca,Waupaca County,06,H1,A,01581127
3119,Wisconsin,55137,55,137,55137,Waushara,Waushara County,06,H1,A,01581128
3120,Wisconsin,55139,55,139,55139,Winnebago,Winnebago County,06,H1,A,01581129
3121,Wisconsin,55141,55,141,55141,Wood,Wood County,06,H1,A,01581130
3122,Wyoming,56001,56,001,56001,Albany,Albany County,06,H1,A,01605066
3123,Wyoming,56003,56,003,56003,Big Horn,Big Horn County,06,H1,A,01605067
3124,Wyoming,56005,56,005,56005,Campbell,Campbell County,06,H1,A,01605068
3125,Wyoming,56007,56,007,56007,Carbon,Carbon County,06,H1,A,01605069
3126,Wyoming,56009,56,009,56009,Converse,Converse County,06,H1,A,01605070
3127,Wyoming,56011,56,011,56011,Crook,Crook County,06,H1,A,01605071
3128,Wyoming,56013,56,013,56013,Fremont,Fremont County,06,H1,A,01605072
3129,Wyoming,56015,56,015,56015,Goshen,Goshen County,06,H1,A,01605073
3130,Wyoming,56017,56,017,56017,Hot Springs,Hot Springs County,06,H1,A,01605074
3131,Wyoming,56019,56,019,56019,Johnson,Johnson County,06,H1,A,01609191
3132,Wyoming,56021,56,021,56021,Laramie,Laramie County,06,H1,A,01605075
3133,Wyoming,56023,56,023,56023,Lincoln,Lincoln County,06,H1,A,01605076
3134,Wyoming,56025,56,025,56025,Natrona,Natrona County,06,H1,A,01605077
3135,Wyoming,56027,56,027,56027,Niobrara,Niobrara County,06,H1,A,01605078
3136,Wyoming,56029,56,029,56029,Park,Park County,06,H1,A,01605079
3137,Wyoming,56031,56,031,56031,Platte,Platte County,06,H1,A,01605080
3138,Wyoming,56033,56,033,56033,Sheridan,Sheridan County,06,H1,A,01605081
3139,Wyoming,56035,56,035,56035,Sublette,Sublette County,06,H1,A,01605082
3140,Wyoming,56037,56,037,56037,Sweetwater,Sweetwater County,06,H1,A,01609192
3141,Wyoming,56039,56,039,56039,Teton,Teton County,06,H1,A,01605083
3142,Wyoming,56041,56,041,56041,Uinta,Uinta County,06,H1,A,01605084
3143,Wyoming,56043,56,043,56043,Washakie,Washakie County,06,H1,A,01605085
3144,Wyoming,56045,56,045,56045,Weston,Weston County,06,H1,A,01605086
