wordbook_code,VILLCODE,COUNTYNAME,TOWNNAME,VILLNAME,VILLENG,COUNTYID,COUNTYCODE,TOWNID,TOWNCODE,NOTE,GRVALUE
1,09007010001,連江縣,南竿鄉,介壽村,Jieshou Vil.,Z,09007,Z01,09007010,,1
2,09007010002,連江縣,南竿鄉,復興村,Fuxing Vil.,Z,09007,Z01,09007010,,2
3,09007010003,連江縣,南竿鄉,福沃村,Fuwo Vil.,Z,09007,Z01,09007010,,3
4,09007010004,連江縣,南竿鄉,清水村,Qingshui Vil.,Z,09007,Z01,09007010,,4
5,09007010005,連江縣,南竿鄉,仁愛村,Ren'ai Vil.,Z,09007,Z01,09007010,,5
6,09007010006,連江縣,南竿鄉,津沙村,Jinsha Vil.,Z,09007,Z01,09007010,,6
7,09007010007,連江縣,南竿鄉,馬祖村,Matsu Vil.,Z,09007,Z01,09007010,,7
8,09007010008,連江縣,南竿鄉,珠螺村,Zhuluo Vil.,Z,09007,Z01,09007010,,8
9,09007010009,連江縣,南竿鄉,四維村,Siwei Vil.,Z,09007,Z01,09007010,,9
10,09007010S01,連江縣,南竿鄉,,,Z,09007,Z01,09007010,未編定村里,10
10,09007010S02,連江縣,南竿鄉,,,Z,09007,Z01,09007010,未編定村里,11
10,09007010S03,連江縣,南竿鄉,,,Z,09007,Z01,09007010,未編定村里,12
10,09007010S04,連江縣,南竿鄉,,,Z,09007,Z01,09007010,未編定村里,13
10,09007010S05,連江縣,南竿鄉,,,Z,09007,Z01,09007010,未編定村里,14
10,09007010S06,連江縣,南竿鄉,,,Z,09007,Z01,09007010,未編定村里,15
10,09007010S07,連江縣,南竿鄉,,,Z,09007,Z01,09007010,未編定村里,16
10,09007010S08,連江縣,南竿鄉,,,Z,09007,Z01,09007010,未編定村里,17
10,09007010S09,連江縣,南竿鄉,,,Z,09007,Z01,09007010,未編定村里,18
10,09007010S10,連江縣,南竿鄉,,,Z,09007,Z01,09007010,未編定村里,19
10,09007010S11,連江縣,南竿鄉,,,Z,09007,Z01,09007010,未編定村里,20
10,09007010S12,連江縣,南竿鄉,,,Z,09007,Z01,09007010,未編定村里,21
10,09007010S13,連江縣,南竿鄉,,,Z,09007,Z01,09007010,未編定村里,22
10,09007010S14,連江縣,南竿鄉,,,Z,09007,Z01,09007010,未編定村里,23
10,09007010S15,連江縣,南竿鄉,,,Z,09007,Z01,09007010,未編定村里,24
10,09007010S16,連江縣,南竿鄉,,,Z,09007,Z01,09007010,未編定村里,25
10,09007010S17,連江縣,南竿鄉,,,Z,09007,Z01,09007010,未編定村里,26
10,09007010S18,連江縣,南竿鄉,,,Z,09007,Z01,09007010,未編定村里,27
10,09007010S19,連江縣,南竿鄉,,,Z,09007,Z01,09007010,未編定村里,28
10,09007010S20,連江縣,南竿鄉,,,Z,09007,Z01,09007010,未編定村里,29
10,09007010S21,連江縣,南竿鄉,,,Z,09007,Z01,09007010,未編定村里,30
10,09007010S22,連江縣,南竿鄉,,,Z,09007,Z01,09007010,未編定村里,31
10,09007010S23,連江縣,南竿鄉,,,Z,09007,Z01,09007010,未編定村里,32
10,09007010S24,連江縣,南竿鄉,,,Z,09007,Z01,09007010,未編定村里,33
10,09007010S25,連江縣,南竿鄉,,,Z,09007,Z01,09007010,未編定村里,34
10,09007010S26,連江縣,南竿鄉,,,Z,09007,Z01,09007010,未編定村里,35
10,09007010S27,連江縣,南竿鄉,,,Z,09007,Z01,09007010,未編定村里,36
10,09007010S28,連江縣,南竿鄉,,,Z,09007,Z01,09007010,未編定村里,37
10,09007010S29,連江縣,南竿鄉,,,Z,09007,Z01,09007010,未編定村里,38
10,09007010S30,連江縣,南竿鄉,,,Z,09007,Z01,09007010,未編定村里,39
10,09007010S31,連江縣,南竿鄉,,,Z,09007,Z01,09007010,未編定村里,40
10,09007010S32,連江縣,南竿鄉,,,Z,09007,Z01,09007010,未編定村里,41
10,09007010S33,連江縣,南竿鄉,,,Z,09007,Z01,09007010,未編定村里,42
10,09007010S34,連江縣,南竿鄉,,,Z,09007,Z01,09007010,未編定村里,43
10,09007010S35,連江縣,南竿鄉,,,Z,09007,Z01,09007010,未編定村里,44
10,09007010S36,連江縣,南竿鄉,,,Z,09007,Z01,09007010,未編定村里,45
10,09007010S37,連江縣,南竿鄉,,,Z,09007,Z01,09007010,未編定村里,46
10,09007010S38,連江縣,南竿鄉,,,Z,09007,Z01,09007010,未編定村里,47
10,09007010S39,連江縣,南竿鄉,,,Z,09007,Z01,09007010,未編定村里,48
11,09007020001,連江縣,北竿鄉,塘岐村,Tangqi Vil.,Z,09007,Z02,09007020,,49
12,09007020002,連江縣,北竿鄉,后沃村,Houwo Vil.,Z,09007,Z02,09007020,,50
13,09007020003,連江縣,北竿鄉,橋仔村,Qiaozi Vil.,Z,09007,Z02,09007020,,51
14,09007020004,連江縣,北竿鄉,芹壁村,Qinbi Vil.,Z,09007,Z02,09007020,,52
15,09007020005,連江縣,北竿鄉,坂里村,Banli Vil.,Z,09007,Z02,09007020,,53
16,09007020006,連江縣,北竿鄉,白沙村,Baisha Vil.,Z,09007,Z02,09007020,,54
17,09007020S01,連江縣,北竿鄉,,,Z,09007,Z02,09007020,未編定村里,55
17,09007020S02,連江縣,北竿鄉,,,Z,09007,Z02,09007020,未編定村里,56
17,09007020S03,連江縣,北竿鄉,,,Z,09007,Z02,09007020,未編定村里,57
17,09007020S04,連江縣,北竿鄉,,,Z,09007,Z02,09007020,未編定村里,58
17,09007020S05,連江縣,北竿鄉,,,Z,09007,Z02,09007020,未編定村里,59
17,09007020S06,連江縣,北竿鄉,,,Z,09007,Z02,09007020,未編定村里,60
17,09007020S07,連江縣,北竿鄉,,,Z,09007,Z02,09007020,未編定村里,61
17,09007020S08,連江縣,北竿鄉,,,Z,09007,Z02,09007020,未編定村里,62
17,09007020S09,連江縣,北竿鄉,,,Z,09007,Z02,09007020,未編定村里,63
17,09007020S10,連江縣,北竿鄉,,,Z,09007,Z02,09007020,未編定村里,64
17,09007020S11,連江縣,北竿鄉,,,Z,09007,Z02,09007020,未編定村里,65
17,09007020S12,連江縣,北竿鄉,,,Z,09007,Z02,09007020,未編定村里,66
17,09007020S13,連江縣,北竿鄉,,,Z,09007,Z02,09007020,未編定村里,67
17,09007020S14,連江縣,北竿鄉,,,Z,09007,Z02,09007020,未編定村里,68
17,09007020S15,連江縣,北竿鄉,,,Z,09007,Z02,09007020,未編定村里,69
17,09007020S16,連江縣,北竿鄉,,,Z,09007,Z02,09007020,未編定村里,70
17,09007020S17,連江縣,北竿鄉,,,Z,09007,Z02,09007020,未編定村里,71
17,09007020S18,連江縣,北竿鄉,,,Z,09007,Z02,09007020,未編定村里,72
17,09007020S19,連江縣,北竿鄉,,,Z,09007,Z02,09007020,未編定村里,73
17,09007020S20,連江縣,北竿鄉,,,Z,09007,Z02,09007020,未編定村里,74
17,09007020S21,連江縣,北竿鄉,,,Z,09007,Z02,09007020,未編定村里,75
17,09007020S22,連江縣,北竿鄉,,,Z,09007,Z02,09007020,未編定村里,76
17,09007020S23,連江縣,北竿鄉,,,Z,09007,Z02,09007020,未編定村里,77
17,09007020S24,連江縣,北竿鄉,,,Z,09007,Z02,09007020,未編定村里,78
17,09007020S25,連江縣,北竿鄉,,,Z,09007,Z02,09007020,未編定村里,79
17,09007020S26,連江縣,北竿鄉,,,Z,09007,Z02,09007020,未編定村里,80
17,09007020S27,連江縣,北竿鄉,,,Z,09007,Z02,09007020,未編定村里,81
17,09007020S28,連江縣,北竿鄉,,,Z,09007,Z02,09007020,未編定村里,82
17,09007020S29,連江縣,北竿鄉,,,Z,09007,Z02,09007020,未編定村里,83
17,09007020S30,連江縣,北竿鄉,,,Z,09007,Z02,09007020,未編定村里,84
17,09007020S31,連江縣,北竿鄉,,,Z,09007,Z02,09007020,未編定村里,85
17,09007020S32,連江縣,北竿鄉,,,Z,09007,Z02,09007020,未編定村里,86
17,09007020S33,連江縣,北竿鄉,,,Z,09007,Z02,09007020,未編定村里,87
17,09007020S34,連江縣,北竿鄉,,,Z,09007,Z02,09007020,未編定村里,88
17,09007020S35,連江縣,北竿鄉,,,Z,09007,Z02,09007020,未編定村里,89
17,09007020S36,連江縣,北竿鄉,,,Z,09007,Z02,09007020,未編定村里,90
17,09007020S37,連江縣,北竿鄉,,,Z,09007,Z02,09007020,未編定村里,91
17,09007020S38,連江縣,北竿鄉,,,Z,09007,Z02,09007020,未編定村里,92
17,09007020S39,連江縣,北竿鄉,,,Z,09007,Z02,09007020,未編定村里,93
17,09007020S40,連江縣,北竿鄉,,,Z,09007,Z02,09007020,未編定村里,94
17,09007020S41,連江縣,北竿鄉,,,Z,09007,Z02,09007020,未編定村里,95
17,09007020S42,連江縣,北竿鄉,,,Z,09007,Z02,09007020,未編定村里,96
17,09007020S43,連江縣,北竿鄉,,,Z,09007,Z02,09007020,未編定村里,97
17,09007020S44,連江縣,北竿鄉,,,Z,09007,Z02,09007020,未編定村里,98
18,09007030001,連江縣,莒光鄉,青帆村,Qingfan Vil.,Z,09007,Z03,09007030,,99
19,09007030002,連江縣,莒光鄉,田沃村,Tianwo Vil.,Z,09007,Z03,09007030,,100
20,09007030003,連江縣,莒光鄉,西坵村,Xiqiu Vil.,Z,09007,Z03,09007030,,101
21,09007030004,連江縣,莒光鄉,福正村,Fuzheng Vil.,Z,09007,Z03,09007030,,102
22,09007030005,連江縣,莒光鄉,大坪村,Daping Vil.,Z,09007,Z03,09007030,,103
23,09007030S01,連江縣,莒光鄉,,,Z,09007,Z03,09007030,未編定村里,104
23,09007030S02,連江縣,莒光鄉,,,Z,09007,Z03,09007030,未編定村里,105
23,09007030S03,連江縣,莒光鄉,,,Z,09007,Z03,09007030,未編定村里,106
23,09007030S04,連江縣,莒光鄉,,,Z,09007,Z03,09007030,未編定村里,107
23,09007030S05,連江縣,莒光鄉,,,Z,09007,Z03,09007030,未編定村里,108
23,09007030S06,連江縣,莒光鄉,,,Z,09007,Z03,09007030,未編定村里,109
23,09007030S07,連江縣,莒光鄉,,,Z,09007,Z03,09007030,未編定村里,110
23,09007030S08,連江縣,莒光鄉,,,Z,09007,Z03,09007030,未編定村里,111
23,09007030S09,連江縣,莒光鄉,,,Z,09007,Z03,09007030,未編定村里,112
23,09007030S10,連江縣,莒光鄉,,,Z,09007,Z03,09007030,未編定村里,113
23,09007030S11,連江縣,莒光鄉,,,Z,09007,Z03,09007030,未編定村里,114
23,09007030S12,連江縣,莒光鄉,,,Z,09007,Z03,09007030,未編定村里,115
23,09007030S13,連江縣,莒光鄉,,,Z,09007,Z03,09007030,未編定村里,116
23,09007030S14,連江縣,莒光鄉,,,Z,09007,Z03,09007030,未編定村里,117
23,09007030S15,連江縣,莒光鄉,,,Z,09007,Z03,09007030,未編定村里,118
23,09007030S16,連江縣,莒光鄉,,,Z,09007,Z03,09007030,未編定村里,119
23,09007030S17,連江縣,莒光鄉,,,Z,09007,Z03,09007030,未編定村里,120
23,09007030S18,連江縣,莒光鄉,,,Z,09007,Z03,09007030,未編定村里,121
23,09007030S19,連江縣,莒光鄉,,,Z,09007,Z03,09007030,未編定村里,122
23,09007030S20,連江縣,莒光鄉,,,Z,09007,Z03,09007030,未編定村里,123
23,09007030S21,連江縣,莒光鄉,,,Z,09007,Z03,09007030,未編定村里,124
23,09007030S22,連江縣,莒光鄉,,,Z,09007,Z03,09007030,未編定村里,125
23,09007030S23,連江縣,莒光鄉,,,Z,09007,Z03,09007030,未編定村里,126
23,09007030S24,連江縣,莒光鄉,,,Z,09007,Z03,09007030,未編定村里,127
23,09007030S25,連江縣,莒光鄉,,,Z,09007,Z03,09007030,未編定村里,128
23,09007030S26,連江縣,莒光鄉,,,Z,09007,Z03,09007030,未編定村里,129
23,09007030S27,連江縣,莒光鄉,,,Z,09007,Z03,09007030,未編定村里,130
23,09007030S28,連江縣,莒光鄉,,,Z,09007,Z03,09007030,未編定村里,131
23,09007030S29,連江縣,莒光鄉,,,Z,09007,Z03,09007030,未編定村里,132
23,09007030S30,連江縣,莒光鄉,,,Z,09007,Z03,09007030,未編定村里,133
23,09007030S31,連江縣,莒光鄉,,,Z,09007,Z03,09007030,未編定村里,134
23,09007030S32,連江縣,莒光鄉,,,Z,09007,Z03,09007030,未編定村里,135
23,09007030S33,連江縣,莒光鄉,,,Z,09007,Z03,09007030,未編定村里,136
23,09007030S34,連江縣,莒光鄉,,,Z,09007,Z03,09007030,未編定村里,137
23,09007030S35,連江縣,莒光鄉,,,Z,09007,Z03,09007030,未編定村里,138
23,09007030S36,連江縣,莒光鄉,,,Z,09007,Z03,09007030,未編定村里,139
23,09007030S37,連江縣,莒光鄉,,,Z,09007,Z03,09007030,未編定村里,140
23,09007030S38,連江縣,莒光鄉,,,Z,09007,Z03,09007030,未編定村里,141
23,09007030S39,連江縣,莒光鄉,,,Z,09007,Z03,09007030,未編定村里,142
23,09007030S40,連江縣,莒光鄉,,,Z,09007,Z03,09007030,未編定村里,143
23,09007030S41,連江縣,莒光鄉,,,Z,09007,Z03,09007030,未編定村里,144
24,09007040001,連江縣,東引鄉,中柳村,Zhongliu Vil.,Z,09007,Z04,09007040,,145
25,09007040002,連江縣,東引鄉,樂華村,Lehua Vil.,Z,09007,Z04,09007040,,146
26,09007040S01,連江縣,東引鄉,,,Z,09007,Z04,09007040,未編定村里,147
26,09007040S02,連江縣,東引鄉,,,Z,09007,Z04,09007040,未編定村里,148
26,09007040S03,連江縣,東引鄉,,,Z,09007,Z04,09007040,未編定村里,149
26,09007040S04,連江縣,東引鄉,,,Z,09007,Z04,09007040,未編定村里,150
26,09007040S13,連江縣,東引鄉,,,Z,09007,Z04,09007040,未編定村里,151
26,09007040S14,連江縣,東引鄉,,,Z,09007,Z04,09007040,未編定村里,152
26,09007040S15,連江縣,東引鄉,,,Z,09007,Z04,09007040,未編定村里,153
26,09007040S16,連江縣,東引鄉,,,Z,09007,Z04,09007040,未編定村里,154
26,09007040S17,連江縣,東引鄉,,,Z,09007,Z04,09007040,未編定村里,155
26,09007040S18,連江縣,東引鄉,,,Z,09007,Z04,09007040,未編定村里,156
27,09020010001,金門縣,金城鎮,東門里,Dongmen Vil.,W,09020,W03,09020010,,157
28,09020010002,金門縣,金城鎮,西門里,Simen Vil.,W,09020,W03,09020010,,158
29,09020010003,金門縣,金城鎮,南門里,Nanmen Vil.,W,09020,W03,09020010,,159
30,09020010004,金門縣,金城鎮,北門里,Beimen Vil.,W,09020,W03,09020010,,160
31,09020010005,金門縣,金城鎮,古城里,Gucheng Vil.,W,09020,W03,09020010,,161
32,09020010006,金門縣,金城鎮,金水里,Jinshui Vil.,W,09020,W03,09020010,,162
33,09020010007,金門縣,金城鎮,珠沙里,Zhusha Vil.,W,09020,W03,09020010,,163
34,09020010008,金門縣,金城鎮,賢庵里,Xian'an Vil.,W,09020,W03,09020010,,164
35,09020010I01,金門縣,金城鎮,,,W,09020,W03,09020010,未編定村里,165
36,09020020001,金門縣,金沙鎮,汶沙里,Wensha Vil.,W,09020,W02,09020020,,166
37,09020020002,金門縣,金沙鎮,三山里,Sanshan Vil.,W,09020,W02,09020020,,167
38,09020020003,金門縣,金沙鎮,大洋里,Dayang Vil.,W,09020,W02,09020020,,168
39,09020020004,金門縣,金沙鎮,光前里,Guangqian Vil.,W,09020,W02,09020020,,169
40,09020020005,金門縣,金沙鎮,何斗里,Hedou Vil.,W,09020,W02,09020020,,170
41,09020020006,金門縣,金沙鎮,西園里,Xiyuan Vil.,W,09020,W02,09020020,,171
42,09020020007,金門縣,金沙鎮,官嶼里,Guanyu Vil.,W,09020,W02,09020020,,172
43,09020020008,金門縣,金沙鎮,浦山里,Pushan Vil.,W,09020,W02,09020020,,173
44,09020020I01,金門縣,金沙鎮,,,W,09020,W02,09020020,未編定村里,174
45,09020030001,金門縣,金湖鎮,新市里,Xinshi Vil.,W,09020,W01,09020030,,175
46,09020030002,金門縣,金湖鎮,山外里,Shanwai Vil.,W,09020,W01,09020030,,176
47,09020030003,金門縣,金湖鎮,正義里,Zhengyi Vil.,W,09020,W01,09020030,,177
48,09020030004,金門縣,金湖鎮,料羅里,Liaoluo Vil.,W,09020,W01,09020030,,178
49,09020030005,金門縣,金湖鎮,瓊林里,Qionglin Vil.,W,09020,W01,09020030,,179
50,09020030006,金門縣,金湖鎮,新湖里,Xinhu Vil.,W,09020,W01,09020030,,180
51,09020030007,金門縣,金湖鎮,溪湖里,Xihu Vil.,W,09020,W01,09020030,,181
52,09020030008,金門縣,金湖鎮,蓮庵里,Lian'an Vil.,W,09020,W01,09020030,,182
53,09020040001,金門縣,金寧鄉,古寧村,Guning Vil.,W,09020,W04,09020040,,183
54,09020040002,金門縣,金寧鄉,安美村,Anmei Vil.,W,09020,W04,09020040,,184
55,09020040003,金門縣,金寧鄉,后盤村,Houpan Vil.,W,09020,W04,09020040,,185
56,09020040004,金門縣,金寧鄉,湖埔村,Hupu Vil.,W,09020,W04,09020040,,186
57,09020040005,金門縣,金寧鄉,榜林村,Banglin Vil.,W,09020,W04,09020040,,187
58,09020040006,金門縣,金寧鄉,盤山村,Panshan Vil.,W,09020,W04,09020040,,188
59,09020050001,金門縣,烈嶼鄉,上岐村,Shangqi Vil.,W,09020,W05,09020050,,189
60,09020050002,金門縣,烈嶼鄉,上林村,Shanglin Vil.,W,09020,W05,09020050,,190
61,09020050003,金門縣,烈嶼鄉,西口村,Xikou Vil.,W,09020,W05,09020050,,191
62,09020050004,金門縣,烈嶼鄉,林湖村,Linhu Vil.,W,09020,W05,09020050,,192
63,09020050005,金門縣,烈嶼鄉,黃埔村,Huangpu Vil.,W,09020,W05,09020050,,193
64,09020050I01,金門縣,烈嶼鄉,,,W,09020,W05,09020050,未編定村里,194
64,09020050I02,金門縣,烈嶼鄉,,,W,09020,W05,09020050,未編定村里,195
64,09020050I03,金門縣,烈嶼鄉,,,W,09020,W05,09020050,未編定村里,196
64,09020050I04,金門縣,烈嶼鄉,,,W,09020,W05,09020050,未編定村里,197
64,09020050I05,金門縣,烈嶼鄉,,,W,09020,W05,09020050,未編定村里,198
64,09020050I06,金門縣,烈嶼鄉,,,W,09020,W05,09020050,未編定村里,199
64,09020050I07,金門縣,烈嶼鄉,,,W,09020,W05,09020050,未編定村里,200
65,09020060001,金門縣,烏坵鄉,大坵村,Daqiu Vil.,W,09020,W06,09020060,,201
66,09020060002,金門縣,烏坵鄉,小坵村,Xiaoqiu Vil.,W,09020,W06,09020060,,202
67,10002010001,宜蘭縣,宜蘭市,神農里,Shennong Vil.,G,10002,G01,10002010,,203
68,10002010002,宜蘭縣,宜蘭市,民權里,Minquan Vil.,G,10002,G01,10002010,,204
69,10002010008,宜蘭縣,宜蘭市,進士里,Jinshi Vil.,G,10002,G01,10002010,,205
70,10002010009,宜蘭縣,宜蘭市,南橋里,Nanqiao Vil.,G,10002,G01,10002010,,206
71,10002010010,宜蘭縣,宜蘭市,建業里,Jianye Vil.,G,10002,G01,10002010,,207
72,10002010011,宜蘭縣,宜蘭市,南津里,Nanjin Vil.,G,10002,G01,10002010,,208
73,10002010012,宜蘭縣,宜蘭市,凱旋里,Kaixuan Vil.,G,10002,G01,10002010,,209
74,10002010013,宜蘭縣,宜蘭市,黎明里,Liming Vil.,G,10002,G01,10002010,,210
75,10002010014,宜蘭縣,宜蘭市,東村里,Dongcun Vil.,G,10002,G01,10002010,,211
76,10002010015,宜蘭縣,宜蘭市,延平里,Yanping Vil.,G,10002,G01,10002010,,212
77,10002010016,宜蘭縣,宜蘭市,七張里,Qizhang Vil.,G,10002,G01,10002010,,213
78,10002010017,宜蘭縣,宜蘭市,慈安里,Ci'an Vil.,G,10002,G01,10002010,,214
79,10002010018,宜蘭縣,宜蘭市,新民里,Xinmin Vil.,G,10002,G01,10002010,,215
80,10002010019,宜蘭縣,宜蘭市,東門里,Dongmen Vil.,G,10002,G01,10002010,,216
81,10002010021,宜蘭縣,宜蘭市,小東里,Xiaodong Vil.,G,10002,G01,10002010,,217
82,10002010022,宜蘭縣,宜蘭市,菜園里,Caiyuan Vil.,G,10002,G01,10002010,,218
83,10002010023,宜蘭縣,宜蘭市,孝廉里,Xiaolian Vil.,G,10002,G01,10002010,,219
84,10002010024,宜蘭縣,宜蘭市,新生里,Xinsheng Vil.,G,10002,G01,10002010,,220
85,10002010025,宜蘭縣,宜蘭市,茭白里,Jiaobai Vil.,G,10002,G01,10002010,,221
86,10002010026,宜蘭縣,宜蘭市,北津里,Beijin Vil.,G,10002,G01,10002010,,222
87,10002010027,宜蘭縣,宜蘭市,梅洲里,Meizhou Vil.,G,10002,G01,10002010,,223
88,10002010028,宜蘭縣,宜蘭市,北門里,Beimen Vil.,G,10002,G01,10002010,,224
89,10002010031,宜蘭縣,宜蘭市,中山里,Zhongshan Vil.,G,10002,G01,10002010,,225
90,10002010032,宜蘭縣,宜蘭市,西門里,Ximen Vil.,G,10002,G01,10002010,,226
91,10002010034,宜蘭縣,宜蘭市,南門里,Nanmen Vil.,G,10002,G01,10002010,,227
92,10002010035,宜蘭縣,宜蘭市,負郭里,Fuguo Vil.,G,10002,G01,10002010,,228
93,10002010036,宜蘭縣,宜蘭市,民族里,Minzu Vil.,G,10002,G01,10002010,,229
94,10002010037,宜蘭縣,宜蘭市,建軍里,Jianjun Vil.,G,10002,G01,10002010,,230
95,10002010038,宜蘭縣,宜蘭市,思源里,Siyuan Vil.,G,10002,G01,10002010,,231
96,10002010039,宜蘭縣,宜蘭市,文化里,Wenhua Vil.,G,10002,G01,10002010,,232
97,10002010040,宜蘭縣,宜蘭市,復興里,Fuxing Vil.,G,10002,G01,10002010,,233
98,10002010041,宜蘭縣,宜蘭市,成功里,Chenggong Vil.,G,10002,G01,10002010,,234
99,10002010042,宜蘭縣,宜蘭市,新東里,Xindong Vil.,G,10002,G01,10002010,,235
100,10002010043,宜蘭縣,宜蘭市,七結里,Qijie Vil.,G,10002,G01,10002010,,236
101,10002010044,宜蘭縣,宜蘭市,泰山里,Taishan Vil.,G,10002,G01,10002010,,237
102,10002010045,宜蘭縣,宜蘭市,大新里,Daxin Vil.,G,10002,G01,10002010,,238
103,10002010046,宜蘭縣,宜蘭市,中興里,Zhongxing Vil.,G,10002,G01,10002010,,239
104,10002010047,宜蘭縣,宜蘭市,擺厘里,Baili Vil.,G,10002,G01,10002010,,240
105,10002020004,宜蘭縣,羅東鎮,大新里,Daxin Vil.,G,10002,G06,10002020,,241
106,10002020005,宜蘭縣,羅東鎮,東安里,Dong'an Vil.,G,10002,G06,10002020,,242
107,10002020006,宜蘭縣,羅東鎮,新群里,Xinqun Vil.,G,10002,G06,10002020,,243
108,10002020007,宜蘭縣,羅東鎮,羅莊里,Luozhuang Vil.,G,10002,G06,10002020,,244
109,10002020008,宜蘭縣,羅東鎮,南昌里,Nanchang Vil.,G,10002,G06,10002020,,245
110,10002020009,宜蘭縣,羅東鎮,南豪里,Nanhao Vil.,G,10002,G06,10002020,,246
111,10002020010,宜蘭縣,羅東鎮,成功里,Chenggong Vil.,G,10002,G06,10002020,,247
112,10002020011,宜蘭縣,羅東鎮,仁德里,Rende Vil.,G,10002,G06,10002020,,248
113,10002020016,宜蘭縣,羅東鎮,漢民里,Hanmin Vil.,G,10002,G06,10002020,,249
114,10002020017,宜蘭縣,羅東鎮,西安里,Xi'an Vil.,G,10002,G06,10002020,,250
115,10002020018,宜蘭縣,羅東鎮,北成里,Beicheng Vil.,G,10002,G06,10002020,,251
116,10002020019,宜蘭縣,羅東鎮,賢文里,Xianwen Vil.,G,10002,G06,10002020,,252
117,10002020020,宜蘭縣,羅東鎮,公正里,Gongzheng Vil.,G,10002,G06,10002020,,253
118,10002020021,宜蘭縣,羅東鎮,集祥里,Jixiang Vil.,G,10002,G06,10002020,,254
119,10002020022,宜蘭縣,羅東鎮,信義里,Xinyi Vil.,G,10002,G06,10002020,,255
120,10002020023,宜蘭縣,羅東鎮,竹林里,Zhulin Vil.,G,10002,G06,10002020,,256
121,10002020024,宜蘭縣,羅東鎮,仁愛里,Ren'ai Vil.,G,10002,G06,10002020,,257
122,10002020025,宜蘭縣,羅東鎮,樹林里,Shulin Vil.,G,10002,G06,10002020,,258
123,10002020026,宜蘭縣,羅東鎮,國華里,Guohua Vil.,G,10002,G06,10002020,,259
124,10002020027,宜蘭縣,羅東鎮,維揚里,Weiyang Vil.,G,10002,G06,10002020,,260
125,10002020028,宜蘭縣,羅東鎮,開明里,Kaiming Vil.,G,10002,G06,10002020,,261
126,10002020029,宜蘭縣,羅東鎮,中山里,Zhongshan Vil.,G,10002,G06,10002020,,262
127,10002020030,宜蘭縣,羅東鎮,仁和里,Renhe Vil.,G,10002,G06,10002020,,263
128,10002030001,宜蘭縣,蘇澳鎮,龍德里,Longde Vil.,G,10002,G09,10002030,,264
129,10002030002,宜蘭縣,蘇澳鎮,頂寮里,Dingliao Vil.,G,10002,G09,10002030,,265
130,10002030003,宜蘭縣,蘇澳鎮,永榮里,Yongrong Vil.,G,10002,G09,10002030,,266
131,10002030004,宜蘭縣,蘇澳鎮,存仁里,Cunren Vil.,G,10002,G09,10002030,,267
132,10002030005,宜蘭縣,蘇澳鎮,港邊里,Gangbian Vil.,G,10002,G09,10002030,,268
133,10002030007,宜蘭縣,蘇澳鎮,隘丁里,Aiding Vil.,G,10002,G09,10002030,,269
134,10002030008,宜蘭縣,蘇澳鎮,新城里,Xincheng Vil.,G,10002,G09,10002030,,270
135,10002030009,宜蘭縣,蘇澳鎮,聖湖里,Shenghu Vil.,G,10002,G09,10002030,,271
136,10002030010,宜蘭縣,蘇澳鎮,蘇西里,Suxi Vil.,G,10002,G09,10002030,,272
137,10002030011,宜蘭縣,蘇澳鎮,蘇北里,Subei Vil.,G,10002,G09,10002030,,273
138,10002030012,宜蘭縣,蘇澳鎮,蘇南里,Sunan Vil.,G,10002,G09,10002030,,274
139,10002030013,宜蘭縣,蘇澳鎮,蘇東里,Sudong Vil.,G,10002,G09,10002030,,275
140,10002030014,宜蘭縣,蘇澳鎮,長安里,Chang'an Vil.,G,10002,G09,10002030,,276
141,10002030015,宜蘭縣,蘇澳鎮,永光里,Yongguang Vil.,G,10002,G09,10002030,,277
142,10002030016,宜蘭縣,蘇澳鎮,永春里,Yongchun Vil.,G,10002,G09,10002030,,278
143,10002030017,宜蘭縣,蘇澳鎮,永樂里,Yongle Vil.,G,10002,G09,10002030,,279
144,10002030018,宜蘭縣,蘇澳鎮,南安里,Nan'an Vil.,G,10002,G09,10002030,,280
145,10002030019,宜蘭縣,蘇澳鎮,南正里,Nanzheng Vil.,G,10002,G09,10002030,,281
146,10002030020,宜蘭縣,蘇澳鎮,南成里,Nancheng Vil.,G,10002,G09,10002030,,282
147,10002030021,宜蘭縣,蘇澳鎮,南興里,Nanxing Vil.,G,10002,G09,10002030,,283
148,10002030022,宜蘭縣,蘇澳鎮,南寧里,Nanning Vil.,G,10002,G09,10002030,,284
149,10002030023,宜蘭縣,蘇澳鎮,南建里,Nanjian Vil.,G,10002,G09,10002030,,285
150,10002030024,宜蘭縣,蘇澳鎮,東澳里,Dong'ao Vil.,G,10002,G09,10002030,,286
151,10002030025,宜蘭縣,蘇澳鎮,南強里,Nanqiang Vil.,G,10002,G09,10002030,,287
152,10002030026,宜蘭縣,蘇澳鎮,朝陽里,Zhaoyang Vil.,G,10002,G09,10002030,,288
153,10002030027,宜蘭縣,蘇澳鎮,聖愛里,Sheng'ai Vil.,G,10002,G09,10002030,,289
154,10002040001,宜蘭縣,頭城鎮,石城里,Shicheng Vil.,G,10002,G02,10002040,,290
155,10002040002,宜蘭縣,頭城鎮,大里里,Dali Vil.,G,10002,G02,10002040,,291
156,10002040003,宜蘭縣,頭城鎮,大溪里,Daxi Vil.,G,10002,G02,10002040,,292
157,10002040004,宜蘭縣,頭城鎮,合興里,Hexing Vil.,G,10002,G02,10002040,,293
158,10002040005,宜蘭縣,頭城鎮,更新里,Gengxin Vil.,G,10002,G02,10002040,,294
159,10002040006,宜蘭縣,頭城鎮,外澳里,Wai'ao Vil.,G,10002,G02,10002040,,295
160,10002040007,宜蘭縣,頭城鎮,港口里,Gangkou Vil.,G,10002,G02,10002040,,296
161,10002040008,宜蘭縣,頭城鎮,武營里,Wuying Vil.,G,10002,G02,10002040,,297
162,10002040009,宜蘭縣,頭城鎮,大坑里,Dakeng Vil.,G,10002,G02,10002040,,298
163,10002040010,宜蘭縣,頭城鎮,城東里,Chengdong Vil.,G,10002,G02,10002040,,299
164,10002040011,宜蘭縣,頭城鎮,城北里,Chengbei Vil.,G,10002,G02,10002040,,300
165,10002040012,宜蘭縣,頭城鎮,城西里,Chengxi Vil.,G,10002,G02,10002040,,301
166,10002040013,宜蘭縣,頭城鎮,城南里,Chengnan Vil.,G,10002,G02,10002040,,302
167,10002040014,宜蘭縣,頭城鎮,竹安里,Zhu'an Vil.,G,10002,G02,10002040,,303
168,10002040015,宜蘭縣,頭城鎮,新建里,Xinjian Vil.,G,10002,G02,10002040,,304
169,10002040016,宜蘭縣,頭城鎮,拔雅里,Baya Vil.,G,10002,G02,10002040,,305
170,10002040017,宜蘭縣,頭城鎮,福成里,Fucheng Vil.,G,10002,G02,10002040,,306
171,10002040018,宜蘭縣,頭城鎮,金面里,Jinmian Vil.,G,10002,G02,10002040,,307
172,10002040019,宜蘭縣,頭城鎮,金盈里,Jinying Vil.,G,10002,G02,10002040,,308
173,10002040020,宜蘭縣,頭城鎮,頂埔里,Dingpu Vil.,G,10002,G02,10002040,,309
174,10002040021,宜蘭縣,頭城鎮,下埔里,Xiapu Vil.,G,10002,G02,10002040,,310
175,10002040022,宜蘭縣,頭城鎮,中崙里,Zhonglun Vil.,G,10002,G02,10002040,,311
176,10002040023,宜蘭縣,頭城鎮,二城里,Ercheng Vil.,G,10002,G02,10002040,,312
177,10002040024,宜蘭縣,頭城鎮,龜山里,Guishan Vil.,G,10002,G02,10002040,,313
178,10002050001,宜蘭縣,礁溪鄉,白雲村,Baiyun Vil.,G,10002,G03,10002050,,314
179,10002050002,宜蘭縣,礁溪鄉,玉石村,Yushi Vil.,G,10002,G03,10002050,,315
180,10002050003,宜蘭縣,礁溪鄉,德陽村,Deyang Vil.,G,10002,G03,10002050,,316
181,10002050004,宜蘭縣,礁溪鄉,大忠村,Dazhong Vil.,G,10002,G03,10002050,,317
182,10002050005,宜蘭縣,礁溪鄉,大義村,Dayi Vil.,G,10002,G03,10002050,,318
183,10002050006,宜蘭縣,礁溪鄉,六結村,Liujie Vil.,G,10002,G03,10002050,,319
184,10002050007,宜蘭縣,礁溪鄉,二龍村,Erlong Vil.,G,10002,G03,10002050,,320
185,10002050008,宜蘭縣,礁溪鄉,時潮村,Shichao Vil.,G,10002,G03,10002050,,321
186,10002050009,宜蘭縣,礁溪鄉,玉田村,Yutian Vil.,G,10002,G03,10002050,,322
187,10002050010,宜蘭縣,礁溪鄉,三民村,Sanmin Vil.,G,10002,G03,10002050,,323
188,10002050011,宜蘭縣,礁溪鄉,林美村,Linmei Vil.,G,10002,G03,10002050,,324
189,10002050012,宜蘭縣,礁溪鄉,白鵝村,Bai'e Vil.,G,10002,G03,10002050,,325
190,10002050013,宜蘭縣,礁溪鄉,玉光村,Yuguang Vil.,G,10002,G03,10002050,,326
191,10002050014,宜蘭縣,礁溪鄉,光武村,Guangwu Vil.,G,10002,G03,10002050,,327
192,10002050015,宜蘭縣,礁溪鄉,吳沙村,Wusha Vil.,G,10002,G03,10002050,,328
193,10002050016,宜蘭縣,礁溪鄉,龍潭村,Longtan Vil.,G,10002,G03,10002050,,329
194,10002050017,宜蘭縣,礁溪鄉,匏崙村,Paolun Vil.,G,10002,G03,10002050,,330
195,10002050018,宜蘭縣,礁溪鄉,二結村,Erjie Vil.,G,10002,G03,10002050,,331
196,10002060001,宜蘭縣,壯圍鄉,吉祥村,Jixiang Vil.,G,10002,G04,10002060,,332
197,10002060002,宜蘭縣,壯圍鄉,美福村,Meifu Vil.,G,10002,G04,10002060,,333
198,10002060003,宜蘭縣,壯圍鄉,新南村,Xinnan Vil.,G,10002,G04,10002060,,334
199,10002060004,宜蘭縣,壯圍鄉,東港村,Donggang Vil.,G,10002,G04,10002060,,335
200,10002060005,宜蘭縣,壯圍鄉,復興村,Fuxing Vil.,G,10002,G04,10002060,,336
201,10002060006,宜蘭縣,壯圍鄉,過嶺村,Guoling Vil.,G,10002,G04,10002060,,337
202,10002060007,宜蘭縣,壯圍鄉,永鎮村,Yongzhen Vil.,G,10002,G04,10002060,,338
203,10002060009,宜蘭縣,壯圍鄉,古亭村,Guting Vil.,G,10002,G04,10002060,,339
204,10002060010,宜蘭縣,壯圍鄉,功勞村,Gonglao Vil.,G,10002,G04,10002060,,340
205,10002060011,宜蘭縣,壯圍鄉,美城村,Meicheng Vil.,G,10002,G04,10002060,,341
206,10002060012,宜蘭縣,壯圍鄉,新社村,Xinshe Vil.,G,10002,G04,10002060,,342
207,10002060013,宜蘭縣,壯圍鄉,大福村,Dafu Vil.,G,10002,G04,10002060,,343
208,10002060014,宜蘭縣,壯圍鄉,古結村,Gujie Vil.,G,10002,G04,10002060,,344
209,10002060015,宜蘭縣,壯圍鄉,壯六村,Zhuangliu Vil.,G,10002,G04,10002060,,345
210,10002060016,宜蘭縣,壯圍鄉,順和村,Shunhe Vil.,G,10002,G04,10002060,,346
211,10002060017,宜蘭縣,壯圍鄉,美間村,Meijian Vil.,G,10002,G04,10002060,,347
212,10002070001,宜蘭縣,員山鄉,員山村,Yuanshan Vil.,G,10002,G05,10002070,,348
213,10002070002,宜蘭縣,員山鄉,尚德村,Shangde Vil.,G,10002,G05,10002070,,349
214,10002070003,宜蘭縣,員山鄉,惠好村,Huihao Vil.,G,10002,G05,10002070,,350
215,10002070004,宜蘭縣,員山鄉,七賢村,Qixian Vil.,G,10002,G05,10002070,,351
216,10002070005,宜蘭縣,員山鄉,深溝村,Shengou Vil.,G,10002,G05,10002070,,352
217,10002070006,宜蘭縣,員山鄉,蓁巷村,Zhenxiang Vil.,G,10002,G05,10002070,,353
218,10002070007,宜蘭縣,員山鄉,內城村,Neicheng Vil.,G,10002,G05,10002070,,354
219,10002070008,宜蘭縣,員山鄉,中華村,Zhonghua Vil.,G,10002,G05,10002070,,355
220,10002070009,宜蘭縣,員山鄉,永和村,Yonghe Vil.,G,10002,G05,10002070,,356
221,10002070010,宜蘭縣,員山鄉,頭分村,Toufen Vil.,G,10002,G05,10002070,,357
222,10002070011,宜蘭縣,員山鄉,枕山村,Zhenshan Vil.,G,10002,G05,10002070,,358
223,10002070012,宜蘭縣,員山鄉,同樂村,Tongle Vil.,G,10002,G05,10002070,,359
224,10002070013,宜蘭縣,員山鄉,湖東村,Hudong Vil.,G,10002,G05,10002070,,360
225,10002070014,宜蘭縣,員山鄉,逸仙村,Yixian Vil.,G,10002,G05,10002070,,361
226,10002070015,宜蘭縣,員山鄉,湖北村,Hubei Vil.,G,10002,G05,10002070,,362
227,10002070016,宜蘭縣,員山鄉,湖西村,Huxi Vil.,G,10002,G05,10002070,,363
228,10002070017,宜蘭縣,員山鄉,金古村,Jingu Vil.,G,10002,G05,10002070,,364
229,10002070018,宜蘭縣,員山鄉,金泰村,Jintai Vil.,G,10002,G05,10002070,,365
230,10002080001,宜蘭縣,冬山鄉,武淵村,Wuyuan Vil.,G,10002,G08,10002080,,366
231,10002080002,宜蘭縣,冬山鄉,珍珠村,Zhenzhu Vil.,G,10002,G08,10002080,,367
232,10002080003,宜蘭縣,冬山鄉,補城村,Bucheng Vil.,G,10002,G08,10002080,,368
233,10002080004,宜蘭縣,冬山鄉,三奇村,Sanqi Vil.,G,10002,G08,10002080,,369
234,10002080005,宜蘭縣,冬山鄉,大興村,Daxing Vil.,G,10002,G08,10002080,,370
235,10002080006,宜蘭縣,冬山鄉,東城村,Dongcheng Vil.,G,10002,G08,10002080,,371
236,10002080007,宜蘭縣,冬山鄉,香和村,Xianghe Vil.,G,10002,G08,10002080,,372
237,10002080008,宜蘭縣,冬山鄉,南興村,Nanxing Vil.,G,10002,G08,10002080,,373
238,10002080009,宜蘭縣,冬山鄉,冬山村,Dongshan Vil.,G,10002,G08,10002080,,374
239,10002080010,宜蘭縣,冬山鄉,安平村,Anping Vil.,G,10002,G08,10002080,,375
240,10002080011,宜蘭縣,冬山鄉,太和村,Taihe Vil.,G,10002,G08,10002080,,376
241,10002080012,宜蘭縣,冬山鄉,八寶村,Babao Vil.,G,10002,G08,10002080,,377
242,10002080013,宜蘭縣,冬山鄉,丸山村,Wanshan Vil.,G,10002,G08,10002080,,378
243,10002080014,宜蘭縣,冬山鄉,中山村,Zhongshan Vil.,G,10002,G08,10002080,,379
244,10002080015,宜蘭縣,冬山鄉,順安村,Shun'an Vil.,G,10002,G08,10002080,,380
245,10002080016,宜蘭縣,冬山鄉,永美村,Yongmei Vil.,G,10002,G08,10002080,,381
246,10002080017,宜蘭縣,冬山鄉,群英村,Qunying Vil.,G,10002,G08,10002080,,382
247,10002080018,宜蘭縣,冬山鄉,清溝村,Qinggou Vil.,G,10002,G08,10002080,,383
248,10002080019,宜蘭縣,冬山鄉,鹿埔村,Lupu Vil.,G,10002,G08,10002080,,384
249,10002080020,宜蘭縣,冬山鄉,得安村,De'an Vil.,G,10002,G08,10002080,,385
250,10002080021,宜蘭縣,冬山鄉,廣興村,Guangxing Vil.,G,10002,G08,10002080,,386
251,10002080022,宜蘭縣,冬山鄉,廣安村,Guang'an Vil.,G,10002,G08,10002080,,387
252,10002080023,宜蘭縣,冬山鄉,柯林村,Kelin Vil.,G,10002,G08,10002080,,388
253,10002080024,宜蘭縣,冬山鄉,大進村,Dajin Vil.,G,10002,G08,10002080,,389
254,10002090001,宜蘭縣,五結鄉,三興村,Sanxing Vil.,G,10002,G07,10002090,,390
255,10002090002,宜蘭縣,五結鄉,二結村,Erjie Vil.,G,10002,G07,10002090,,391
256,10002090003,宜蘭縣,五結鄉,鎮安村,Zhen'an Vil.,G,10002,G07,10002090,,392
257,10002090004,宜蘭縣,五結鄉,上四村,Shangsi Vil.,G,10002,G07,10002090,,393
258,10002090005,宜蘭縣,五結鄉,中興村,Zhongxing Vil.,G,10002,G07,10002090,,394
259,10002090006,宜蘭縣,五結鄉,四結村,Sijie Vil.,G,10002,G07,10002090,,395
260,10002090007,宜蘭縣,五結鄉,福興村,Fuxing Vil.,G,10002,G07,10002090,,396
261,10002090008,宜蘭縣,五結鄉,五結村,Wujie Vil.,G,10002,G07,10002090,,397
262,10002090009,宜蘭縣,五結鄉,大吉村,Daji Vil.,G,10002,G07,10002090,,398
263,10002090010,宜蘭縣,五結鄉,協和村,Xiehe Vil.,G,10002,G07,10002090,,399
264,10002090011,宜蘭縣,五結鄉,孝威村,Xiaowei Vil.,G,10002,G07,10002090,,400
265,10002090012,宜蘭縣,五結鄉,錦眾村,Jinzhong Vil.,G,10002,G07,10002090,,401
266,10002090013,宜蘭縣,五結鄉,利澤村,Lize Vil.,G,10002,G07,10002090,,402
267,10002090014,宜蘭縣,五結鄉,成興村,Chengxing Vil.,G,10002,G07,10002090,,403
268,10002090015,宜蘭縣,五結鄉,季新村,Jixin Vil.,G,10002,G07,10002090,,404
269,10002100001,宜蘭縣,三星鄉,員山村,Yuanshan Vil.,G,10002,G10,10002100,,405
270,10002100002,宜蘭縣,三星鄉,天山村,Tianshan Vil.,G,10002,G10,10002100,,406
271,10002100003,宜蘭縣,三星鄉,天福村,Tianfu Vil.,G,10002,G10,10002100,,407
272,10002100004,宜蘭縣,三星鄉,雙賢村,Shuangxian Vil.,G,10002,G10,10002100,,408
273,10002100005,宜蘭縣,三星鄉,人和村,Renhe Vil.,G,10002,G10,10002100,,409
274,10002100006,宜蘭縣,三星鄉,義德村,Yide Vil.,G,10002,G10,10002100,,410
275,10002100007,宜蘭縣,三星鄉,集慶村,Jiqing Vil.,G,10002,G10,10002100,,411
276,10002100008,宜蘭縣,三星鄉,月眉村,Yuemei Vil.,G,10002,G10,10002100,,412
277,10002100009,宜蘭縣,三星鄉,拱照村,Gongzhao Vil.,G,10002,G10,10002100,,413
278,10002100010,宜蘭縣,三星鄉,大隱村,Dayin Vil.,G,10002,G10,10002100,,414
279,10002100011,宜蘭縣,三星鄉,行健村,Xingjian Vil.,G,10002,G10,10002100,,415
280,10002100012,宜蘭縣,三星鄉,萬德村,Wande Vil.,G,10002,G10,10002100,,416
281,10002100013,宜蘭縣,三星鄉,貴林村,Guilin Vil.,G,10002,G10,10002100,,417
282,10002100014,宜蘭縣,三星鄉,萬富村,Wanfu Vil.,G,10002,G10,10002100,,418
283,10002100015,宜蘭縣,三星鄉,大義村,Dayi Vil.,G,10002,G10,10002100,,419
284,10002100016,宜蘭縣,三星鄉,尚武村,Shangwu Vil.,G,10002,G10,10002100,,420
285,10002100017,宜蘭縣,三星鄉,大洲村,Dazhou Vil.,G,10002,G10,10002100,,421
286,10002100018,宜蘭縣,三星鄉,尾塹村,Weiqian Vil.,G,10002,G10,10002100,,422
287,10002110001,宜蘭縣,大同鄉,寒溪村,Hanxi Vil.,G,10002,G11,10002110,,423
288,10002110002,宜蘭縣,大同鄉,崙埤村,Lunpi Vil.,G,10002,G11,10002110,,424
289,10002110003,宜蘭縣,大同鄉,松羅村,Songluo Vil.,G,10002,G11,10002110,,425
290,10002110004,宜蘭縣,大同鄉,復興村,Fuxing Vil.,G,10002,G11,10002110,,426
291,10002110005,宜蘭縣,大同鄉,英士村,Yingshi Vil.,G,10002,G11,10002110,,427
292,10002110006,宜蘭縣,大同鄉,樂水村,Leshui Vil.,G,10002,G11,10002110,,428
293,10002110007,宜蘭縣,大同鄉,太平村,Taiping Vil.,G,10002,G11,10002110,,429
294,10002110008,宜蘭縣,大同鄉,四季村,Siji Vil.,G,10002,G11,10002110,,430
295,10002110009,宜蘭縣,大同鄉,南山村,Nanshan Vil.,G,10002,G11,10002110,,431
296,10002110010,宜蘭縣,大同鄉,茂安村,Mao'an Vil.,G,10002,G11,10002110,,432
297,10002120001,宜蘭縣,南澳鄉,南澳村,Nan'ao Vil.,G,10002,G12,10002120,,433
298,10002120002,宜蘭縣,南澳鄉,碧候村,Bihou Vil.,G,10002,G12,10002120,,434
299,10002120003,宜蘭縣,南澳鄉,東岳村,Dongyue Vil.,G,10002,G12,10002120,,435
300,10002120004,宜蘭縣,南澳鄉,金岳村,Jinyue Vil.,G,10002,G12,10002120,,436
301,10002120005,宜蘭縣,南澳鄉,武塔村,Wuta Vil.,G,10002,G12,10002120,,437
302,10002120006,宜蘭縣,南澳鄉,金洋村,Jinyang Vil.,G,10002,G12,10002120,,438
303,10002120007,宜蘭縣,南澳鄉,澳花村,Aohua Vil.,G,10002,G12,10002120,,439
304,10004010001,新竹縣,竹北市,斗崙里,Doulun Vil.,J,10004,J05,10004010,,440
305,10004010002,新竹縣,竹北市,鹿場里,Luchang Vil.,J,10004,J05,10004010,,441
306,10004010003,新竹縣,竹北市,東平里,Dongping Vil.,J,10004,J05,10004010,,442
307,10004010004,新竹縣,竹北市,中興里,Zhongxing Vil.,J,10004,J05,10004010,,443
308,10004010005,新竹縣,竹北市,隘口里,Aikou Vil.,J,10004,J05,10004010,,444
309,10004010006,新竹縣,竹北市,東海里,Donghai Vil.,J,10004,J05,10004010,,445
310,10004010007,新竹縣,竹北市,竹北里,Zhubei Vil.,J,10004,J05,10004010,,446
311,10004010008,新竹縣,竹北市,竹仁里,Zhuren Vil.,J,10004,J05,10004010,,447
312,10004010009,新竹縣,竹北市,竹義里,Zhuyi Vil.,J,10004,J05,10004010,,448
313,10004010010,新竹縣,竹北市,泰和里,Taihe Vil.,J,10004,J05,10004010,,449
314,10004010011,新竹縣,竹北市,新社里,Xinshe Vil.,J,10004,J05,10004010,,450
315,10004010012,新竹縣,竹北市,聯興里,Lianxing Vil.,J,10004,J05,10004010,,451
316,10004010013,新竹縣,竹北市,麻園里,Mayuan Vil.,J,10004,J05,10004010,,452
317,10004010014,新竹縣,竹北市,溪州里,Xizhou Vil.,J,10004,J05,10004010,,453
318,10004010015,新竹縣,竹北市,白地里,Baidi Vil.,J,10004,J05,10004010,,454
319,10004010016,新竹縣,竹北市,新港里,Xingang Vil.,J,10004,J05,10004010,,455
320,10004010017,新竹縣,竹北市,大義里,Dayi Vil.,J,10004,J05,10004010,,456
321,10004010018,新竹縣,竹北市,崇義里,Chongyi Vil.,J,10004,J05,10004010,,457
322,10004010019,新竹縣,竹北市,大眉里,Damei Vil.,J,10004,J05,10004010,,458
323,10004010020,新竹縣,竹北市,尚義里,Shangyi Vil.,J,10004,J05,10004010,,459
324,10004010021,新竹縣,竹北市,十興里,Shixing Vil.,J,10004,J05,10004010,,460
325,10004010022,新竹縣,竹北市,新國里,Xinguo Vil.,J,10004,J05,10004010,,461
326,10004010023,新竹縣,竹北市,新庄里,Xinzhuang Vil.,J,10004,J05,10004010,,462
327,10004010024,新竹縣,竹北市,北崙里,Beilun Vil.,J,10004,J05,10004010,,463
328,10004010025,新竹縣,竹北市,新崙里,Xinlun Vil.,J,10004,J05,10004010,,464
329,10004010026,新竹縣,竹北市,福德里,Fude Vil.,J,10004,J05,10004010,,465
330,10004010027,新竹縣,竹北市,東興里,Dongxing Vil.,J,10004,J05,10004010,,466
331,10004010028,新竹縣,竹北市,北興里,Beixing Vil.,J,10004,J05,10004010,,467
332,10004010029,新竹縣,竹北市,興安里,Xing'an Vil.,J,10004,J05,10004010,,468
333,10004010030,新竹縣,竹北市,文化里,Wenhua Vil.,J,10004,J05,10004010,,469
334,10004010031,新竹縣,竹北市,中崙里,Zhonglun Vil.,J,10004,J05,10004010,,470
335,10004020001,新竹縣,竹東鎮,上坪里,Shangping Vil.,J,10004,J02,10004020,,471
336,10004020002,新竹縣,竹東鎮,瑞峰里,Ruifeng Vil.,J,10004,J02,10004020,,472
337,10004020003,新竹縣,竹東鎮,軟橋里,Ruanqiao Vil.,J,10004,J02,10004020,,473
338,10004020004,新竹縣,竹東鎮,員崠里,Yuandong Vil.,J,10004,J02,10004020,,474
339,10004020005,新竹縣,竹東鎮,東寧里,Dongning Vil.,J,10004,J02,10004020,,475
340,10004020006,新竹縣,竹東鎮,上舘里,Shangguan Vil.,J,10004,J02,10004020,,476
341,10004020007,新竹縣,竹東鎮,大鄉里,Daxiang Vil.,J,10004,J02,10004020,,477
342,10004020008,新竹縣,竹東鎮,東華里,Donghua Vil.,J,10004,J02,10004020,,478
343,10004020009,新竹縣,竹東鎮,商華里,Shanghua Vil.,J,10004,J02,10004020,,479
344,10004020010,新竹縣,竹東鎮,竹東里,Zhudong Vil.,J,10004,J02,10004020,,480
345,10004020011,新竹縣,竹東鎮,榮樂里,Rongle Vil.,J,10004,J02,10004020,,481
346,10004020012,新竹縣,竹東鎮,鷄林里,Jilin Vil.,J,10004,J02,10004020,,482
347,10004020013,新竹縣,竹東鎮,仁愛里,Ren'ai Vil.,J,10004,J02,10004020,,483
348,10004020014,新竹縣,竹東鎮,五豐里,Wufeng Vil.,J,10004,J02,10004020,,484
349,10004020015,新竹縣,竹東鎮,三重里,Sanchong Vil.,J,10004,J02,10004020,,485
350,10004020016,新竹縣,竹東鎮,頭重里,Touchong Vil.,J,10004,J02,10004020,,486
351,10004020017,新竹縣,竹東鎮,員山里,Yuanshan Vil.,J,10004,J02,10004020,,487
352,10004020018,新竹縣,竹東鎮,柯湖里,Kehu Vil.,J,10004,J02,10004020,,488
353,10004020019,新竹縣,竹東鎮,二重里,Erchong Vil.,J,10004,J02,10004020,,489
354,10004020020,新竹縣,竹東鎮,中山里,Zhongshan Vil.,J,10004,J02,10004020,,490
355,10004020021,新竹縣,竹東鎮,中正里,Zhongzheng Vil.,J,10004,J02,10004020,,491
356,10004020022,新竹縣,竹東鎮,南華里,Nanhua Vil.,J,10004,J02,10004020,,492
357,10004020023,新竹縣,竹東鎮,榮華里,Ronghua Vil.,J,10004,J02,10004020,,493
358,10004020024,新竹縣,竹東鎮,忠孝里,Zhongxiao Vil.,J,10004,J02,10004020,,494
359,10004020025,新竹縣,竹東鎮,陸豐里,Lufeng Vil.,J,10004,J02,10004020,,495
360,10004030001,新竹縣,新埔鎮,內立里,Neili Vil.,J,10004,J04,10004030,,496
361,10004030002,新竹縣,新埔鎮,寶石里,Baoshi Vil.,J,10004,J04,10004030,,497
362,10004030003,新竹縣,新埔鎮,文山里,Wenshan Vil.,J,10004,J04,10004030,,498
363,10004030004,新竹縣,新埔鎮,五埔里,Wupu Vil.,J,10004,J04,10004030,,499
364,10004030005,新竹縣,新埔鎮,四座里,Sizuo Vil.,J,10004,J04,10004030,,500
365,10004030006,新竹縣,新埔鎮,旱坑里,Hankeng Vil.,J,10004,J04,10004030,,501
366,10004030007,新竹縣,新埔鎮,田新里,Tianxin Vil.,J,10004,J04,10004030,,502
367,10004030008,新竹縣,新埔鎮,新埔里,Xinpu Vil.,J,10004,J04,10004030,,503
368,10004030009,新竹縣,新埔鎮,新生里,Xinsheng Vil.,J,10004,J04,10004030,,504
369,10004030010,新竹縣,新埔鎮,新民里,Xinmin Vil.,J,10004,J04,10004030,,505
370,10004030011,新竹縣,新埔鎮,上寮里,Shangliao Vil.,J,10004,J04,10004030,,506
371,10004030012,新竹縣,新埔鎮,下寮里,Xialiao Vil.,J,10004,J04,10004030,,507
372,10004030013,新竹縣,新埔鎮,南平里,Nanping Vil.,J,10004,J04,10004030,,508
373,10004030014,新竹縣,新埔鎮,北平里,Beiping Vil.,J,10004,J04,10004030,,509
374,10004030015,新竹縣,新埔鎮,巨埔里,Jupu Vil.,J,10004,J04,10004030,,510
375,10004030016,新竹縣,新埔鎮,照門里,Zhaomen Vil.,J,10004,J04,10004030,,511
376,10004030017,新竹縣,新埔鎮,清水里,Qingshui Vil.,J,10004,J04,10004030,,512
377,10004030018,新竹縣,新埔鎮,鹿鳴里,Luming Vil.,J,10004,J04,10004030,,513
378,10004030019,新竹縣,新埔鎮,新北里,Xinbei Vil.,J,10004,J04,10004030,,514
379,10004040001,新竹縣,關西鎮,東興里,Dongxing Vil.,J,10004,J03,10004040,,515
380,10004040002,新竹縣,關西鎮,西安里,Xi'an Vil.,J,10004,J03,10004040,,516
381,10004040003,新竹縣,關西鎮,南雄里,Nanxueng Vil.,J,10004,J03,10004040,,517
382,10004040004,新竹縣,關西鎮,北斗里,Beidou Vil.,J,10004,J03,10004040,,518
383,10004040005,新竹縣,關西鎮,仁安里,Ren'an Vil.,J,10004,J03,10004040,,519
384,10004040006,新竹縣,關西鎮,北山里,Beishan Vil.,J,10004,J03,10004040,,520
385,10004040007,新竹縣,關西鎮,南山里,Nanshan Vil.,J,10004,J03,10004040,,521
386,10004040008,新竹縣,關西鎮,東安里,Dong'an Vil.,J,10004,J03,10004040,,522
387,10004040009,新竹縣,關西鎮,東光里,Dongguang Vil.,J,10004,J03,10004040,,523
388,10004040010,新竹縣,關西鎮,新富里,Xinfu Vil.,J,10004,J03,10004040,,524
389,10004040011,新竹縣,關西鎮,金山里,Jinshan Vil.,J,10004,J03,10004040,,525
390,10004040012,新竹縣,關西鎮,錦山里,Jinshan Vil.,J,10004,J03,10004040,,526
391,10004040013,新竹縣,關西鎮,玉山里,Yushan Vil.,J,10004,J03,10004040,,527
392,10004040014,新竹縣,關西鎮,大同里,Datong Vil.,J,10004,J03,10004040,,528
393,10004040015,新竹縣,關西鎮,石光里,Shiguang Vil.,J,10004,J03,10004040,,529
394,10004040016,新竹縣,關西鎮,上林里,Shanglin Vil.,J,10004,J03,10004040,,530
395,10004040017,新竹縣,關西鎮,新力里,Xinli Vil.,J,10004,J03,10004040,,531
396,10004040018,新竹縣,關西鎮,南和里,Nanhe Vil.,J,10004,J03,10004040,,532
397,10004040019,新竹縣,關西鎮,東山里,Dongshan Vil.,J,10004,J03,10004040,,533
398,10004040020,新竹縣,關西鎮,南新里,Nanxin Vil.,J,10004,J03,10004040,,534
399,10004040021,新竹縣,關西鎮,東平里,Dongping Vil.,J,10004,J03,10004040,,535
400,10004050001,新竹縣,湖口鄉,孝勢村,Xiaoshi Vil.,J,10004,J06,10004050,,536
401,10004050002,新竹縣,湖口鄉,仁勢村,Renshi Vil.,J,10004,J06,10004050,,537
402,10004050003,新竹縣,湖口鄉,愛勢村,Aishi Vil.,J,10004,J06,10004050,,538
403,10004050004,新竹縣,湖口鄉,信勢村,Xinshi Vil.,J,10004,J06,10004050,,539
404,10004050005,新竹縣,湖口鄉,中勢村,Zhongshi Vil.,J,10004,J06,10004050,,540
405,10004050006,新竹縣,湖口鄉,德盛村,Decheng Vil.,J,10004,J06,10004050,,541
406,10004050007,新竹縣,湖口鄉,和興村,Hexing Vil.,J,10004,J06,10004050,,542
407,10004050008,新竹縣,湖口鄉,長嶺村,Changling Vil.,J,10004,J06,10004050,,543
408,10004050009,新竹縣,湖口鄉,長安村,Chang'an Vil.,J,10004,J06,10004050,,544
409,10004050010,新竹縣,湖口鄉,湖口村,Hukou Vil.,J,10004,J06,10004050,,545
410,10004050011,新竹縣,湖口鄉,湖鏡村,Hujing Vil.,J,10004,J06,10004050,,546
411,10004050012,新竹縣,湖口鄉,湖南村,Hunan Vil.,J,10004,J06,10004050,,547
412,10004050013,新竹縣,湖口鄉,波羅村,Poluo Vil.,J,10004,J06,10004050,,548
413,10004050014,新竹縣,湖口鄉,鳳凰村,Fenghuang Vil.,J,10004,J06,10004050,,549
414,10004050015,新竹縣,湖口鄉,鳳山村,Fengshan Vil.,J,10004,J06,10004050,,550
415,10004050016,新竹縣,湖口鄉,中興村,Zhongxing Vil.,J,10004,J06,10004050,,551
416,10004050017,新竹縣,湖口鄉,信義村,Xinyi Vil.,J,10004,J06,10004050,,552
417,10004050018,新竹縣,湖口鄉,中正村,Zhongzheng Vil.,J,10004,J06,10004050,,553
418,10004050019,新竹縣,湖口鄉,東興村,Dongxing Vil.,J,10004,J06,10004050,,554
419,10004050020,新竹縣,湖口鄉,勝利村,Shengli Vil.,J,10004,J06,10004050,,555
420,10004060001,新竹縣,新豐鄉,福興村,Fuxing Vil.,J,10004,J09,10004060,,556
421,10004060002,新竹縣,新豐鄉,後湖村,Houhu Vil.,J,10004,J09,10004060,,557
422,10004060003,新竹縣,新豐鄉,青埔村,Qingpu Vil.,J,10004,J09,10004060,,558
423,10004060004,新竹縣,新豐鄉,埔和村,Puhe Vil.,J,10004,J09,10004060,,559
424,10004060005,新竹縣,新豐鄉,瑞興村,Ruixing Vil.,J,10004,J09,10004060,,560
425,10004060006,新竹縣,新豐鄉,坡頭村,Potou Vil.,J,10004,J09,10004060,,561
426,10004060007,新竹縣,新豐鄉,中崙村,Zhonglun Vil.,J,10004,J09,10004060,,562
427,10004060008,新竹縣,新豐鄉,重興村,Chongxing Vil.,J,10004,J09,10004060,,563
428,10004060009,新竹縣,新豐鄉,新豐村,Xinfeng Vil.,J,10004,J09,10004060,,564
429,10004060010,新竹縣,新豐鄉,員山村,Yuanshan Vil.,J,10004,J09,10004060,,565
430,10004060011,新竹縣,新豐鄉,松林村,Songlin Vil.,J,10004,J09,10004060,,566
431,10004060012,新竹縣,新豐鄉,上坑村,Shangkeng Vil.,J,10004,J09,10004060,,567
432,10004060013,新竹縣,新豐鄉,鳳坑村,Fengkeng Vil.,J,10004,J09,10004060,,568
433,10004060014,新竹縣,新豐鄉,忠孝村,Zhongxiao Vil.,J,10004,J09,10004060,,569
434,10004060015,新竹縣,新豐鄉,山崎村,Shanqi Vil.,J,10004,J09,10004060,,570
435,10004060016,新竹縣,新豐鄉,松柏村,Songbo Vil.,J,10004,J09,10004060,,571
436,10004060017,新竹縣,新豐鄉,崎頂村,Qiding Vil.,J,10004,J09,10004060,,572
437,10004060018,新竹縣,新豐鄉,明新村,Mingxin Vil.,J,10004,J09,10004060,,573
438,10004070001,新竹縣,芎林鄉,五龍村,Wulong Vil.,J,10004,J10,10004070,,574
439,10004070002,新竹縣,芎林鄉,華龍村,Hualong Vil.,J,10004,J10,10004070,,575
440,10004070003,新竹縣,芎林鄉,秀湖村,Xiuhu Vil.,J,10004,J10,10004070,,576
441,10004070004,新竹縣,芎林鄉,永興村,Yongxing Vil.,J,10004,J10,10004070,,577
442,10004070005,新竹縣,芎林鄉,石潭村,Shitan Vil.,J,10004,J10,10004070,,578
443,10004070006,新竹縣,芎林鄉,新鳳村,Xinfeng Vil.,J,10004,J10,10004070,,579
444,10004070007,新竹縣,芎林鄉,中坑村,Zhongkeng Vil.,J,10004,J10,10004070,,580
445,10004070008,新竹縣,芎林鄉,水坑村,Shuikeng Vil.,J,10004,J10,10004070,,581
446,10004070009,新竹縣,芎林鄉,文林村,Wenlin Vil.,J,10004,J10,10004070,,582
447,10004070010,新竹縣,芎林鄉,芎林村,Qionglin Vil.,J,10004,J10,10004070,,583
448,10004070011,新竹縣,芎林鄉,上山村,Shangshan Vil.,J,10004,J10,10004070,,584
449,10004070012,新竹縣,芎林鄉,下山村,Xiashan Vil.,J,10004,J10,10004070,,585
450,10004080001,新竹縣,橫山鄉,橫山村,Hengshan Vil.,J,10004,J08,10004080,,586
451,10004080002,新竹縣,橫山鄉,田寮村,Tianliao Vil.,J,10004,J08,10004080,,587
452,10004080003,新竹縣,橫山鄉,南昌村,Nanchang Vil.,J,10004,J08,10004080,,588
453,10004080004,新竹縣,橫山鄉,豐鄉村,Fengxiang Vil.,J,10004,J08,10004080,,589
454,10004080005,新竹縣,橫山鄉,豐田村,Fengtian Vil.,J,10004,J08,10004080,,590
455,10004080006,新竹縣,橫山鄉,內灣村,Neiwan Vil.,J,10004,J08,10004080,,591
456,10004080007,新竹縣,橫山鄉,福興村,Fuxing Vil.,J,10004,J08,10004080,,592
457,10004080008,新竹縣,橫山鄉,沙坑村,Shakeng Vil.,J,10004,J08,10004080,,593
458,10004080009,新竹縣,橫山鄉,新興村,Xinxing Vil.,J,10004,J08,10004080,,594
459,10004080010,新竹縣,橫山鄉,大肚村,Dadu Vil.,J,10004,J08,10004080,,595
460,10004080011,新竹縣,橫山鄉,力行村,Lixing Vil.,J,10004,J08,10004080,,596
461,10004090001,新竹縣,北埔鄉,北埔村,Beipu Vil.,J,10004,J12,10004090,,597
462,10004090002,新竹縣,北埔鄉,南興村,Nanxing Vil.,J,10004,J12,10004090,,598
463,10004090003,新竹縣,北埔鄉,埔尾村,Puwei Vil.,J,10004,J12,10004090,,599
464,10004090004,新竹縣,北埔鄉,水磜村,Shuiji Vil.,J,10004,J12,10004090,,600
465,10004090005,新竹縣,北埔鄉,南埔村,Nanpu Vil.,J,10004,J12,10004090,,601
466,10004090006,新竹縣,北埔鄉,大林村,Dalin Vil.,J,10004,J12,10004090,,602
467,10004090007,新竹縣,北埔鄉,大湖村,Dahu Vil.,J,10004,J12,10004090,,603
468,10004090008,新竹縣,北埔鄉,南坑村,Nankeng Vil.,J,10004,J12,10004090,,604
469,10004090009,新竹縣,北埔鄉,外坪村,Waiping Vil.,J,10004,J12,10004090,,605
470,10004100001,新竹縣,寶山鄉,雙溪村,Shuangxi Vil.,J,10004,J11,10004100,,606
471,10004100002,新竹縣,寶山鄉,大崎村,Daqi Vil.,J,10004,J11,10004100,,607
472,10004100003,新竹縣,寶山鄉,三峰村,Sanfeng Vil.,J,10004,J11,10004100,,608
473,10004100004,新竹縣,寶山鄉,新城村,Xincheng Vil.,J,10004,J11,10004100,,609
474,10004100005,新竹縣,寶山鄉,深井村,Shenjing Vil.,J,10004,J11,10004100,,610
475,10004100006,新竹縣,寶山鄉,寶斗村,Baodou Vil.,J,10004,J11,10004100,,611
476,10004100007,新竹縣,寶山鄉,山湖村,Shanhu Vil.,J,10004,J11,10004100,,612
477,10004100008,新竹縣,寶山鄉,寶山村,Baoshan Vil.,J,10004,J11,10004100,,613
478,10004100009,新竹縣,寶山鄉,油田村,Youtian Vil.,J,10004,J11,10004100,,614
479,10004100010,新竹縣,寶山鄉,雙新村,Shuangxin Vil.,J,10004,J11,10004100,,615
480,10004110001,新竹縣,峨眉鄉,峨眉村,Emei Vil.,J,10004,J13,10004110,,616
481,10004110002,新竹縣,峨眉鄉,中盛村,Zhongcheng Vil.,J,10004,J13,10004110,,617
482,10004110003,新竹縣,峨眉鄉,石井村,Shijing Vil.,J,10004,J13,10004110,,618
483,10004110004,新竹縣,峨眉鄉,富興村,Fuxing Vil.,J,10004,J13,10004110,,619
484,10004110005,新竹縣,峨眉鄉,七星村,Qixing Vil.,J,10004,J13,10004110,,620
485,10004110006,新竹縣,峨眉鄉,湖光村,Huguang Vil.,J,10004,J13,10004110,,621
486,10004120001,新竹縣,尖石鄉,義興村,Yixing Vil.,J,10004,J14,10004120,,622
487,10004120002,新竹縣,尖石鄉,嘉樂村,Jiale Vil.,J,10004,J14,10004120,,623
488,10004120003,新竹縣,尖石鄉,新樂村,Xinle Vil.,J,10004,J14,10004120,,624
489,10004120004,新竹縣,尖石鄉,梅花村,Meihua Vil.,J,10004,J14,10004120,,625
490,10004120005,新竹縣,尖石鄉,錦屏村,Jinping Vil.,J,10004,J14,10004120,,626
491,10004120006,新竹縣,尖石鄉,玉峰村,Yufeng Vil.,J,10004,J14,10004120,,627
492,10004120007,新竹縣,尖石鄉,秀巒村,Xiuluan Vil.,J,10004,J14,10004120,,628
493,10004130001,新竹縣,五峰鄉,大隘村,Da'ai Vil.,J,10004,J15,10004130,,629
494,10004130002,新竹縣,五峰鄉,花園村,Huayuan Vil.,J,10004,J15,10004130,,630
495,10004130003,新竹縣,五峰鄉,竹林村,Zhulin Vil.,J,10004,J15,10004130,,631
496,10004130004,新竹縣,五峰鄉,桃山村,Taoshan Vil.,J,10004,J15,10004130,,632
497,10005010001,苗栗縣,苗栗市,中苗里,Zhongmiao Vil.,K,10005,K01,10005010,,633
498,10005010002,苗栗縣,苗栗市,建功里,Jiangong Vil.,K,10005,K01,10005010,,634
499,10005010003,苗栗縣,苗栗市,青苗里,Qingmiao Vil.,K,10005,K01,10005010,,635
500,10005010004,苗栗縣,苗栗市,玉清里,Yuqing Vil.,K,10005,K01,10005010,,636
501,10005010005,苗栗縣,苗栗市,玉華里,Yuhua Vil.,K,10005,K01,10005010,,637
502,10005010006,苗栗縣,苗栗市,維新里,Weixin Vil.,K,10005,K01,10005010,,638
503,10005010007,苗栗縣,苗栗市,維祥里,Weixiang Vil.,K,10005,K01,10005010,,639
504,10005010008,苗栗縣,苗栗市,綠苗里,Lümiao Vil.,K,10005,K01,10005010,,640
505,10005010009,苗栗縣,苗栗市,高苗里,Gaomiao Vil.,K,10005,K01,10005010,,641
506,10005010010,苗栗縣,苗栗市,玉苗里,Yumiao Vil.,K,10005,K01,10005010,,642
507,10005010011,苗栗縣,苗栗市,大同里,Datong Vil.,K,10005,K01,10005010,,643
508,10005010012,苗栗縣,苗栗市,新苗里,Xinmiao Vil.,K,10005,K01,10005010,,644
509,10005010013,苗栗縣,苗栗市,勝利里,Shengli Vil.,K,10005,K01,10005010,,645
510,10005010014,苗栗縣,苗栗市,恭敬里,Gongjing Vil.,K,10005,K01,10005010,,646
511,10005010015,苗栗縣,苗栗市,上苗里,Shangmiao Vil.,K,10005,K01,10005010,,647
512,10005010016,苗栗縣,苗栗市,北苗里,Beimiao Vil.,K,10005,K01,10005010,,648
513,10005010017,苗栗縣,苗栗市,清華里,Qinghua Vil.,K,10005,K01,10005010,,649
514,10005010018,苗栗縣,苗栗市,嘉盛里,Jiasheng Vil.,K,10005,K01,10005010,,650
515,10005010019,苗栗縣,苗栗市,福星里,Fuxing Vil.,K,10005,K01,10005010,,651
516,10005010020,苗栗縣,苗栗市,新川里,Xinchuan Vil.,K,10005,K01,10005010,,652
517,10005010021,苗栗縣,苗栗市,文山里,Wenshan Vil.,K,10005,K01,10005010,,653
518,10005010022,苗栗縣,苗栗市,福麗里,Fuli Vil.,K,10005,K01,10005010,,654
519,10005010023,苗栗縣,苗栗市,水源里,Shuiyuan Vil.,K,10005,K01,10005010,,655
520,10005010024,苗栗縣,苗栗市,新英里,Xinying Vil.,K,10005,K01,10005010,,656
521,10005010025,苗栗縣,苗栗市,福安里,Fu'an Vil.,K,10005,K01,10005010,,657
522,10005010026,苗栗縣,苗栗市,嘉新里,Jiaxin Vil.,K,10005,K01,10005010,,658
523,10005010027,苗栗縣,苗栗市,南勢里,Nanshi Vil.,K,10005,K01,10005010,,659
524,10005010028,苗栗縣,苗栗市,文聖里,Wensheng Vil.,K,10005,K01,10005010,,660
525,10005020001,苗栗縣,苑裡鎮,苑東里,Yuandong Vil.,K,10005,K02,10005020,,661
526,10005020002,苗栗縣,苑裡鎮,苑南里,Yuannan Vil.,K,10005,K02,10005020,,662
527,10005020003,苗栗縣,苑裡鎮,苑北里,Yuanbei Vil.,K,10005,K02,10005020,,663
528,10005020004,苗栗縣,苑裡鎮,西平里,Xiping Vil.,K,10005,K02,10005020,,664
529,10005020005,苗栗縣,苑裡鎮,苑港里,Yuangang Vil.,K,10005,K02,10005020,,665
530,10005020006,苗栗縣,苑裡鎮,西勢里,Xishi Vil.,K,10005,K02,10005020,,666
531,10005020007,苗栗縣,苑裡鎮,海岸里,Hai'an Vil.,K,10005,K02,10005020,,667
532,10005020008,苗栗縣,苑裡鎮,房裡里,Fangli Vil.,K,10005,K02,10005020,,668
533,10005020009,苗栗縣,苑裡鎮,客庄里,Kezhuang Vil.,K,10005,K02,10005020,,669
534,10005020010,苗栗縣,苑裡鎮,中正里,Zhongzheng Vil.,K,10005,K02,10005020,,670
535,10005020011,苗栗縣,苑裡鎮,苑坑里,Yuankeng Vil.,K,10005,K02,10005020,,671
536,10005020012,苗栗縣,苑裡鎮,水坡里,Shuipo Vil.,K,10005,K02,10005020,,672
537,10005020013,苗栗縣,苑裡鎮,新復里,Xinfu Vil.,K,10005,K02,10005020,,673
538,10005020014,苗栗縣,苑裡鎮,山脚里,Shanjiao Vil.,K,10005,K02,10005020,,674
539,10005020015,苗栗縣,苑裡鎮,舊社里,Jiushe Vil.,K,10005,K02,10005020,,675
540,10005020016,苗栗縣,苑裡鎮,福田里,Futian Vil.,K,10005,K02,10005020,,676
541,10005020017,苗栗縣,苑裡鎮,石鎮里,Shizhen Vil.,K,10005,K02,10005020,,677
542,10005020018,苗栗縣,苑裡鎮,蕉埔里,Jiaopu Vil.,K,10005,K02,10005020,,678
543,10005020019,苗栗縣,苑裡鎮,社苓里,Sheling Vil.,K,10005,K02,10005020,,679
544,10005020020,苗栗縣,苑裡鎮,泰田里,Taitian Vil.,K,10005,K02,10005020,,680
545,10005020021,苗栗縣,苑裡鎮,上舘里,Shangguan Vil.,K,10005,K02,10005020,,681
546,10005020022,苗栗縣,苑裡鎮,玉田里,Yutian Vil.,K,10005,K02,10005020,,682
547,10005020023,苗栗縣,苑裡鎮,南勢里,Nanshi Vil.,K,10005,K02,10005020,,683
548,10005020024,苗栗縣,苑裡鎮,山柑里,Shangan Vil.,K,10005,K02,10005020,,684
549,10005020025,苗栗縣,苑裡鎮,田心里,Tianxin Vil.,K,10005,K02,10005020,,685
550,10005030001,苗栗縣,通霄鎮,通東里,Tongdong Vil.,K,10005,K03,10005030,,686
551,10005030002,苗栗縣,通霄鎮,通西里,Tongxi Vil.,K,10005,K03,10005030,,687
552,10005030003,苗栗縣,通霄鎮,平元里,Pingyuan Vil.,K,10005,K03,10005030,,688
553,10005030004,苗栗縣,通霄鎮,梅南里,Meinan Vil.,K,10005,K03,10005030,,689
554,10005030005,苗栗縣,通霄鎮,圳頭里,Zuntou Vil.,K,10005,K03,10005030,,690
555,10005030006,苗栗縣,通霄鎮,通南里,Tongnan Vil.,K,10005,K03,10005030,,691
556,10005030007,苗栗縣,通霄鎮,城北里,Chengbei Vil.,K,10005,K03,10005030,,692
557,10005030008,苗栗縣,通霄鎮,城南里,Chengnan Vil.,K,10005,K03,10005030,,693
558,10005030009,苗栗縣,通霄鎮,南和里,Nanhe Vil.,K,10005,K03,10005030,,694
559,10005030010,苗栗縣,通霄鎮,福興里,Fuxing Vil.,K,10005,K03,10005030,,695
560,10005030011,苗栗縣,通霄鎮,坪頂里,Pingding Vil.,K,10005,K03,10005030,,696
561,10005030012,苗栗縣,通霄鎮,五南里,Wunan Vil.,K,10005,K03,10005030,,697
562,10005030013,苗栗縣,通霄鎮,五北里,Wubei Vil.,K,10005,K03,10005030,,698
563,10005030014,苗栗縣,通霄鎮,內湖里,Neihu Vil.,K,10005,K03,10005030,,699
564,10005030015,苗栗縣,通霄鎮,楓樹里,Fengshu Vil.,K,10005,K03,10005030,,700
565,10005030016,苗栗縣,通霄鎮,烏眉里,Wumei Vil.,K,10005,K03,10005030,,701
566,10005030017,苗栗縣,通霄鎮,福龍里,Fulong Vil.,K,10005,K03,10005030,,702
567,10005030018,苗栗縣,通霄鎮,福源里,Fuyuan Vil.,K,10005,K03,10005030,,703
568,10005030019,苗栗縣,通霄鎮,通灣里,Tongwan Vil.,K,10005,K03,10005030,,704
569,10005030020,苗栗縣,通霄鎮,新埔里,Xinpu Vil.,K,10005,K03,10005030,,705
570,10005030021,苗栗縣,通霄鎮,內島里,Neidao Vil.,K,10005,K03,10005030,,706
571,10005030022,苗栗縣,通霄鎮,白東里,Baidong Vil.,K,10005,K03,10005030,,707
572,10005030023,苗栗縣,通霄鎮,白西里,Baixi Vil.,K,10005,K03,10005030,,708
573,10005030024,苗栗縣,通霄鎮,平安里,Ping'an Vil.,K,10005,K03,10005030,,709
574,10005040001,苗栗縣,竹南鎮,竹南里,Zhunan Vil.,K,10005,K09,10005040,,710
575,10005040002,苗栗縣,竹南鎮,照南里,Zhaonan Vil.,K,10005,K09,10005040,,711
576,10005040003,苗栗縣,竹南鎮,正南里,Zhengnan Vil.,K,10005,K09,10005040,,712
577,10005040004,苗栗縣,竹南鎮,新南里,Xinnan Vil.,K,10005,K09,10005040,,713
578,10005040005,苗栗縣,竹南鎮,大厝里,Dacuo Vil.,K,10005,K09,10005040,,714
579,10005040006,苗栗縣,竹南鎮,營盤里,Yingpan Vil.,K,10005,K09,10005040,,715
580,10005040007,苗栗縣,竹南鎮,聖福里,Shengfu Vil.,K,10005,K09,10005040,,716
581,10005040008,苗栗縣,竹南鎮,竹興里,Zhuxing Vil.,K,10005,K09,10005040,,717
582,10005040009,苗栗縣,竹南鎮,龍鳳里,Longfeng Vil.,K,10005,K09,10005040,,718
583,10005040010,苗栗縣,竹南鎮,山佳里,Shanjia Vil.,K,10005,K09,10005040,,719
584,10005040011,苗栗縣,竹南鎮,中港里,Zhonggang Vil.,K,10005,K09,10005040,,720
585,10005040012,苗栗縣,竹南鎮,中華里,Zhonghua Vil.,K,10005,K09,10005040,,721
586,10005040013,苗栗縣,竹南鎮,中英里,Zhongying Vil.,K,10005,K09,10005040,,722
587,10005040014,苗栗縣,竹南鎮,中美里,Zhongmei Vil.,K,10005,K09,10005040,,723
588,10005040015,苗栗縣,竹南鎮,開元里,Kaiyuan Vil.,K,10005,K09,10005040,,724
589,10005040016,苗栗縣,竹南鎮,海口里,Haikou Vil.,K,10005,K09,10005040,,725
590,10005040017,苗栗縣,竹南鎮,港墘里,Gangqian Vil.,K,10005,K09,10005040,,726
591,10005040018,苗栗縣,竹南鎮,公舘里,Gongguan Vil.,K,10005,K09,10005040,,727
592,10005040019,苗栗縣,竹南鎮,大埔里,Dapu Vil.,K,10005,K09,10005040,,728
593,10005040020,苗栗縣,竹南鎮,頂埔里,Dingpu Vil.,K,10005,K09,10005040,,729
594,10005040021,苗栗縣,竹南鎮,崎頂里,Qiding Vil.,K,10005,K09,10005040,,730
595,10005040022,苗栗縣,竹南鎮,公義里,Gongyi Vil.,K,10005,K09,10005040,,731
596,10005040023,苗栗縣,竹南鎮,佳興里,Jiaxing Vil.,K,10005,K09,10005040,,732
597,10005040024,苗栗縣,竹南鎮,天文里,Tianwen Vil.,K,10005,K09,10005040,,733
598,10005040025,苗栗縣,竹南鎮,龍山里,Longshan Vil.,K,10005,K09,10005040,,734
599,10005050001,苗栗縣,頭份市,流東里,Liudong Vil.,K,10005,K10,10005050,,735
600,10005050002,苗栗縣,頭份市,珊湖里,Shanhu Vil.,K,10005,K10,10005050,,736
601,10005050003,苗栗縣,頭份市,斗煥里,Douhuan Vil.,K,10005,K10,10005050,,737
602,10005050004,苗栗縣,頭份市,新華里,Xinhua Vil.,K,10005,K10,10005050,,738
603,10005050005,苗栗縣,頭份市,興隆里,Xinglong Vil.,K,10005,K10,10005050,,739
604,10005050006,苗栗縣,頭份市,上埔里,Shangpu Vil.,K,10005,K10,10005050,,740
605,10005050007,苗栗縣,頭份市,土牛里,Tuniu Vil.,K,10005,K10,10005050,,741
606,10005050008,苗栗縣,頭份市,頭份里,Toufen Vil.,K,10005,K10,10005050,,742
607,10005050009,苗栗縣,頭份市,忠孝里,Zhongxiao Vil.,K,10005,K10,10005050,,743
608,10005050010,苗栗縣,頭份市,仁愛里,Ren'ai Vil.,K,10005,K10,10005050,,744
609,10005050011,苗栗縣,頭份市,信義里,Xinyi Vil.,K,10005,K10,10005050,,745
610,10005050012,苗栗縣,頭份市,和平里,Heping Vil.,K,10005,K10,10005050,,746
611,10005050013,苗栗縣,頭份市,民族里,Minzu Vil.,K,10005,K10,10005050,,747
612,10005050014,苗栗縣,頭份市,東庄里,Dongzhuang Vil.,K,10005,K10,10005050,,748
613,10005050015,苗栗縣,頭份市,後庄里,Houzhuang Vil.,K,10005,K10,10005050,,749
614,10005050016,苗栗縣,頭份市,山下里,Shanxia Vil.,K,10005,K10,10005050,,750
615,10005050017,苗栗縣,頭份市,蟠桃里,Pantao Vil.,K,10005,K10,10005050,,751
616,10005050018,苗栗縣,頭份市,田寮里,Tianliao Vil.,K,10005,K10,10005050,,752
617,10005050019,苗栗縣,頭份市,蘆竹里,Luzhu Vil.,K,10005,K10,10005050,,753
618,10005050020,苗栗縣,頭份市,上興里,Shangxing Vil.,K,10005,K10,10005050,,754
619,10005050021,苗栗縣,頭份市,下興里,Xiaxing Vil.,K,10005,K10,10005050,,755
620,10005050022,苗栗縣,頭份市,尖山里,Jianshan Vil.,K,10005,K10,10005050,,756
621,10005050023,苗栗縣,頭份市,尖下里,Jianxia Vil.,K,10005,K10,10005050,,757
622,10005050024,苗栗縣,頭份市,廣興里,Guangxing Vil.,K,10005,K10,10005050,,758
623,10005050025,苗栗縣,頭份市,濫坑里,Lankeng Vil.,K,10005,K10,10005050,,759
624,10005050026,苗栗縣,頭份市,民權里,Minquan Vil.,K,10005,K10,10005050,,760
625,10005050027,苗栗縣,頭份市,民生里,Minsheng Vil.,K,10005,K10,10005050,,761
626,10005050028,苗栗縣,頭份市,建國里,Jianguo Vil.,K,10005,K10,10005050,,762
627,10005050029,苗栗縣,頭份市,成功里,Chenggong Vil.,K,10005,K10,10005050,,763
628,10005050030,苗栗縣,頭份市,自強里,Ziqiang Vil.,K,10005,K10,10005050,,764
629,10005050031,苗栗縣,頭份市,合興里,Hexing Vil.,K,10005,K10,10005050,,765
630,10005050032,苗栗縣,頭份市,文化里,Wenhua Vil.,K,10005,K10,10005050,,766
631,10005050033,苗栗縣,頭份市,中興里,Zhongxing Vil.,K,10005,K10,10005050,,767
632,10005050034,苗栗縣,頭份市,興安里,Xinglong Vil.,K,10005,K10,10005050,,768
633,10005050035,苗栗縣,頭份市,上庄里,Shangzhuang Vil.,K,10005,K10,10005050,,769
634,10005060001,苗栗縣,後龍鎮,南龍里,Nanlong Vil.,K,10005,K12,10005060,,770
635,10005060002,苗栗縣,後龍鎮,中龍里,Zhonglong Vil.,K,10005,K12,10005060,,771
636,10005060003,苗栗縣,後龍鎮,北龍里,Beilong Vil.,K,10005,K12,10005060,,772
637,10005060004,苗栗縣,後龍鎮,大庄里,Dazhuang Vil.,K,10005,K12,10005060,,773
638,10005060005,苗栗縣,後龍鎮,溪洲里,Xizhou Vil.,K,10005,K12,10005060,,774
639,10005060006,苗栗縣,後龍鎮,豐富里,Fengfu Vil.,K,10005,K12,10005060,,775
640,10005060007,苗栗縣,後龍鎮,校椅里,Xiaoyi Vil.,K,10005,K12,10005060,,776
641,10005060008,苗栗縣,後龍鎮,埔頂里,Puding Vil.,K,10005,K12,10005060,,777
642,10005060009,苗栗縣,後龍鎮,新民里,Xinmin Vil.,K,10005,K12,10005060,,778
643,10005060010,苗栗縣,後龍鎮,復興里,Fuxing Vil.,K,10005,K12,10005060,,779
644,10005060011,苗栗縣,後龍鎮,東明里,Dongming Vil.,K,10005,K12,10005060,,780
645,10005060012,苗栗縣,後龍鎮,大山里,Dashan Vil.,K,10005,K12,10005060,,781
646,10005060013,苗栗縣,後龍鎮,灣寶里,Wanbao Vil.,K,10005,K12,10005060,,782
647,10005060014,苗栗縣,後龍鎮,海寶里,Haibao Vil.,K,10005,K12,10005060,,783
648,10005060015,苗栗縣,後龍鎮,外埔里,Waipu Vil.,K,10005,K12,10005060,,784
649,10005060016,苗栗縣,後龍鎮,海埔里,Haipu Vil.,K,10005,K12,10005060,,785
650,10005060017,苗栗縣,後龍鎮,秀水里,Xiushui Vil.,K,10005,K12,10005060,,786
651,10005060018,苗栗縣,後龍鎮,水尾里,Shuiwei Vil.,K,10005,K12,10005060,,787
652,10005060019,苗栗縣,後龍鎮,龍津里,Longjin Vil.,K,10005,K12,10005060,,788
653,10005060020,苗栗縣,後龍鎮,龍坑里,Longkeng Vil.,K,10005,K12,10005060,,789
654,10005060021,苗栗縣,後龍鎮,福寧里,Funing Vil.,K,10005,K12,10005060,,790
655,10005060022,苗栗縣,後龍鎮,中和里,Zhonghe Vil.,K,10005,K12,10005060,,791
656,10005060023,苗栗縣,後龍鎮,南港里,Nangang Vil.,K,10005,K12,10005060,,792
657,10005070001,苗栗縣,卓蘭鎮,中街里,Zhongjie Vil.,K,10005,K16,10005070,,793
658,10005070002,苗栗縣,卓蘭鎮,新厝里,Xincuo Vil.,K,10005,K16,10005070,,794
659,10005070003,苗栗縣,卓蘭鎮,上新里,Shangxin Vil.,K,10005,K16,10005070,,795
660,10005070004,苗栗縣,卓蘭鎮,豐田里,Fengtian Vil.,K,10005,K16,10005070,,796
661,10005070005,苗栗縣,卓蘭鎮,西坪里,Xiping Vil.,K,10005,K16,10005070,,797
662,10005070006,苗栗縣,卓蘭鎮,景山里,Jingshan Vil.,K,10005,K16,10005070,,798
663,10005070007,苗栗縣,卓蘭鎮,老庄里,Laozhuang Vil.,K,10005,K16,10005070,,799
664,10005070008,苗栗縣,卓蘭鎮,新榮里,Xinrong Vil.,K,10005,K16,10005070,,800
665,10005070009,苗栗縣,卓蘭鎮,內灣里,Neiwan Vil.,K,10005,K16,10005070,,801
666,10005070010,苗栗縣,卓蘭鎮,苗豐里,Miaofeng Vil.,K,10005,K16,10005070,,802
667,10005070011,苗栗縣,卓蘭鎮,坪林里,Pinglin Vil.,K,10005,K16,10005070,,803
668,10005080001,苗栗縣,大湖鄉,大湖村,Dahu Vil.,K,10005,K15,10005080,,804
669,10005080002,苗栗縣,大湖鄉,明湖村,Minghu Vil.,K,10005,K15,10005080,,805
670,10005080003,苗栗縣,大湖鄉,靜湖村,Jinghu Vil.,K,10005,K15,10005080,,806
671,10005080004,苗栗縣,大湖鄉,富興村,Fuxing Vil.,K,10005,K15,10005080,,807
672,10005080005,苗栗縣,大湖鄉,大南村,Danan Vil.,K,10005,K15,10005080,,808
673,10005080006,苗栗縣,大湖鄉,大寮村,Daliao Vil.,K,10005,K15,10005080,,809
674,10005080007,苗栗縣,大湖鄉,南湖村,Nanhu Vil.,K,10005,K15,10005080,,810
675,10005080008,苗栗縣,大湖鄉,義和村,Yihe Vil.,K,10005,K15,10005080,,811
676,10005080009,苗栗縣,大湖鄉,東興村,Dongxing Vil.,K,10005,K15,10005080,,812
677,10005080010,苗栗縣,大湖鄉,武榮村,Wurong Vil.,K,10005,K15,10005080,,813
678,10005080011,苗栗縣,大湖鄉,栗林村,Lilin Vil.,K,10005,K15,10005080,,814
679,10005080012,苗栗縣,大湖鄉,新開村,Xinkai Vil.,K,10005,K15,10005080,,815
680,10005090001,苗栗縣,公館鄉,館中村,Guanzhong Vil.,K,10005,K04,10005090,,816
681,10005090002,苗栗縣,公館鄉,館東村,Guandong Vil.,K,10005,K04,10005090,,817
682,10005090003,苗栗縣,公館鄉,館南村,Guannan Vil.,K,10005,K04,10005090,,818
683,10005090004,苗栗縣,公館鄉,大坑村,Dakeng Vil.,K,10005,K04,10005090,,819
684,10005090005,苗栗縣,公館鄉,中義村,Zhongyi Vil.,K,10005,K04,10005090,,820
685,10005090006,苗栗縣,公館鄉,玉泉村,Yuquan Vil.,K,10005,K04,10005090,,821
686,10005090007,苗栗縣,公館鄉,石墻村,Shiqiang Vil.,K,10005,K04,10005090,,822
687,10005090008,苗栗縣,公館鄉,福基村,Fuji Vil.,K,10005,K04,10005090,,823
688,10005090009,苗栗縣,公館鄉,福星村,Fuxing Vil.,K,10005,K04,10005090,,824
689,10005090010,苗栗縣,公館鄉,開礦村,Kaikuang Vil.,K,10005,K04,10005090,,825
690,10005090011,苗栗縣,公館鄉,福德村,Fude Vil.,K,10005,K04,10005090,,826
691,10005090012,苗栗縣,公館鄉,五谷村,Wugu Vil.,K,10005,K04,10005090,,827
692,10005090013,苗栗縣,公館鄉,玉谷村,Yugu Vil.,K,10005,K04,10005090,,828
693,10005090014,苗栗縣,公館鄉,鶴岡村,Hegang Vil.,K,10005,K04,10005090,,829
694,10005090015,苗栗縣,公館鄉,鶴山村,Heshan Vil.,K,10005,K04,10005090,,830
695,10005090016,苗栗縣,公館鄉,仁安村,Ren'an Vil.,K,10005,K04,10005090,,831
696,10005090017,苗栗縣,公館鄉,尖山村,Jianshan Vil.,K,10005,K04,10005090,,832
697,10005090018,苗栗縣,公館鄉,南河村,Nanhe Vil.,K,10005,K04,10005090,,833
698,10005090019,苗栗縣,公館鄉,北河村,Beihe Vil.,K,10005,K04,10005090,,834
699,10005100001,苗栗縣,銅鑼鄉,福興村,Fuxing Vil.,K,10005,K05,10005100,,835
700,10005100002,苗栗縣,銅鑼鄉,銅鑼村,Tongluo Vil.,K,10005,K05,10005100,,836
701,10005100003,苗栗縣,銅鑼鄉,朝陽村,Chaoyang Vil.,K,10005,K05,10005100,,837
702,10005100004,苗栗縣,銅鑼鄉,樟樹村,Zhangshu Vil.,K,10005,K05,10005100,,838
703,10005100005,苗栗縣,銅鑼鄉,九湖村,Jiuhu Vil.,K,10005,K05,10005100,,839
704,10005100006,苗栗縣,銅鑼鄉,竹森村,Zhusen Vil.,K,10005,K05,10005100,,840
705,10005100007,苗栗縣,銅鑼鄉,中平村,Zhongping Vil.,K,10005,K05,10005100,,841
706,10005100008,苗栗縣,銅鑼鄉,興隆村,Xinglong Vil.,K,10005,K05,10005100,,842
707,10005100009,苗栗縣,銅鑼鄉,盛隆村,Shenglong Vil.,K,10005,K05,10005100,,843
708,10005100010,苗栗縣,銅鑼鄉,新隆村,Xinlong Vil.,K,10005,K05,10005100,,844
709,10005110001,苗栗縣,南庄鄉,東村,Dong Vil.,K,10005,K14,10005110,,845
710,10005110002,苗栗縣,南庄鄉,西村,Xi Vil.,K,10005,K14,10005110,,846
711,10005110003,苗栗縣,南庄鄉,南江村,Nanjiang Vil.,K,10005,K14,10005110,,847
712,10005110004,苗栗縣,南庄鄉,田美村,Tianmei Vil.,K,10005,K14,10005110,,848
713,10005110005,苗栗縣,南庄鄉,獅山村,Shishan Vil.,K,10005,K14,10005110,,849
714,10005110006,苗栗縣,南庄鄉,南富村,Nanfu Vil.,K,10005,K14,10005110,,850
715,10005110007,苗栗縣,南庄鄉,員林村,Yuanlin Vil.,K,10005,K14,10005110,,851
716,10005110008,苗栗縣,南庄鄉,蓬萊村,Penglai Vil.,K,10005,K14,10005110,,852
717,10005110009,苗栗縣,南庄鄉,東河村,Donghe Vil.,K,10005,K14,10005110,,853
718,10005120001,苗栗縣,頭屋鄉,頭屋村,Touwu Vil.,K,10005,K08,10005120,,854
719,10005120002,苗栗縣,頭屋鄉,象山村,Xiangshan Vil.,K,10005,K08,10005120,,855
720,10005120003,苗栗縣,頭屋鄉,北坑村,Beikeng Vil.,K,10005,K08,10005120,,856
721,10005120004,苗栗縣,頭屋鄉,獅潭村,Shitan Vil.,K,10005,K08,10005120,,857
722,10005120005,苗栗縣,頭屋鄉,曲洞村,Qudong Vil.,K,10005,K08,10005120,,858
723,10005120006,苗栗縣,頭屋鄉,飛鳳村,Feifeng Vil.,K,10005,K08,10005120,,859
724,10005120007,苗栗縣,頭屋鄉,明德村,Mingde Vil.,K,10005,K08,10005120,,860
725,10005120008,苗栗縣,頭屋鄉,鳴鳳村,Mingfeng Vil.,K,10005,K08,10005120,,861
726,10005130001,苗栗縣,三義鄉,廣盛村,Guangsheng Vil.,K,10005,K06,10005130,,862
727,10005130002,苗栗縣,三義鄉,双湖村,Shuanghu Vil.,K,10005,K06,10005130,,863
728,10005130003,苗栗縣,三義鄉,双潭村,Shuangtan Vil.,K,10005,K06,10005130,,864
729,10005130004,苗栗縣,三義鄉,勝興村,Shengxing Vil.,K,10005,K06,10005130,,865
730,10005130005,苗栗縣,三義鄉,西湖村,Xihu Vil.,K,10005,K06,10005130,,866
731,10005130006,苗栗縣,三義鄉,龍騰村,Longteng Vil.,K,10005,K06,10005130,,867
732,10005130007,苗栗縣,三義鄉,鯉魚潭村,Liyutan Vil.,K,10005,K06,10005130,,868
733,10005140001,苗栗縣,西湖鄉,高埔村,Gaopu Vil.,K,10005,K07,10005140,,869
734,10005140002,苗栗縣,西湖鄉,下埔村,Xiapu Vil.,K,10005,K07,10005140,,870
735,10005140003,苗栗縣,西湖鄉,五湖村,Wuhu Vil.,K,10005,K07,10005140,,871
736,10005140004,苗栗縣,西湖鄉,四湖村,Sihu Vil.,K,10005,K07,10005140,,872
737,10005140005,苗栗縣,西湖鄉,金獅村,Jinshi Vil.,K,10005,K07,10005140,,873
738,10005140006,苗栗縣,西湖鄉,龍洞村,Longdong Vil.,K,10005,K07,10005140,,874
739,10005140007,苗栗縣,西湖鄉,三湖村,Sanhu Vil.,K,10005,K07,10005140,,875
740,10005140008,苗栗縣,西湖鄉,湖東村,Hudong Vil.,K,10005,K07,10005140,,876
741,10005140009,苗栗縣,西湖鄉,二湖村,Erhu Vil.,K,10005,K07,10005140,,877
742,10005150001,苗栗縣,造橋鄉,造橋村,Zaoqiao Vil.,K,10005,K11,10005150,,878
743,10005150002,苗栗縣,造橋鄉,平興村,Pingxing Vil.,K,10005,K11,10005150,,879
744,10005150003,苗栗縣,造橋鄉,豐湖村,Fenghu Vil.,K,10005,K11,10005150,,880
745,10005150004,苗栗縣,造橋鄉,大西村,Daxi Vil.,K,10005,K11,10005150,,881
746,10005150005,苗栗縣,造橋鄉,錦水村,Jinshui Vil.,K,10005,K11,10005150,,882
747,10005150006,苗栗縣,造橋鄉,大龍村,Dalong Vil.,K,10005,K11,10005150,,883
748,10005150007,苗栗縣,造橋鄉,朝陽村,Chaoyang Vil.,K,10005,K11,10005150,,884
749,10005150008,苗栗縣,造橋鄉,談文村,Tanwen Vil.,K,10005,K11,10005150,,885
750,10005150009,苗栗縣,造橋鄉,龍昇村,Longsheng Vil.,K,10005,K11,10005150,,886
751,10005160001,苗栗縣,三灣鄉,三灣村,Sanwan Vil.,K,10005,K13,10005160,,887
752,10005160002,苗栗縣,三灣鄉,內灣村,Neiwan Vil.,K,10005,K13,10005160,,888
753,10005160003,苗栗縣,三灣鄉,銅鏡村,Tongjing Vil.,K,10005,K13,10005160,,889
754,10005160004,苗栗縣,三灣鄉,頂寮村,Dingliao Vil.,K,10005,K13,10005160,,890
755,10005160005,苗栗縣,三灣鄉,北埔村,Beipu Vil.,K,10005,K13,10005160,,891
756,10005160006,苗栗縣,三灣鄉,大河村,Dahe Vil.,K,10005,K13,10005160,,892
757,10005160007,苗栗縣,三灣鄉,大坪村,Daping Vil.,K,10005,K13,10005160,,893
758,10005160008,苗栗縣,三灣鄉,永和村,Yonghe Vil.,K,10005,K13,10005160,,894
759,10005170001,苗栗縣,獅潭鄉,百壽村,Baishou Vil.,K,10005,K17,10005170,,895
760,10005170002,苗栗縣,獅潭鄉,永興村,Yongxing Vil.,K,10005,K17,10005170,,896
761,10005170003,苗栗縣,獅潭鄉,新店村,Xindian Vil.,K,10005,K17,10005170,,897
762,10005170004,苗栗縣,獅潭鄉,和興村,Hexing Vil.,K,10005,K17,10005170,,898
763,10005170005,苗栗縣,獅潭鄉,豐林村,Fenglin Vil.,K,10005,K17,10005170,,899
764,10005170006,苗栗縣,獅潭鄉,新豐村,Xinfeng Vil.,K,10005,K17,10005170,,900
765,10005170007,苗栗縣,獅潭鄉,竹木村,Zhumu Vil.,K,10005,K17,10005170,,901
766,10005180001,苗栗縣,泰安鄉,八卦村,Bagua Vil.,K,10005,K18,10005180,,902
767,10005180002,苗栗縣,泰安鄉,錦水村,Jinshui Vil.,K,10005,K18,10005180,,903
768,10005180003,苗栗縣,泰安鄉,清安村,Qing'an Vil.,K,10005,K18,10005180,,904
769,10005180004,苗栗縣,泰安鄉,大興村,Daxing Vil.,K,10005,K18,10005180,,905
770,10005180005,苗栗縣,泰安鄉,中興村,Zhongxing Vil.,K,10005,K18,10005180,,906
771,10005180006,苗栗縣,泰安鄉,梅園村,Meiyuan Vil.,K,10005,K18,10005180,,907
772,10005180007,苗栗縣,泰安鄉,象鼻村,Xiangbi Vil.,K,10005,K18,10005180,,908
773,10005180008,苗栗縣,泰安鄉,士林村,Shilin Vil.,K,10005,K18,10005180,,909
774,10007010001,彰化縣,彰化市,文化里,Wenhua Vil.,N,10007,N01,10007010,,910
775,10007010002,彰化縣,彰化市,下廍里,Xiabu Vil.,N,10007,N01,10007010,,911
776,10007010003,彰化縣,彰化市,興北里,Xingbei Vil.,N,10007,N01,10007010,,912
777,10007010004,彰化縣,彰化市,信義里,Xinyi Vil.,N,10007,N01,10007010,,913
778,10007010005,彰化縣,彰化市,民生里,Minsheng Vil.,N,10007,N01,10007010,,914
779,10007010006,彰化縣,彰化市,陽明里,Yangming Vil.,N,10007,N01,10007010,,915
780,10007010007,彰化縣,彰化市,萬安里,Wan'an Vil.,N,10007,N01,10007010,,916
781,10007010008,彰化縣,彰化市,新興里,Xinxing Vil.,N,10007,N01,10007010,,917
782,10007010009,彰化縣,彰化市,新華里,Xinhua Vil.,N,10007,N01,10007010,,918
783,10007010010,彰化縣,彰化市,龍山里,Longshan Vil.,N,10007,N01,10007010,,919
784,10007010011,彰化縣,彰化市,中山里,Zhongshan Vil.,N,10007,N01,10007010,,920
785,10007010012,彰化縣,彰化市,中正里,Zhongzheng Vil.,N,10007,N01,10007010,,921
786,10007010013,彰化縣,彰化市,永福里,Yongfu Vil.,N,10007,N01,10007010,,922
787,10007010014,彰化縣,彰化市,光復里,Guangfu Vil.,N,10007,N01,10007010,,923
788,10007010015,彰化縣,彰化市,光華里,Guanghua Vil.,N,10007,N01,10007010,,924
789,10007010016,彰化縣,彰化市,萬壽里,Wanshou Vil.,N,10007,N01,10007010,,925
790,10007010017,彰化縣,彰化市,中央里,Zhongyang Vil.,N,10007,N01,10007010,,926
791,10007010018,彰化縣,彰化市,富貴里,Fugui Vil.,N,10007,N01,10007010,,927
792,10007010019,彰化縣,彰化市,民權里,Minquan Vil.,N,10007,N01,10007010,,928
793,10007010020,彰化縣,彰化市,西興里,Xixing Vil.,N,10007,N01,10007010,,929
794,10007010021,彰化縣,彰化市,西勢里,Xishi Vil.,N,10007,N01,10007010,,930
795,10007010022,彰化縣,彰化市,忠孝里,Zhongxiao Vil.,N,10007,N01,10007010,,931
796,10007010023,彰化縣,彰化市,忠權里,Zhongquan Vil.,N,10007,N01,10007010,,932
797,10007010024,彰化縣,彰化市,五權里,Wuquan Vil.,N,10007,N01,10007010,,933
798,10007010025,彰化縣,彰化市,長樂里,Changle Vil.,N,10007,N01,10007010,,934
799,10007010026,彰化縣,彰化市,東芳里,Dongfang Vil.,N,10007,N01,10007010,,935
800,10007010027,彰化縣,彰化市,南安里,Nan'an Vil.,N,10007,N01,10007010,,936
801,10007010028,彰化縣,彰化市,南美里,Nanmei Vil.,N,10007,N01,10007010,,937
802,10007010029,彰化縣,彰化市,莿桐里,Citong Vil.,N,10007,N01,10007010,,938
803,10007010030,彰化縣,彰化市,磚[磘]里,Zhuanyao Vil.,N,10007,N01,10007010,,939
804,10007010031,彰化縣,彰化市,平和里,Pinghe Vil.,N,10007,N01,10007010,,940
805,10007010032,彰化縣,彰化市,桃源里,Taoyuan Vil.,N,10007,N01,10007010,,941
806,10007010033,彰化縣,彰化市,卦山里,Guashan Vil.,N,10007,N01,10007010,,942
807,10007010034,彰化縣,彰化市,東興里,Dongxing Vil.,N,10007,N01,10007010,,943
808,10007010035,彰化縣,彰化市,大同里,Datong Vil.,N,10007,N01,10007010,,944
809,10007010036,彰化縣,彰化市,永生里,Yongsheng Vil.,N,10007,N01,10007010,,945
810,10007010037,彰化縣,彰化市,華陽里,Huayang Vil.,N,10007,N01,10007010,,946
811,10007010038,彰化縣,彰化市,華北里,Huabei Vil.,N,10007,N01,10007010,,947
812,10007010039,彰化縣,彰化市,南瑶里,Nanyao Vil.,N,10007,N01,10007010,,948
813,10007010040,彰化縣,彰化市,成功里,Chenggong Vil.,N,10007,N01,10007010,,949
814,10007010041,彰化縣,彰化市,延和里,Yanhe Vil.,N,10007,N01,10007010,,950
815,10007010042,彰化縣,彰化市,南興里,Nanxing Vil.,N,10007,N01,10007010,,951
816,10007010043,彰化縣,彰化市,西安里,Xi'an Vil.,N,10007,N01,10007010,,952
817,10007010044,彰化縣,彰化市,彰安里,Zhang'an Vil.,N,10007,N01,10007010,,953
818,10007010045,彰化縣,彰化市,光南里,Guangnan Vil.,N,10007,N01,10007010,,954
819,10007010046,彰化縣,彰化市,介壽里,Jieshou Vil.,N,10007,N01,10007010,,955
820,10007010047,彰化縣,彰化市,延平里,Yanping Vil.,N,10007,N01,10007010,,956
821,10007010048,彰化縣,彰化市,建寶里,Jianbao Vil.,N,10007,N01,10007010,,957
822,10007010049,彰化縣,彰化市,福安里,Fu'an Vil.,N,10007,N01,10007010,,958
823,10007010050,彰化縣,彰化市,大竹里,Dazhu Vil.,N,10007,N01,10007010,,959
824,10007010051,彰化縣,彰化市,竹中里,Zhuzhong Vil.,N,10007,N01,10007010,,960
825,10007010052,彰化縣,彰化市,安溪里,Anxi Vil.,N,10007,N01,10007010,,961
826,10007010053,彰化縣,彰化市,香山里,Xiangshan Vil.,N,10007,N01,10007010,,962
827,10007010054,彰化縣,彰化市,牛埔里,Niupu Vil.,N,10007,N01,10007010,,963
828,10007010055,彰化縣,彰化市,福山里,Fushan Vil.,N,10007,N01,10007010,,964
829,10007010056,彰化縣,彰化市,中庄里,Zhongzhuang Vil.,N,10007,N01,10007010,,965
830,10007010057,彰化縣,彰化市,三村里,Sancun Vil.,N,10007,N01,10007010,,966
831,10007010058,彰化縣,彰化市,國聖里,Guosheng Vil.,N,10007,N01,10007010,,967
832,10007010059,彰化縣,彰化市,寶廍里,Baobu Vil.,N,10007,N01,10007010,,968
833,10007010060,彰化縣,彰化市,茄苳里,Jiadong Vil.,N,10007,N01,10007010,,969
834,10007010061,彰化縣,彰化市,茄南里,Jianan Vil.,N,10007,N01,10007010,,970
835,10007010062,彰化縣,彰化市,阿夷里,Ayi Vil.,N,10007,N01,10007010,,971
836,10007010063,彰化縣,彰化市,古夷里,Guyi Vil.,N,10007,N01,10007010,,972
837,10007010064,彰化縣,彰化市,復興里,Fuxing Vil.,N,10007,N01,10007010,,973
838,10007010065,彰化縣,彰化市,和調里,Hediao Vil.,N,10007,N01,10007010,,974
839,10007010066,彰化縣,彰化市,石牌里,Shipai Vil.,N,10007,N01,10007010,,975
840,10007010067,彰化縣,彰化市,福田里,Futian Vil.,N,10007,N01,10007010,,976
841,10007010068,彰化縣,彰化市,竹巷里,Zhuxiang Vil.,N,10007,N01,10007010,,977
842,10007010069,彰化縣,彰化市,田中里,Tianzhong Vil.,N,10007,N01,10007010,,978
843,10007010070,彰化縣,彰化市,快官里,Kuaiguan Vil.,N,10007,N01,10007010,,979
844,10007010071,彰化縣,彰化市,台鳳里,Taifeng Vil.,N,10007,N01,10007010,,980
845,10007010072,彰化縣,彰化市,崙平里,Lunping Vil.,N,10007,N01,10007010,,981
846,10007010073,彰化縣,彰化市,向陽里,Xiangyang Vil.,N,10007,N01,10007010,,982
847,10007020001,彰化縣,鹿港鎮,大有里,Dayou Vil.,N,10007,N02,10007020,,983
848,10007020002,彰化縣,鹿港鎮,中興里,Zhongxing Vil.,N,10007,N02,10007020,,984
849,10007020003,彰化縣,鹿港鎮,洛津里,Luojin Vil.,N,10007,N02,10007020,,985
850,10007020004,彰化縣,鹿港鎮,順興里,Shunxing Vil.,N,10007,N02,10007020,,986
851,10007020005,彰化縣,鹿港鎮,頂厝里,Dingcuo Vil.,N,10007,N02,10007020,,987
852,10007020006,彰化縣,鹿港鎮,東崎里,Dongqi Vil.,N,10007,N02,10007020,,988
853,10007020007,彰化縣,鹿港鎮,埔崙里,Pulun Vil.,N,10007,N02,10007020,,989
854,10007020008,彰化縣,鹿港鎮,東石里,Dongshi Vil.,N,10007,N02,10007020,,990
855,10007020009,彰化縣,鹿港鎮,郭厝里,Guocuo Vil.,N,10007,N02,10007020,,991
856,10007020010,彰化縣,鹿港鎮,新宮里,Xingong Vil.,N,10007,N02,10007020,,992
857,10007020011,彰化縣,鹿港鎮,玉順里,Yushun Vil.,N,10007,N02,10007020,,993
858,10007020012,彰化縣,鹿港鎮,景福里,Jingfu Vil.,N,10007,N02,10007020,,994
859,10007020013,彰化縣,鹿港鎮,泰興里,Taixing Vil.,N,10007,N02,10007020,,995
860,10007020014,彰化縣,鹿港鎮,長興里,Changxing Vil.,N,10007,N02,10007020,,996
861,10007020015,彰化縣,鹿港鎮,龍山里,Longshan Vil.,N,10007,N02,10007020,,997
862,10007020016,彰化縣,鹿港鎮,興化里,Xinghua Vil.,N,10007,N02,10007020,,998
863,10007020017,彰化縣,鹿港鎮,菜園里,Caiyuan Vil.,N,10007,N02,10007020,,999
864,10007020018,彰化縣,鹿港鎮,街尾里,Jiewei Vil.,N,10007,N02,10007020,,1000
865,10007020019,彰化縣,鹿港鎮,頂番里,Dingfan Vil.,N,10007,N02,10007020,,1001
866,10007020020,彰化縣,鹿港鎮,頭崙里,Toulun Vil.,N,10007,N02,10007020,,1002
867,10007020021,彰化縣,鹿港鎮,廖厝里,Liaocuo Vil.,N,10007,N02,10007020,,1003
868,10007020022,彰化縣,鹿港鎮,溝墘里,Gouqian Vil.,N,10007,N02,10007020,,1004
869,10007020023,彰化縣,鹿港鎮,草中里,Caozhong Vil.,N,10007,N02,10007020,,1005
870,10007020024,彰化縣,鹿港鎮,頭南里,Tounan Vil.,N,10007,N02,10007020,,1006
871,10007020025,彰化縣,鹿港鎮,山崙里,Shanlun Vil.,N,10007,N02,10007020,,1007
872,10007020026,彰化縣,鹿港鎮,海埔里,Haipu Vil.,N,10007,N02,10007020,,1008
873,10007020027,彰化縣,鹿港鎮,詔安里,Zhao'an Vil.,N,10007,N02,10007020,,1009
874,10007020028,彰化縣,鹿港鎮,洋厝里,Yangcuo Vil.,N,10007,N02,10007020,,1010
875,10007020029,彰化縣,鹿港鎮,永安里,Yong'an Vil.,N,10007,N02,10007020,,1011
876,10007020030,彰化縣,鹿港鎮,鹿和里,Luhe Vil.,N,10007,N02,10007020,,1012
877,10007020031,彰化縣,鹿港鎮,鹿東里,Ludong Vil.,N,10007,N02,10007020,,1013
878,10007030001,彰化縣,和美鎮,竹營里,Zhuying Vil.,N,10007,N03,10007030,,1014
879,10007030002,彰化縣,和美鎮,和東里,Hedong Vil.,N,10007,N03,10007030,,1015
880,10007030003,彰化縣,和美鎮,和南里,Henan Vil.,N,10007,N03,10007030,,1016
881,10007030004,彰化縣,和美鎮,和北里,Hebei Vil.,N,10007,N03,10007030,,1017
882,10007030005,彰化縣,和美鎮,和西里,Hexi Vil.,N,10007,N03,10007030,,1018
883,10007030006,彰化縣,和美鎮,四張里,Sizhang Vil.,N,10007,N03,10007030,,1019
884,10007030007,彰化縣,和美鎮,頭前里,Touqian Vil.,N,10007,N03,10007030,,1020
885,10007030008,彰化縣,和美鎮,還社里,Huanshe Vil.,N,10007,N03,10007030,,1021
886,10007030009,彰化縣,和美鎮,面前里,Mianqian Vil.,N,10007,N03,10007030,,1022
887,10007030010,彰化縣,和美鎮,鎮平里,Zhenping Vil.,N,10007,N03,10007030,,1023
888,10007030011,彰化縣,和美鎮,大霞里,Daxia Vil.,N,10007,N03,10007030,,1024
889,10007030012,彰化縣,和美鎮,源埤里,Yuanpi Vil.,N,10007,N03,10007030,,1025
890,10007030013,彰化縣,和美鎮,南佃里,Nandian Vil.,N,10007,N03,10007030,,1026
891,10007030014,彰化縣,和美鎮,雅溝里,Yagou Vil.,N,10007,N03,10007030,,1027
892,10007030015,彰化縣,和美鎮,山犁里,Shanli Vil.,N,10007,N03,10007030,,1028
893,10007030016,彰化縣,和美鎮,嘉犁里,Jiali Vil.,N,10007,N03,10007030,,1029
894,10007030017,彰化縣,和美鎮,鐵山里,Tieshan Vil.,N,10007,N03,10007030,,1030
895,10007030018,彰化縣,和美鎮,詔安里,Zhao'an Vil.,N,10007,N03,10007030,,1031
896,10007030019,彰化縣,和美鎮,柑井里,Ganjing Vil.,N,10007,N03,10007030,,1032
897,10007030020,彰化縣,和美鎮,竹園里,Zhuyuan Vil.,N,10007,N03,10007030,,1033
898,10007030021,彰化縣,和美鎮,新庄里,Xinzhuang Vil.,N,10007,N03,10007030,,1034
899,10007030022,彰化縣,和美鎮,犁盛里,Licheng Vil.,N,10007,N03,10007030,,1035
900,10007030023,彰化縣,和美鎮,中寮里,Zhongliao Vil.,N,10007,N03,10007030,,1036
901,10007030024,彰化縣,和美鎮,中圍里,Zhongwei Vil.,N,10007,N03,10007030,,1037
902,10007030025,彰化縣,和美鎮,糖友里,Tangyou Vil.,N,10007,N03,10007030,,1038
903,10007030026,彰化縣,和美鎮,塗厝里,Tucuo Vil.,N,10007,N03,10007030,,1039
904,10007030027,彰化縣,和美鎮,地潭里,Ditan Vil.,N,10007,N03,10007030,,1040
905,10007030028,彰化縣,和美鎮,湖內里,Hunei Vil.,N,10007,N03,10007030,,1041
906,10007030029,彰化縣,和美鎮,嘉寶里,Jiabao Vil.,N,10007,N03,10007030,,1042
907,10007030030,彰化縣,和美鎮,月眉里,Yuemei Vil.,N,10007,N03,10007030,,1043
908,10007030031,彰化縣,和美鎮,好修里,Haoxiu Vil.,N,10007,N03,10007030,,1044
909,10007030032,彰化縣,和美鎮,仁愛里,Ren'ai Vil.,N,10007,N03,10007030,,1045
910,10007040001,彰化縣,線西鄉,線西村,Xianxi Vil.,N,10007,N09,10007040,,1046
911,10007040002,彰化縣,線西鄉,頂庄村,Dingzhuang Vil.,N,10007,N09,10007040,,1047
912,10007040003,彰化縣,線西鄉,寓埔村,Yupu Vil.,N,10007,N09,10007040,,1048
913,10007040004,彰化縣,線西鄉,塭仔村,Wenzi Vil.,N,10007,N09,10007040,,1049
914,10007040005,彰化縣,線西鄉,溝內村,Gounei Vil.,N,10007,N09,10007040,,1050
915,10007040006,彰化縣,線西鄉,下犁村,Xiali Vil.,N,10007,N09,10007040,,1051
916,10007040007,彰化縣,線西鄉,頂犁村,Dingli Vil.,N,10007,N09,10007040,,1052
917,10007040008,彰化縣,線西鄉,德興村,Dexing Vil.,N,10007,N09,10007040,,1053
918,10007050001,彰化縣,伸港鄉,曾家村,Cengjia Vil.,N,10007,N10,10007050,,1054
919,10007050002,彰化縣,伸港鄉,蚵寮村,Keliao Vil.,N,10007,N10,10007050,,1055
920,10007050003,彰化縣,伸港鄉,埤墘村,Piqian Vil.,N,10007,N10,10007050,,1056
921,10007050004,彰化縣,伸港鄉,溪底村,Xidi Vil.,N,10007,N10,10007050,,1057
922,10007050005,彰化縣,伸港鄉,泉州村,Quanzhou Vil.,N,10007,N10,10007050,,1058
923,10007050006,彰化縣,伸港鄉,泉厝村,Quancuo Vil.,N,10007,N10,10007050,,1059
924,10007050007,彰化縣,伸港鄉,海尾村,Haiwei Vil.,N,10007,N10,10007050,,1060
925,10007050008,彰化縣,伸港鄉,全興村,Quanxing Vil.,N,10007,N10,10007050,,1061
926,10007050009,彰化縣,伸港鄉,定興村,Dingxing Vil.,N,10007,N10,10007050,,1062
927,10007050010,彰化縣,伸港鄉,新港村,Xingang Vil.,N,10007,N10,10007050,,1063
928,10007050011,彰化縣,伸港鄉,什股村,Shegu Vil.,N,10007,N10,10007050,,1064
929,10007050012,彰化縣,伸港鄉,大同村,Datong Vil.,N,10007,N10,10007050,,1065
930,10007050013,彰化縣,伸港鄉,七嘉村,Qijia Vil.,N,10007,N10,10007050,,1066
931,10007050014,彰化縣,伸港鄉,汴頭村,Biantou Vil.,N,10007,N10,10007050,,1067
932,10007060001,彰化縣,福興鄉,番社村,Fanshe Vil.,N,10007,N11,10007060,,1068
933,10007060002,彰化縣,福興鄉,社尾村,Shewei Vil.,N,10007,N11,10007060,,1069
934,10007060003,彰化縣,福興鄉,大崙村,Dalun Vil.,N,10007,N11,10007060,,1070
935,10007060004,彰化縣,福興鄉,外埔村,Waipu Vil.,N,10007,N11,10007060,,1071
936,10007060005,彰化縣,福興鄉,外中村,Waizhong Vil.,N,10007,N11,10007060,,1072
937,10007060006,彰化縣,福興鄉,元中村,Yuanzhong Vil.,N,10007,N11,10007060,,1073
938,10007060007,彰化縣,福興鄉,三汴村,Sanbian Vil.,N,10007,N11,10007060,,1074
939,10007060008,彰化縣,福興鄉,萬豐村,Wanfeng Vil.,N,10007,N11,10007060,,1075
940,10007060009,彰化縣,福興鄉,番婆村,Fanpo Vil.,N,10007,N11,10007060,,1076
941,10007060010,彰化縣,福興鄉,橋頭村,Qiaotou Vil.,N,10007,N11,10007060,,1077
942,10007060011,彰化縣,福興鄉,秀厝村,Xiucuo Vil.,N,10007,N11,10007060,,1078
943,10007060012,彰化縣,福興鄉,鎮平村,Zhenping Vil.,N,10007,N11,10007060,,1079
944,10007060013,彰化縣,福興鄉,三和村,Sanhe Vil.,N,10007,N11,10007060,,1080
945,10007060014,彰化縣,福興鄉,麥厝村,Maicuo Vil.,N,10007,N11,10007060,,1081
946,10007060015,彰化縣,福興鄉,廈粘村,Xianian Vil.,N,10007,N11,10007060,,1082
947,10007060016,彰化縣,福興鄉,頂粘村,Dingnian Vil.,N,10007,N11,10007060,,1083
948,10007060017,彰化縣,福興鄉,福寶村,Fubao Vil.,N,10007,N11,10007060,,1084
949,10007060018,彰化縣,福興鄉,二港村,Ergang Vil.,N,10007,N11,10007060,,1085
950,10007060019,彰化縣,福興鄉,福興村,Fuxing Vil.,N,10007,N11,10007060,,1086
951,10007060020,彰化縣,福興鄉,福南村,Funan Vil.,N,10007,N11,10007060,,1087
952,10007060021,彰化縣,福興鄉,同安村,Tong'an Vil.,N,10007,N11,10007060,,1088
953,10007060022,彰化縣,福興鄉,西勢村,Xishi Vil.,N,10007,N11,10007060,,1089
954,10007070001,彰化縣,秀水鄉,秀水村,Xiushui Vil.,N,10007,N12,10007070,,1090
955,10007070002,彰化縣,秀水鄉,安溪村,Anxi Vil.,N,10007,N12,10007070,,1091
956,10007070003,彰化縣,秀水鄉,莊雅村,Zhuangya Vil.,N,10007,N12,10007070,,1092
957,10007070004,彰化縣,秀水鄉,金興村,Jinxing Vil.,N,10007,N12,10007070,,1093
958,10007070005,彰化縣,秀水鄉,陝西村,Xiaxi Vil.,N,10007,N12,10007070,,1094
959,10007070006,彰化縣,秀水鄉,安東村,Andong Vil.,N,10007,N12,10007070,,1095
960,10007070007,彰化縣,秀水鄉,鶴鳴村,Heming Vil.,N,10007,N12,10007070,,1096
961,10007070008,彰化縣,秀水鄉,馬興村,Maxing Vil.,N,10007,N12,10007070,,1097
962,10007070009,彰化縣,秀水鄉,義興村,Yixing Vil.,N,10007,N12,10007070,,1098
963,10007070010,彰化縣,秀水鄉,福安村,Fu'an Vil.,N,10007,N12,10007070,,1099
964,10007070011,彰化縣,秀水鄉,埔崙村,Pulun Vil.,N,10007,N12,10007070,,1100
965,10007070012,彰化縣,秀水鄉,曾厝村,Cengcuo Vil.,N,10007,N12,10007070,,1101
966,10007070013,彰化縣,秀水鄉,金陵村,Jinling Vil.,N,10007,N12,10007070,,1102
967,10007070014,彰化縣,秀水鄉,下崙村,Xialun Vil.,N,10007,N12,10007070,,1103
968,10007080001,彰化縣,花壇鄉,花壇村,Huatan Vil.,N,10007,N13,10007080,,1104
969,10007080002,彰化縣,花壇鄉,金墩村,Jindun Vil.,N,10007,N13,10007080,,1105
970,10007080003,彰化縣,花壇鄉,中庄村,Zhongzhuang Vil.,N,10007,N13,10007080,,1106
971,10007080004,彰化縣,花壇鄉,劉厝村,Liucuo Vil.,N,10007,N13,10007080,,1107
972,10007080005,彰化縣,花壇鄉,崙雅村,Lunya Vil.,N,10007,N13,10007080,,1108
973,10007080006,彰化縣,花壇鄉,南口村,Nankou Vil.,N,10007,N13,10007080,,1109
974,10007080007,彰化縣,花壇鄉,中口村,Zhongkou Vil.,N,10007,N13,10007080,,1110
975,10007080008,彰化縣,花壇鄉,北口村,Beikou Vil.,N,10007,N13,10007080,,1111
976,10007080009,彰化縣,花壇鄉,長沙村,Changsha Vil.,N,10007,N13,10007080,,1112
977,10007080010,彰化縣,花壇鄉,文德村,Wende Vil.,N,10007,N13,10007080,,1113
978,10007080011,彰化縣,花壇鄉,白沙村,Baisha Vil.,N,10007,N13,10007080,,1114
979,10007080012,彰化縣,花壇鄉,岩竹村,Yanzhu Vil.,N,10007,N13,10007080,,1115
980,10007080013,彰化縣,花壇鄉,橋頭村,Qiaotou Vil.,N,10007,N13,10007080,,1116
981,10007080014,彰化縣,花壇鄉,灣雅村,Wanya Vil.,N,10007,N13,10007080,,1117
982,10007080015,彰化縣,花壇鄉,灣東村,Wandong Vil.,N,10007,N13,10007080,,1118
983,10007080016,彰化縣,花壇鄉,三春村,Sanchun Vil.,N,10007,N13,10007080,,1119
984,10007080017,彰化縣,花壇鄉,永春村,Yongchun Vil.,N,10007,N13,10007080,,1120
985,10007080018,彰化縣,花壇鄉,長春村,Changchun Vil.,N,10007,N13,10007080,,1121
986,10007090001,彰化縣,芬園鄉,舊社村,Jiushe Vil.,N,10007,N14,10007090,,1122
987,10007090002,彰化縣,芬園鄉,大埔村,Dapu Vil.,N,10007,N14,10007090,,1123
988,10007090003,彰化縣,芬園鄉,竹林村,Zhulin Vil.,N,10007,N14,10007090,,1124
989,10007090004,彰化縣,芬園鄉,社口村,Shekou Vil.,N,10007,N14,10007090,,1125
990,10007090005,彰化縣,芬園鄉,茄荖村,Jialao Vil.,N,10007,N14,10007090,,1126
991,10007090006,彰化縣,芬園鄉,嘉興村,Jiaxing Vil.,N,10007,N14,10007090,,1127
992,10007090007,彰化縣,芬園鄉,芬園村,Fenyuan Vil.,N,10007,N14,10007090,,1128
993,10007090008,彰化縣,芬園鄉,縣庄村,Xianzhuang Vil.,N,10007,N14,10007090,,1129
994,10007090009,彰化縣,芬園鄉,圳墘村,Zunqian Vil.,N,10007,N14,10007090,,1130
995,10007090010,彰化縣,芬園鄉,溪頭村,Xitou Vil.,N,10007,N14,10007090,,1131
996,10007090011,彰化縣,芬園鄉,進芬村,Jinfen Vil.,N,10007,N14,10007090,,1132
997,10007090012,彰化縣,芬園鄉,同安村,Tong'an Vil.,N,10007,N14,10007090,,1133
998,10007090013,彰化縣,芬園鄉,中崙村,Zhonglun Vil.,N,10007,N14,10007090,,1134
999,10007090014,彰化縣,芬園鄉,大竹村,Dazhu Vil.,N,10007,N14,10007090,,1135
1000,10007090015,彰化縣,芬園鄉,楓坑村,Fengkeng Vil.,N,10007,N14,10007090,,1136
1001,10007100001,彰化縣,員林市,東和里,Donghe Vil.,N,10007,N05,10007100,,1137
1002,10007100002,彰化縣,員林市,民生里,Minsheng Vil.,N,10007,N05,10007100,,1138
1003,10007100003,彰化縣,員林市,中正里,Zhongzheng Vil.,N,10007,N05,10007100,,1139
1004,10007100004,彰化縣,員林市,仁美里,Renmei Vil.,N,10007,N05,10007100,,1140
1005,10007100005,彰化縣,員林市,新興里,Xinxing Vil.,N,10007,N05,10007100,,1141
1006,10007100006,彰化縣,員林市,和平里,Heping Vil.,N,10007,N05,10007100,,1142
1007,10007100007,彰化縣,員林市,光明里,Guangming Vil.,N,10007,N05,10007100,,1143
1008,10007100008,彰化縣,員林市,中山里,Zhongshan Vil.,N,10007,N05,10007100,,1144
1009,10007100009,彰化縣,員林市,黎明里,Liming Vil.,N,10007,N05,10007100,,1145
1010,10007100010,彰化縣,員林市,惠來里,Huilai Vil.,N,10007,N05,10007100,,1146
1011,10007100011,彰化縣,員林市,三義里,Sanyi Vil.,N,10007,N05,10007100,,1147
1012,10007100012,彰化縣,員林市,新生里,Xinsheng Vil.,N,10007,N05,10007100,,1148
1013,10007100013,彰化縣,員林市,南平里,Nanping Vil.,N,10007,N05,10007100,,1149
1014,10007100014,彰化縣,員林市,南興里,Nanxing Vil.,N,10007,N05,10007100,,1150
1015,10007100015,彰化縣,員林市,源潭里,Yuantan Vil.,N,10007,N05,10007100,,1151
1016,10007100016,彰化縣,員林市,大埔里,Dapu Vil.,N,10007,N05,10007100,,1152
1017,10007100017,彰化縣,員林市,三條里,Santiao Vil.,N,10007,N05,10007100,,1153
1018,10007100018,彰化縣,員林市,三和里,Sanhe Vil.,N,10007,N05,10007100,,1154
1019,10007100019,彰化縣,員林市,三橋里,Sanqiao Vil.,N,10007,N05,10007100,,1155
1020,10007100020,彰化縣,員林市,中央里,Zhongyang Vil.,N,10007,N05,10007100,,1156
1021,10007100021,彰化縣,員林市,溝皂里,Gouzao Vil.,N,10007,N05,10007100,,1157
1022,10007100022,彰化縣,員林市,大饒里,Darao Vil.,N,10007,N05,10007100,,1158
1023,10007100023,彰化縣,員林市,大明里,Daming Vil.,N,10007,N05,10007100,,1159
1024,10007100024,彰化縣,員林市,萬年里,Wannian Vil.,N,10007,N05,10007100,,1160
1025,10007100025,彰化縣,員林市,崙雅里,Lunya Vil.,N,10007,N05,10007100,,1161
1026,10007100026,彰化縣,員林市,振興里,Zhenxing Vil.,N,10007,N05,10007100,,1162
1027,10007100027,彰化縣,員林市,林厝里,Lincuo Vil.,N,10007,N05,10007100,,1163
1028,10007100028,彰化縣,員林市,出水里,Chushui Vil.,N,10007,N05,10007100,,1164
1029,10007100029,彰化縣,員林市,湖水里,Hushui Vil.,N,10007,N05,10007100,,1165
1030,10007100030,彰化縣,員林市,大峯里,Dafeng Vil.,N,10007,N05,10007100,,1166
1031,10007100031,彰化縣,員林市,鎮興里,Zhenxing Vil.,N,10007,N05,10007100,,1167
1032,10007100032,彰化縣,員林市,浮圳里,Fuzun Vil.,N,10007,N05,10007100,,1168
1033,10007100033,彰化縣,員林市,西東里,Xidong Vil.,N,10007,N05,10007100,,1169
1034,10007100034,彰化縣,員林市,南東里,Nandong Vil.,N,10007,N05,10007100,,1170
1035,10007100035,彰化縣,員林市,中東里,Zhongdong Vil.,N,10007,N05,10007100,,1171
1036,10007100036,彰化縣,員林市,東北里,Dongbei Vil.,N,10007,N05,10007100,,1172
1037,10007100037,彰化縣,員林市,三愛里,San'ai Vil.,N,10007,N05,10007100,,1173
1038,10007100038,彰化縣,員林市,三信里,Sanxin Vil.,N,10007,N05,10007100,,1174
1039,10007100039,彰化縣,員林市,三多里,Sanduo Vil.,N,10007,N05,10007100,,1175
1040,10007100040,彰化縣,員林市,仁愛里,Ren'ai Vil.,N,10007,N05,10007100,,1176
1041,10007100041,彰化縣,員林市,忠孝里,Zhongxiao Vil.,N,10007,N05,10007100,,1177
1042,10007110001,彰化縣,溪湖鎮,光平里,Guangping Vil.,N,10007,N06,10007110,,1178
1043,10007110002,彰化縣,溪湖鎮,平和里,Pinghe Vil.,N,10007,N06,10007110,,1179
1044,10007110003,彰化縣,溪湖鎮,太平里,Taiping Vil.,N,10007,N06,10007110,,1180
1045,10007110004,彰化縣,溪湖鎮,光華里,Guanghua Vil.,N,10007,N06,10007110,,1181
1046,10007110005,彰化縣,溪湖鎮,東寮里,Dongliao Vil.,N,10007,N06,10007110,,1182
1047,10007110006,彰化縣,溪湖鎮,西寮里,Xiliao Vil.,N,10007,N06,10007110,,1183
1048,10007110007,彰化縣,溪湖鎮,大突里,Datu Vil.,N,10007,N06,10007110,,1184
1049,10007110008,彰化縣,溪湖鎮,北勢里,Beishi Vil.,N,10007,N06,10007110,,1185
1050,10007110009,彰化縣,溪湖鎮,汴頭里,Biantou Vil.,N,10007,N06,10007110,,1186
1051,10007110010,彰化縣,溪湖鎮,大竹里,Dazhu Vil.,N,10007,N06,10007110,,1187
1052,10007110011,彰化縣,溪湖鎮,湖西里,Huxi Vil.,N,10007,N06,10007110,,1188
1053,10007110012,彰化縣,溪湖鎮,田中里,Tianzhong Vil.,N,10007,N06,10007110,,1189
1054,10007110013,彰化縣,溪湖鎮,河東里,Hedong Vil.,N,10007,N06,10007110,,1190
1055,10007110014,彰化縣,溪湖鎮,中山里,Zhongshan Vil.,N,10007,N06,10007110,,1191
1056,10007110015,彰化縣,溪湖鎮,中竹里,Zhongzhu Vil.,N,10007,N06,10007110,,1192
1057,10007110016,彰化縣,溪湖鎮,東溪里,Dongxi Vil.,N,10007,N06,10007110,,1193
1058,10007110017,彰化縣,溪湖鎮,西溪里,Xixi Vil.,N,10007,N06,10007110,,1194
1059,10007110018,彰化縣,溪湖鎮,湖東里,Hudong Vil.,N,10007,N06,10007110,,1195
1060,10007110019,彰化縣,溪湖鎮,頂庄里,Dingzhuang Vil.,N,10007,N06,10007110,,1196
1061,10007110020,彰化縣,溪湖鎮,忠覺里,Zhongjue Vil.,N,10007,N06,10007110,,1197
1062,10007110021,彰化縣,溪湖鎮,湳底里,Nandi Vil.,N,10007,N06,10007110,,1198
1063,10007110022,彰化縣,溪湖鎮,大庭里,Dating Vil.,N,10007,N06,10007110,,1199
1064,10007110023,彰化縣,溪湖鎮,媽厝里,Macuo Vil.,N,10007,N06,10007110,,1200
1065,10007110024,彰化縣,溪湖鎮,西勢里,Xishi Vil.,N,10007,N06,10007110,,1201
1066,10007110025,彰化縣,溪湖鎮,番婆里,Fanpo Vil.,N,10007,N06,10007110,,1202
1067,10007120001,彰化縣,田中鎮,香山里,Xiangshan Vil.,N,10007,N07,10007120,,1203
1068,10007120002,彰化縣,田中鎮,碧峰里,Bifeng Vil.,N,10007,N07,10007120,,1204
1069,10007120003,彰化縣,田中鎮,東源里,Dongyuan Vil.,N,10007,N07,10007120,,1205
1070,10007120004,彰化縣,田中鎮,復興里,Fuxing Vil.,N,10007,N07,10007120,,1206
1071,10007120005,彰化縣,田中鎮,平和里,Pinghe Vil.,N,10007,N07,10007120,,1207
1072,10007120006,彰化縣,田中鎮,頂潭里,Dingtan Vil.,N,10007,N07,10007120,,1208
1073,10007120007,彰化縣,田中鎮,中潭里,Zhongtan Vil.,N,10007,N07,10007120,,1209
1074,10007120008,彰化縣,田中鎮,龍潭里,Longtan Vil.,N,10007,N07,10007120,,1210
1075,10007120009,彰化縣,田中鎮,北路里,Beilu Vil.,N,10007,N07,10007120,,1211
1076,10007120010,彰化縣,田中鎮,西路里,Xilu Vil.,N,10007,N07,10007120,,1212
1077,10007120011,彰化縣,田中鎮,東路里,Donglu Vil.,N,10007,N07,10007120,,1213
1078,10007120012,彰化縣,田中鎮,南路里,Nanlu Vil.,N,10007,N07,10007120,,1214
1079,10007120013,彰化縣,田中鎮,中路里,Zhonglu Vil.,N,10007,N07,10007120,,1215
1080,10007120014,彰化縣,田中鎮,新庄里,Xinzhuang Vil.,N,10007,N07,10007120,,1216
1081,10007120015,彰化縣,田中鎮,三安里,San'an Vil.,N,10007,N07,10007120,,1217
1082,10007120016,彰化縣,田中鎮,大崙里,Dalun Vil.,N,10007,N07,10007120,,1218
1083,10007120017,彰化縣,田中鎮,沙崙里,Shalun Vil.,N,10007,N07,10007120,,1219
1084,10007120018,彰化縣,田中鎮,新民里,Xinmin Vil.,N,10007,N07,10007120,,1220
1085,10007120019,彰化縣,田中鎮,梅州里,Meizhou Vil.,N,10007,N07,10007120,,1221
1086,10007120020,彰化縣,田中鎮,三民里,Sanmin Vil.,N,10007,N07,10007120,,1222
1087,10007120021,彰化縣,田中鎮,三光里,Sanguang Vil.,N,10007,N07,10007120,,1223
1088,10007120022,彰化縣,田中鎮,大社里,Dashe Vil.,N,10007,N07,10007120,,1224
1089,10007130001,彰化縣,大村鄉,大村村,Dacun Vil.,N,10007,N15,10007130,,1225
1090,10007130002,彰化縣,大村鄉,茄苳村,Jiadong Vil.,N,10007,N15,10007130,,1226
1091,10007130003,彰化縣,大村鄉,南勢村,Nanshi Vil.,N,10007,N15,10007130,,1227
1092,10007130004,彰化縣,大村鄉,田洋村,Tianyang Vil.,N,10007,N15,10007130,,1228
1093,10007130005,彰化縣,大村鄉,新興村,Xinxing Vil.,N,10007,N15,10007130,,1229
1094,10007130006,彰化縣,大村鄉,過溝村,Guogou Vil.,N,10007,N15,10007130,,1230
1095,10007130007,彰化縣,大村鄉,美港村,Meigang Vil.,N,10007,N15,10007130,,1231
1096,10007130008,彰化縣,大村鄉,平和村,Pinghe Vil.,N,10007,N15,10007130,,1232
1097,10007130009,彰化縣,大村鄉,貢旗村,Gongqi Vil.,N,10007,N15,10007130,,1233
1098,10007130010,彰化縣,大村鄉,加錫村,Jiaxi Vil.,N,10007,N15,10007130,,1234
1099,10007130011,彰化縣,大村鄉,村上村,Cunshang Vil.,N,10007,N15,10007130,,1235
1100,10007130012,彰化縣,大村鄉,大橋村,Daqiao Vil.,N,10007,N15,10007130,,1236
1101,10007130013,彰化縣,大村鄉,大崙村,Dalun Vil.,N,10007,N15,10007130,,1237
1102,10007130014,彰化縣,大村鄉,擺塘村,Baitang Vil.,N,10007,N15,10007130,,1238
1103,10007130015,彰化縣,大村鄉,黃厝村,Huangcuo Vil.,N,10007,N15,10007130,,1239
1104,10007130016,彰化縣,大村鄉,福興村,Fuxing Vil.,N,10007,N15,10007130,,1240
1105,10007140001,彰化縣,埔鹽鄉,埔鹽村,Puyan Vil.,N,10007,N16,10007140,,1241
1106,10007140002,彰化縣,埔鹽鄉,埔南村,Punan Vil.,N,10007,N16,10007140,,1242
1107,10007140003,彰化縣,埔鹽鄉,廍子村,Buzi Vil.,N,10007,N16,10007140,,1243
1108,10007140004,彰化縣,埔鹽鄉,出水村,Chushui Vil.,N,10007,N16,10007140,,1244
1109,10007140005,彰化縣,埔鹽鄉,南港村,Nangang Vil.,N,10007,N16,10007140,,1245
1110,10007140006,彰化縣,埔鹽鄉,打廉村,Dalian Vil.,N,10007,N16,10007140,,1246
1111,10007140007,彰化縣,埔鹽鄉,豐澤村,Fengze Vil.,N,10007,N16,10007140,,1247
1112,10007140008,彰化縣,埔鹽鄉,崑崙村,Kunlun Vil.,N,10007,N16,10007140,,1248
1113,10007140009,彰化縣,埔鹽鄉,角樹村,Jiaoshu Vil.,N,10007,N16,10007140,,1249
1114,10007140010,彰化縣,埔鹽鄉,瓦[磘]村,Wayao Vil.,N,10007,N16,10007140,,1250
1115,10007140011,彰化縣,埔鹽鄉,好修村,Haoxiu Vil.,N,10007,N16,10007140,,1251
1116,10007140012,彰化縣,埔鹽鄉,西湖村,Xihu Vil.,N,10007,N16,10007140,,1252
1117,10007140013,彰化縣,埔鹽鄉,大有村,Dayou Vil.,N,10007,N16,10007140,,1253
1118,10007140014,彰化縣,埔鹽鄉,新興村,Xinxing Vil.,N,10007,N16,10007140,,1254
1119,10007140015,彰化縣,埔鹽鄉,永平村,Yongping Vil.,N,10007,N16,10007140,,1255
1120,10007140016,彰化縣,埔鹽鄉,永樂村,Yongle Vil.,N,10007,N16,10007140,,1256
1121,10007140017,彰化縣,埔鹽鄉,石埤村,Shipi Vil.,N,10007,N16,10007140,,1257
1122,10007140018,彰化縣,埔鹽鄉,天盛村,Tiancheng Vil.,N,10007,N16,10007140,,1258
1123,10007140019,彰化縣,埔鹽鄉,太平村,Taiping Vil.,N,10007,N16,10007140,,1259
1124,10007140020,彰化縣,埔鹽鄉,新水村,Xinshui Vil.,N,10007,N16,10007140,,1260
1125,10007140021,彰化縣,埔鹽鄉,三省村,Sansheng Vil.,N,10007,N16,10007140,,1261
1126,10007140022,彰化縣,埔鹽鄉,南新村,Nanxin Vil.,N,10007,N16,10007140,,1262
1127,10007150001,彰化縣,埔心鄉,東門村,Dongmen Vil.,N,10007,N17,10007150,,1263
1128,10007150002,彰化縣,埔心鄉,埔心村,Puxin Vil.,N,10007,N17,10007150,,1264
1129,10007150003,彰化縣,埔心鄉,義民村,Yimin Vil.,N,10007,N17,10007150,,1265
1130,10007150004,彰化縣,埔心鄉,油車村,Youche Vil.,N,10007,N17,10007150,,1266
1131,10007150005,彰化縣,埔心鄉,瓦北村,Wabei Vil.,N,10007,N17,10007150,,1267
1132,10007150006,彰化縣,埔心鄉,瓦中村,Wazhong Vil.,N,10007,N17,10007150,,1268
1133,10007150007,彰化縣,埔心鄉,瓦南村,Wanan Vil.,N,10007,N17,10007150,,1269
1134,10007150008,彰化縣,埔心鄉,太平村,Taiping Vil.,N,10007,N17,10007150,,1270
1135,10007150009,彰化縣,埔心鄉,經口村,Jingkou Vil.,N,10007,N17,10007150,,1271
1136,10007150010,彰化縣,埔心鄉,大華村,Dahua Vil.,N,10007,N17,10007150,,1272
1137,10007150011,彰化縣,埔心鄉,仁里村,Renli Vil.,N,10007,N17,10007150,,1273
1138,10007150012,彰化縣,埔心鄉,舊舘村,Jiuguan Vil.,N,10007,N17,10007150,,1274
1139,10007150013,彰化縣,埔心鄉,南舘村,Nanguan Vil.,N,10007,N17,10007150,,1275
1140,10007150014,彰化縣,埔心鄉,新舘村,Xinguan Vil.,N,10007,N17,10007150,,1276
1141,10007150015,彰化縣,埔心鄉,羅厝村,Luocuo Vil.,N,10007,N17,10007150,,1277
1142,10007150016,彰化縣,埔心鄉,芎蕉村,Qiongjiao Vil.,N,10007,N17,10007150,,1278
1143,10007150017,彰化縣,埔心鄉,二重村,Erzhong Vil.,N,10007,N17,10007150,,1279
1144,10007150018,彰化縣,埔心鄉,梧鳳村,Wufeng Vil.,N,10007,N17,10007150,,1280
1145,10007150019,彰化縣,埔心鄉,埤霞村,Pixia Vil.,N,10007,N17,10007150,,1281
1146,10007150020,彰化縣,埔心鄉,埤脚村,Pijiao Vil.,N,10007,N17,10007150,,1282
1147,10007160001,彰化縣,永靖鄉,永東村,Yongdong Vil.,N,10007,N18,10007160,,1283
1148,10007160002,彰化縣,永靖鄉,永西村,Yongxi Vil.,N,10007,N18,10007160,,1284
1149,10007160003,彰化縣,永靖鄉,永南村,Yongnan Vil.,N,10007,N18,10007160,,1285
1150,10007160004,彰化縣,永靖鄉,永北村,Yongbei Vil.,N,10007,N18,10007160,,1286
1151,10007160005,彰化縣,永靖鄉,港西村,Gangxi Vil.,N,10007,N18,10007160,,1287
1152,10007160006,彰化縣,永靖鄉,五福村,Wufu Vil.,N,10007,N18,10007160,,1288
1153,10007160007,彰化縣,永靖鄉,湳港村,Nangang Vil.,N,10007,N18,10007160,,1289
1154,10007160008,彰化縣,永靖鄉,新莊村,Xinzhuang Vil.,N,10007,N18,10007160,,1290
1155,10007160009,彰化縣,永靖鄉,瑚璉村,Hulian Vil.,N,10007,N18,10007160,,1291
1156,10007160010,彰化縣,永靖鄉,五汴村,Wubian Vil.,N,10007,N18,10007160,,1292
1157,10007160011,彰化縣,永靖鄉,浮圳村,Fuzun Vil.,N,10007,N18,10007160,,1293
1158,10007160012,彰化縣,永靖鄉,光雲村,Guangyun Vil.,N,10007,N18,10007160,,1294
1159,10007160013,彰化縣,永靖鄉,東寧村,Dongning Vil.,N,10007,N18,10007160,,1295
1160,10007160014,彰化縣,永靖鄉,永興村,Yongxing Vil.,N,10007,N18,10007160,,1296
1161,10007160015,彰化縣,永靖鄉,崙子村,Lunzi Vil.,N,10007,N18,10007160,,1297
1162,10007160016,彰化縣,永靖鄉,獨鰲村,Du'ao Vil.,N,10007,N18,10007160,,1298
1163,10007160017,彰化縣,永靖鄉,敦厚村,Dunhou Vil.,N,10007,N18,10007160,,1299
1164,10007160018,彰化縣,永靖鄉,崙美村,Lunmei Vil.,N,10007,N18,10007160,,1300
1165,10007160019,彰化縣,永靖鄉,同安村,Tong'an Vil.,N,10007,N18,10007160,,1301
1166,10007160020,彰化縣,永靖鄉,同仁村,Tongren Vil.,N,10007,N18,10007160,,1302
1167,10007160021,彰化縣,永靖鄉,湳墘村,Nanqian Vil.,N,10007,N18,10007160,,1303
1168,10007160022,彰化縣,永靖鄉,四芳村,Sifang Vil.,N,10007,N18,10007160,,1304
1169,10007160023,彰化縣,永靖鄉,福興村,Fuxing Vil.,N,10007,N18,10007160,,1305
1170,10007160024,彰化縣,永靖鄉,竹子村,Zhuzi Vil.,N,10007,N18,10007160,,1306
1171,10007170001,彰化縣,社頭鄉,社頭村,Shetou Vil.,N,10007,N19,10007170,,1307
1172,10007170002,彰化縣,社頭鄉,東興村,Dongxing Vil.,N,10007,N19,10007170,,1308
1173,10007170003,彰化縣,社頭鄉,山湖村,Shanhu Vil.,N,10007,N19,10007170,,1309
1174,10007170004,彰化縣,社頭鄉,廣興村,Guangxing Vil.,N,10007,N19,10007170,,1310
1175,10007170005,彰化縣,社頭鄉,廣福村,Guangfu Vil.,N,10007,N19,10007170,,1311
1176,10007170006,彰化縣,社頭鄉,朝興村,Zhaoxing Vil.,N,10007,N19,10007170,,1312
1177,10007170007,彰化縣,社頭鄉,仁雅村,Renya Vil.,N,10007,N19,10007170,,1313
1178,10007170008,彰化縣,社頭鄉,橋頭村,Qiaotou Vil.,N,10007,N19,10007170,,1314
1179,10007170009,彰化縣,社頭鄉,仁和村,Renhe Vil.,N,10007,N19,10007170,,1315
1180,10007170010,彰化縣,社頭鄉,崙雅村,Lunya Vil.,N,10007,N19,10007170,,1316
1181,10007170011,彰化縣,社頭鄉,湳底村,Nandi Vil.,N,10007,N19,10007170,,1317
1182,10007170012,彰化縣,社頭鄉,泰安村,Tai'an Vil.,N,10007,N19,10007170,,1318
1183,10007170013,彰化縣,社頭鄉,美雅村,Meiya Vil.,N,10007,N19,10007170,,1319
1184,10007170014,彰化縣,社頭鄉,新厝村,Xincuo Vil.,N,10007,N19,10007170,,1320
1185,10007170015,彰化縣,社頭鄉,平和村,Pinghe Vil.,N,10007,N19,10007170,,1321
1186,10007170016,彰化縣,社頭鄉,里仁村,Liren Vil.,N,10007,N19,10007170,,1322
1187,10007170017,彰化縣,社頭鄉,張厝村,Zhangcuo Vil.,N,10007,N19,10007170,,1323
1188,10007170018,彰化縣,社頭鄉,龍井村,Longjing Vil.,N,10007,N19,10007170,,1324
1189,10007170019,彰化縣,社頭鄉,舊社村,Jiushe Vil.,N,10007,N19,10007170,,1325
1190,10007170020,彰化縣,社頭鄉,埤斗村,Pidou Vil.,N,10007,N19,10007170,,1326
1191,10007170021,彰化縣,社頭鄉,湳雅村,Nanya Vil.,N,10007,N19,10007170,,1327
1192,10007170022,彰化縣,社頭鄉,松竹村,Songzhu Vil.,N,10007,N19,10007170,,1328
1193,10007170023,彰化縣,社頭鄉,清水村,Qingshui Vil.,N,10007,N19,10007170,,1329
1194,10007170024,彰化縣,社頭鄉,協和村,Xiehe Vil.,N,10007,N19,10007170,,1330
1195,10007180001,彰化縣,二水鄉,合和村,Hehe Vil.,N,10007,N20,10007180,,1331
1196,10007180002,彰化縣,二水鄉,上豊村,Shangli Vil.,N,10007,N20,10007180,,1332
1197,10007180003,彰化縣,二水鄉,過圳村,Guozun Vil.,N,10007,N20,10007180,,1333
1198,10007180004,彰化縣,二水鄉,五伯村,Wubo Vil.,N,10007,N20,10007180,,1334
1199,10007180005,彰化縣,二水鄉,光化村,Guanghua Vil.,N,10007,N20,10007180,,1335
1200,10007180006,彰化縣,二水鄉,文化村,Wenhua Vil.,N,10007,N20,10007180,,1336
1201,10007180007,彰化縣,二水鄉,二水村,Ershui Vil.,N,10007,N20,10007180,,1337
1202,10007180008,彰化縣,二水鄉,聖化村,Shenghua Vil.,N,10007,N20,10007180,,1338
1203,10007180009,彰化縣,二水鄉,裕民村,Yumin Vil.,N,10007,N20,10007180,,1339
1204,10007180010,彰化縣,二水鄉,惠民村,Huimin Vil.,N,10007,N20,10007180,,1340
1205,10007180011,彰化縣,二水鄉,大園村,Dayuan Vil.,N,10007,N20,10007180,,1341
1206,10007180012,彰化縣,二水鄉,修仁村,Xiuren Vil.,N,10007,N20,10007180,,1342
1207,10007180013,彰化縣,二水鄉,合興村,Hexing Vil.,N,10007,N20,10007180,,1343
1208,10007180014,彰化縣,二水鄉,源泉村,Yuanquan Vil.,N,10007,N20,10007180,,1344
1209,10007180015,彰化縣,二水鄉,倡和村,Changhe Vil.,N,10007,N20,10007180,,1345
1210,10007180016,彰化縣,二水鄉,復興村,Fuxing Vil.,N,10007,N20,10007180,,1346
1211,10007180017,彰化縣,二水鄉,十五村,Shiwu Vil.,N,10007,N20,10007180,,1347
1212,10007190001,彰化縣,北斗鎮,光復里,Guangfu Vil.,N,10007,N04,10007190,,1348
1213,10007190002,彰化縣,北斗鎮,新政里,Xinzheng Vil.,N,10007,N04,10007190,,1349
1214,10007190003,彰化縣,北斗鎮,重慶里,Zhongqing Vil.,N,10007,N04,10007190,,1350
1215,10007190004,彰化縣,北斗鎮,五權里,Wuquan Vil.,N,10007,N04,10007190,,1351
1216,10007190005,彰化縣,北斗鎮,七星里,Qixing Vil.,N,10007,N04,10007190,,1352
1217,10007190006,彰化縣,北斗鎮,居仁里,Juren Vil.,N,10007,N04,10007190,,1353
1218,10007190007,彰化縣,北斗鎮,東光里,Dongguang Vil.,N,10007,N04,10007190,,1354
1219,10007190008,彰化縣,北斗鎮,文昌里,Wenchang Vil.,N,10007,N04,10007190,,1355
1220,10007190009,彰化縣,北斗鎮,中和里,Zhonghe Vil.,N,10007,N04,10007190,,1356
1221,10007190010,彰化縣,北斗鎮,西德里,Xide Vil.,N,10007,N04,10007190,,1357
1222,10007190011,彰化縣,北斗鎮,西安里,Xi'an Vil.,N,10007,N04,10007190,,1358
1223,10007190012,彰化縣,北斗鎮,中寮里,Zhongliao Vil.,N,10007,N04,10007190,,1359
1224,10007190013,彰化縣,北斗鎮,大道里,Dadao Vil.,N,10007,N04,10007190,,1360
1225,10007190014,彰化縣,北斗鎮,新生里,Xinsheng Vil.,N,10007,N04,10007190,,1361
1226,10007190015,彰化縣,北斗鎮,大新里,Daxin Vil.,N,10007,N04,10007190,,1362
1227,10007200001,彰化縣,二林鎮,東和里,Donghe Vil.,N,10007,N08,10007200,,1363
1228,10007200002,彰化縣,二林鎮,南光里,Nanguang Vil.,N,10007,N08,10007200,,1364
1229,10007200003,彰化縣,二林鎮,西平里,Xiping Vil.,N,10007,N08,10007200,,1365
1230,10007200004,彰化縣,二林鎮,北平里,Beiping Vil.,N,10007,N08,10007200,,1366
1231,10007200005,彰化縣,二林鎮,中西里,Zhongxi Vil.,N,10007,N08,10007200,,1367
1232,10007200006,彰化縣,二林鎮,廣興里,Guangxing Vil.,N,10007,N08,10007200,,1368
1233,10007200007,彰化縣,二林鎮,香田里,Xiangtian Vil.,N,10007,N08,10007200,,1369
1234,10007200008,彰化縣,二林鎮,外竹里,Waizhu Vil.,N,10007,N08,10007200,,1370
1235,10007200009,彰化縣,二林鎮,興華里,Xinghua Vil.,N,10007,N08,10007200,,1371
1236,10007200010,彰化縣,二林鎮,東興里,Dongxing Vil.,N,10007,N08,10007200,,1372
1237,10007200011,彰化縣,二林鎮,後厝里,Houcuo Vil.,N,10007,N08,10007200,,1373
1238,10007200012,彰化縣,二林鎮,豐田里,Fengtian Vil.,N,10007,N08,10007200,,1374
1239,10007200013,彰化縣,二林鎮,頂厝里,Dingcuo Vil.,N,10007,N08,10007200,,1375
1240,10007200014,彰化縣,二林鎮,趙甲里,Zhaojia Vil.,N,10007,N08,10007200,,1376
1241,10007200015,彰化縣,二林鎮,振興里,Zhenxing Vil.,N,10007,N08,10007200,,1377
1242,10007200016,彰化縣,二林鎮,萬興里,Wanxing Vil.,N,10007,N08,10007200,,1378
1243,10007200017,彰化縣,二林鎮,永興里,Yongxing Vil.,N,10007,N08,10007200,,1379
1244,10007200018,彰化縣,二林鎮,西庄里,Xizhuang Vil.,N,10007,N08,10007200,,1380
1245,10007200019,彰化縣,二林鎮,梅芳里,Meifang Vil.,N,10007,N08,10007200,,1381
1246,10007200020,彰化縣,二林鎮,華崙里,Hualun Vil.,N,10007,N08,10007200,,1382
1247,10007200021,彰化縣,二林鎮,東勢里,Dongshi Vil.,N,10007,N08,10007200,,1383
1248,10007200022,彰化縣,二林鎮,萬合里,Wanhe Vil.,N,10007,N08,10007200,,1384
1249,10007200023,彰化縣,二林鎮,大永里,Dayong Vil.,N,10007,N08,10007200,,1385
1250,10007200024,彰化縣,二林鎮,原斗里,Yuandou Vil.,N,10007,N08,10007200,,1386
1251,10007200025,彰化縣,二林鎮,西斗里,Xidou Vil.,N,10007,N08,10007200,,1387
1252,10007200026,彰化縣,二林鎮,東華里,Donghua Vil.,N,10007,N08,10007200,,1388
1253,10007200027,彰化縣,二林鎮,復豐里,Fufeng Vil.,N,10007,N08,10007200,,1389
1254,10007210001,彰化縣,田尾鄉,田尾村,Tianwei Vil.,N,10007,N21,10007210,,1390
1255,10007210002,彰化縣,田尾鄉,豐田村,Fengtian Vil.,N,10007,N21,10007210,,1391
1256,10007210003,彰化縣,田尾鄉,饒平村,Raoping Vil.,N,10007,N21,10007210,,1392
1257,10007210004,彰化縣,田尾鄉,睦宜村,Muyi Vil.,N,10007,N21,10007210,,1393
1258,10007210005,彰化縣,田尾鄉,福田村,Futian Vil.,N,10007,N21,10007210,,1394
1259,10007210006,彰化縣,田尾鄉,新興村,Xinxing Vil.,N,10007,N21,10007210,,1395
1260,10007210007,彰化縣,田尾鄉,北鎮村,Beizhen Vil.,N,10007,N21,10007210,,1396
1261,10007210008,彰化縣,田尾鄉,南鎮村,Nanzhen Vil.,N,10007,N21,10007210,,1397
1262,10007210009,彰化縣,田尾鄉,新生村,Xinsheng Vil.,N,10007,N21,10007210,,1398
1263,10007210010,彰化縣,田尾鄉,南曾村,Nanceng Vil.,N,10007,N21,10007210,,1399
1264,10007210011,彰化縣,田尾鄉,北曾村,Beiceng Vil.,N,10007,N21,10007210,,1400
1265,10007210012,彰化縣,田尾鄉,溪畔村,Xipan Vil.,N,10007,N21,10007210,,1401
1266,10007210013,彰化縣,田尾鄉,打簾村,Dalian Vil.,N,10007,N21,10007210,,1402
1267,10007210014,彰化縣,田尾鄉,柳鳳村,Liufeng Vil.,N,10007,N21,10007210,,1403
1268,10007210015,彰化縣,田尾鄉,陸豐村,Lufeng Vil.,N,10007,N21,10007210,,1404
1269,10007210016,彰化縣,田尾鄉,海豐村,Haifeng Vil.,N,10007,N21,10007210,,1405
1270,10007210017,彰化縣,田尾鄉,仁里村,Renli Vil.,N,10007,N21,10007210,,1406
1271,10007210018,彰化縣,田尾鄉,新厝村,Xincuo Vil.,N,10007,N21,10007210,,1407
1272,10007210019,彰化縣,田尾鄉,溪頂村,Xiding Vil.,N,10007,N21,10007210,,1408
1273,10007210020,彰化縣,田尾鄉,正義村,Zhengyi Vil.,N,10007,N21,10007210,,1409
1274,10007220001,彰化縣,埤頭鄉,和豊村,Heli Vil.,N,10007,N22,10007220,,1410
1275,10007220002,彰化縣,埤頭鄉,興農村,Xingnong Vil.,N,10007,N22,10007220,,1411
1276,10007220003,彰化縣,埤頭鄉,埤頭村,Pitou Vil.,N,10007,N22,10007220,,1412
1277,10007220004,彰化縣,埤頭鄉,豊崙村,Lilun Vil.,N,10007,N22,10007220,,1413
1278,10007220005,彰化縣,埤頭鄉,崙子村,Lunzi Vil.,N,10007,N22,10007220,,1414
1279,10007220007,彰化縣,埤頭鄉,合興村,Hexing Vil.,N,10007,N22,10007220,,1415
1280,10007220008,彰化縣,埤頭鄉,平原村,Pingyuan Vil.,N,10007,N22,10007220,,1416
1281,10007220009,彰化縣,埤頭鄉,崙腳村,Lunjiao Vil.,N,10007,N22,10007220,,1417
1282,10007220010,彰化縣,埤頭鄉,元埔村,Yuanpu Vil.,N,10007,N22,10007220,,1418
1283,10007220011,彰化縣,埤頭鄉,芙朝村,Fuzhao Vil.,N,10007,N22,10007220,,1419
1284,10007220012,彰化縣,埤頭鄉,新庄村,Xinzhuang Vil.,N,10007,N22,10007220,,1420
1285,10007220013,彰化縣,埤頭鄉,陸嘉村,Lujia Vil.,N,10007,N22,10007220,,1421
1286,10007220014,彰化縣,埤頭鄉,竹圍村,Zhuwei Vil.,N,10007,N22,10007220,,1422
1287,10007220015,彰化縣,埤頭鄉,中和村,Zhonghe Vil.,N,10007,N22,10007220,,1423
1288,10007220016,彰化縣,埤頭鄉,庄內村,Zhuangnei Vil.,N,10007,N22,10007220,,1424
1289,10007220017,彰化縣,埤頭鄉,大湖村,Dahu Vil.,N,10007,N22,10007220,,1425
1290,10007220018,彰化縣,埤頭鄉,永豐村,Yongfeng Vil.,N,10007,N22,10007220,,1426
1291,10007230001,彰化縣,芳苑鄉,芳苑村,Fangyuan Vil.,N,10007,N23,10007230,,1427
1292,10007230002,彰化縣,芳苑鄉,芳中村,Fangzhong Vil.,N,10007,N23,10007230,,1428
1293,10007230003,彰化縣,芳苑鄉,仁愛村,Ren'ai Vil.,N,10007,N23,10007230,,1429
1294,10007230004,彰化縣,芳苑鄉,信義村,Xinyi Vil.,N,10007,N23,10007230,,1430
1295,10007230005,彰化縣,芳苑鄉,後寮村,Houliao Vil.,N,10007,N23,10007230,,1431
1296,10007230006,彰化縣,芳苑鄉,三合村,Sanhe Vil.,N,10007,N23,10007230,,1432
1297,10007230007,彰化縣,芳苑鄉,永興村,Yongxing Vil.,N,10007,N23,10007230,,1433
1298,10007230008,彰化縣,芳苑鄉,五俊村,Wujun Vil.,N,10007,N23,10007230,,1434
1299,10007230009,彰化縣,芳苑鄉,路上村,Lushang Vil.,N,10007,N23,10007230,,1435
1300,10007230010,彰化縣,芳苑鄉,路平村,Luping Vil.,N,10007,N23,10007230,,1436
1301,10007230011,彰化縣,芳苑鄉,三成村,Sancheng Vil.,N,10007,N23,10007230,,1437
1302,10007230012,彰化縣,芳苑鄉,福榮村,Furong Vil.,N,10007,N23,10007230,,1438
1303,10007230013,彰化縣,芳苑鄉,頂廍村,Dingbu Vil.,N,10007,N23,10007230,,1439
1304,10007230014,彰化縣,芳苑鄉,新街村,Xinjie Vil.,N,10007,N23,10007230,,1440
1305,10007230015,彰化縣,芳苑鄉,王功村,Wanggong Vil.,N,10007,N23,10007230,,1441
1306,10007230016,彰化縣,芳苑鄉,博愛村,Bo'ai Vil.,N,10007,N23,10007230,,1442
1307,10007230017,彰化縣,芳苑鄉,和平村,Heping Vil.,N,10007,N23,10007230,,1443
1308,10007230018,彰化縣,芳苑鄉,民生村,Minsheng Vil.,N,10007,N23,10007230,,1444
1309,10007230019,彰化縣,芳苑鄉,興仁村,Xingren Vil.,N,10007,N23,10007230,,1445
1310,10007230020,彰化縣,芳苑鄉,新寶村,Xinbao Vil.,N,10007,N23,10007230,,1446
1311,10007230021,彰化縣,芳苑鄉,草湖村,Caohu Vil.,N,10007,N23,10007230,,1447
1312,10007230022,彰化縣,芳苑鄉,文津村,Wenjin Vil.,N,10007,N23,10007230,,1448
1313,10007230023,彰化縣,芳苑鄉,建平村,Jianping Vil.,N,10007,N23,10007230,,1449
1314,10007230024,彰化縣,芳苑鄉,崙腳村,Lunjiao Vil.,N,10007,N23,10007230,,1450
1315,10007230025,彰化縣,芳苑鄉,新生村,Xinsheng Vil.,N,10007,N23,10007230,,1451
1316,10007230026,彰化縣,芳苑鄉,漢寶村,Hanbao Vil.,N,10007,N23,10007230,,1452
1317,10007240001,彰化縣,大城鄉,潭墘村,Tanqian Vil.,N,10007,N24,10007240,,1453
1318,10007240002,彰化縣,大城鄉,上山村,Shangshan Vil.,N,10007,N24,10007240,,1454
1319,10007240003,彰化縣,大城鄉,東城村,Dongcheng Vil.,N,10007,N24,10007240,,1455
1320,10007240004,彰化縣,大城鄉,西城村,Xicheng Vil.,N,10007,N24,10007240,,1456
1321,10007240005,彰化縣,大城鄉,大城村,Dacheng Vil.,N,10007,N24,10007240,,1457
1322,10007240006,彰化縣,大城鄉,菜寮村,Cailiao Vil.,N,10007,N24,10007240,,1458
1323,10007240007,彰化縣,大城鄉,山腳村,Shanjiao Vil.,N,10007,N24,10007240,,1459
1324,10007240008,彰化縣,大城鄉,永和村,Yonghe Vil.,N,10007,N24,10007240,,1460
1325,10007240009,彰化縣,大城鄉,頂庄村,Dingzhuang Vil.,N,10007,N24,10007240,,1461
1326,10007240010,彰化縣,大城鄉,公館村,Gongguan Vil.,N,10007,N24,10007240,,1462
1327,10007240011,彰化縣,大城鄉,臺西村,Taixi Vil.,N,10007,N24,10007240,,1463
1328,10007240012,彰化縣,大城鄉,東港村,Donggang Vil.,N,10007,N24,10007240,,1464
1329,10007240013,彰化縣,大城鄉,西港村,Xigang Vil.,N,10007,N24,10007240,,1465
1330,10007240014,彰化縣,大城鄉,豐美村,Fengmei Vil.,N,10007,N24,10007240,,1466
1331,10007240015,彰化縣,大城鄉,三豐村,Sanfeng Vil.,N,10007,N24,10007240,,1467
1332,10007250001,彰化縣,竹塘鄉,竹元村,Zhuyuan Vil.,N,10007,N25,10007250,,1468
1333,10007250002,彰化縣,竹塘鄉,竹塘村,Zhutang Vil.,N,10007,N25,10007250,,1469
1334,10007250003,彰化縣,竹塘鄉,小西村,Xiaoxi Vil.,N,10007,N25,10007250,,1470
1335,10007250004,彰化縣,竹塘鄉,民靖村,Minjing Vil.,N,10007,N25,10007250,,1471
1336,10007250005,彰化縣,竹塘鄉,五庄村,Wuzhuang Vil.,N,10007,N25,10007250,,1472
1337,10007250006,彰化縣,竹塘鄉,樹腳村,Shujiao Vil.,N,10007,N25,10007250,,1473
1338,10007250007,彰化縣,竹塘鄉,田頭村,Tiantou Vil.,N,10007,N25,10007250,,1474
1339,10007250008,彰化縣,竹塘鄉,新廣村,Xinguang Vil.,N,10007,N25,10007250,,1475
1340,10007250009,彰化縣,竹塘鄉,溪墘村,Xiqian Vil.,N,10007,N25,10007250,,1476
1341,10007250010,彰化縣,竹塘鄉,竹林村,Zhulin Vil.,N,10007,N25,10007250,,1477
1342,10007250011,彰化縣,竹塘鄉,土庫村,Tuku Vil.,N,10007,N25,10007250,,1478
1343,10007250012,彰化縣,竹塘鄉,內新村,Neixin Vil.,N,10007,N25,10007250,,1479
1344,10007250013,彰化縣,竹塘鄉,長安村,Chang'an Vil.,N,10007,N25,10007250,,1480
1345,10007250014,彰化縣,竹塘鄉,永安村,Yong'an Vil.,N,10007,N25,10007250,,1481
1346,10007260001,彰化縣,溪州鄉,溪厝村,Xicuo Vil.,N,10007,N26,10007260,,1482
1347,10007260002,彰化縣,溪州鄉,舊眉村,Jiumei Vil.,N,10007,N26,10007260,,1483
1348,10007260003,彰化縣,溪州鄉,柑園村,Ganyuan Vil.,N,10007,N26,10007260,,1484
1349,10007260004,彰化縣,溪州鄉,水尾村,Shuiwei Vil.,N,10007,N26,10007260,,1485
1350,10007260005,彰化縣,溪州鄉,坑厝村,Kengcuo Vil.,N,10007,N26,10007260,,1486
1351,10007260006,彰化縣,溪州鄉,圳寮村,Zunliao Vil.,N,10007,N26,10007260,,1487
1352,10007260007,彰化縣,溪州鄉,潮洋村,Chaoyang Vil.,N,10007,N26,10007260,,1488
1353,10007260008,彰化縣,溪州鄉,瓦厝村,Wacuo Vil.,N,10007,N26,10007260,,1489
1354,10007260009,彰化縣,溪州鄉,西畔村,Xipan Vil.,N,10007,N26,10007260,,1490
1355,10007260010,彰化縣,溪州鄉,張厝村,Zhangcuo Vil.,N,10007,N26,10007260,,1491
1356,10007260011,彰化縣,溪州鄉,溪州村,Xizhou Vil.,N,10007,N26,10007260,,1492
1357,10007260012,彰化縣,溪州鄉,成功村,Chenggong Vil.,N,10007,N26,10007260,,1493
1358,10007260013,彰化縣,溪州鄉,菜公村,Caigong Vil.,N,10007,N26,10007260,,1494
1359,10007260014,彰化縣,溪州鄉,尾厝村,Weicuo Vil.,N,10007,N26,10007260,,1495
1360,10007260015,彰化縣,溪州鄉,大庄村,Dazhuang Vil.,N,10007,N26,10007260,,1496
1361,10007260016,彰化縣,溪州鄉,三圳村,Sanzun Vil.,N,10007,N26,10007260,,1497
1362,10007260017,彰化縣,溪州鄉,東州村,Dongzhou Vil.,N,10007,N26,10007260,,1498
1363,10007260018,彰化縣,溪州鄉,榮光村,Rongguang Vil.,N,10007,N26,10007260,,1499
1364,10007260019,彰化縣,溪州鄉,三條村,Santiao Vil.,N,10007,N26,10007260,,1500
1365,10008010001,南投縣,南投市,龍泉里,Longquan Vil.,M,10008,M01,10008010,,1501
1366,10008010002,南投縣,南投市,康壽里,Kangshou Vil.,M,10008,M01,10008010,,1502
1367,10008010003,南投縣,南投市,三民里,Sanmin Vil.,M,10008,M01,10008010,,1503
1368,10008010004,南投縣,南投市,仁和里,Renhe Vil.,M,10008,M01,10008010,,1504
1369,10008010005,南投縣,南投市,南投里,Nantou Vil.,M,10008,M01,10008010,,1505
1370,10008010006,南投縣,南投市,彰仁里,Zhangren Vil.,M,10008,M01,10008010,,1506
1371,10008010007,南投縣,南投市,崇文里,Chongwen Vil.,M,10008,M01,10008010,,1507
1372,10008010008,南投縣,南投市,漳興里,Zhangxing Vil.,M,10008,M01,10008010,,1508
1373,10008010009,南投縣,南投市,漳和里,Zhanghe Vil.,M,10008,M01,10008010,,1509
1374,10008010010,南投縣,南投市,軍功里,Jungong Vil.,M,10008,M01,10008010,,1510
1375,10008010011,南投縣,南投市,東山里,Dongshan Vil.,M,10008,M01,10008010,,1511
1376,10008010012,南投縣,南投市,平和里,Pinghe Vil.,M,10008,M01,10008010,,1512
1377,10008010013,南投縣,南投市,振興里,Zhenxing Vil.,M,10008,M01,10008010,,1513
1378,10008010014,南投縣,南投市,千秋里,Qianqiu Vil.,M,10008,M01,10008010,,1514
1379,10008010015,南投縣,南投市,三興里,Sanxing Vil.,M,10008,M01,10008010,,1515
1380,10008010016,南投縣,南投市,三和里,Sanhe Vil.,M,10008,M01,10008010,,1516
1381,10008010017,南投縣,南投市,嘉興里,Jiaxing Vil.,M,10008,M01,10008010,,1517
1382,10008010018,南投縣,南投市,嘉和里,Jiahe Vil.,M,10008,M01,10008010,,1518
1383,10008010019,南投縣,南投市,福山里,Fushan Vil.,M,10008,M01,10008010,,1519
1384,10008010020,南投縣,南投市,永興里,Yongxing Vil.,M,10008,M01,10008010,,1520
1385,10008010021,南投縣,南投市,鳳鳴里,Fengming Vil.,M,10008,M01,10008010,,1521
1386,10008010022,南投縣,南投市,鳳山里,Fengshan Vil.,M,10008,M01,10008010,,1522
1387,10008010023,南投縣,南投市,平山里,Pingshan Vil.,M,10008,M01,10008010,,1523
1388,10008010024,南投縣,南投市,新興里,Xinxing Vil.,M,10008,M01,10008010,,1524
1389,10008010025,南投縣,南投市,永豐里,Yongfeng Vil.,M,10008,M01,10008010,,1525
1390,10008010026,南投縣,南投市,福興里,Fuxing Vil.,M,10008,M01,10008010,,1526
1391,10008010027,南投縣,南投市,營北里,Yingbei Vil.,M,10008,M01,10008010,,1527
1392,10008010028,南投縣,南投市,營南里,Yingnan Vil.,M,10008,M01,10008010,,1528
1393,10008010029,南投縣,南投市,內興里,Neixing Vil.,M,10008,M01,10008010,,1529
1394,10008010030,南投縣,南投市,內新里,Neixin Vil.,M,10008,M01,10008010,,1530
1395,10008010031,南投縣,南投市,光華里,Guanghua Vil.,M,10008,M01,10008010,,1531
1396,10008010032,南投縣,南投市,光榮里,Guangrong Vil.,M,10008,M01,10008010,,1532
1397,10008010033,南投縣,南投市,光明里,Guangming Vil.,M,10008,M01,10008010,,1533
1398,10008010034,南投縣,南投市,光輝里,Guanghui Vil.,M,10008,M01,10008010,,1534
1399,10008020001,南投縣,埔里鎮,東門里,Dongmen Vil.,M,10008,M02,10008020,,1535
1400,10008020002,南投縣,埔里鎮,南門里,Nanmen Vil.,M,10008,M02,10008020,,1536
1401,10008020003,南投縣,埔里鎮,西門里,Ximen Vil.,M,10008,M02,10008020,,1537
1402,10008020004,南投縣,埔里鎮,北門里,Beimen Vil.,M,10008,M02,10008020,,1538
1403,10008020005,南投縣,埔里鎮,同聲里,Tongsheng Vil.,M,10008,M02,10008020,,1539
1404,10008020006,南投縣,埔里鎮,薰化里,Xunhua Vil.,M,10008,M02,10008020,,1540
1405,10008020007,南投縣,埔里鎮,清新里,Qingxin Vil.,M,10008,M02,10008020,,1541
1406,10008020008,南投縣,埔里鎮,大城里,Dacheng Vil.,M,10008,M02,10008020,,1542
1407,10008020009,南投縣,埔里鎮,籃城里,Lancheng Vil.,M,10008,M02,10008020,,1543
1408,10008020010,南投縣,埔里鎮,枇杷里,Pipa Vil.,M,10008,M02,10008020,,1544
1409,10008020011,南投縣,埔里鎮,水頭里,Shuitou Vil.,M,10008,M02,10008020,,1545
1410,10008020012,南投縣,埔里鎮,麒麟里,Qilin Vil.,M,10008,M02,10008020,,1546
1411,10008020013,南投縣,埔里鎮,珠格里,Zhuge Vil.,M,10008,M02,10008020,,1547
1412,10008020014,南投縣,埔里鎮,溪南里,Xinan Vil.,M,10008,M02,10008020,,1548
1413,10008020015,南投縣,埔里鎮,桃米里,Taomi Vil.,M,10008,M02,10008020,,1549
1414,10008020016,南投縣,埔里鎮,成功里,Chenggong Vil.,M,10008,M02,10008020,,1550
1415,10008020017,南投縣,埔里鎮,南村里,Nancun Vil.,M,10008,M02,10008020,,1551
1416,10008020018,南投縣,埔里鎮,愛蘭里,Ailan Vil.,M,10008,M02,10008020,,1552
1417,10008020019,南投縣,埔里鎮,鐵山里,Tieshan Vil.,M,10008,M02,10008020,,1553
1418,10008020020,南投縣,埔里鎮,房里里,Fangli Vil.,M,10008,M02,10008020,,1554
1419,10008020021,南投縣,埔里鎮,向善里,Xiangshan Vil.,M,10008,M02,10008020,,1555
1420,10008020022,南投縣,埔里鎮,一新里,Yixin Vil.,M,10008,M02,10008020,,1556
1421,10008020023,南投縣,埔里鎮,廣成里,Guangcheng Vil.,M,10008,M02,10008020,,1557
1422,10008020024,南投縣,埔里鎮,史港里,Shigang Vil.,M,10008,M02,10008020,,1558
1423,10008020025,南投縣,埔里鎮,福興里,Fuxing Vil.,M,10008,M02,10008020,,1559
1424,10008020026,南投縣,埔里鎮,牛眠里,Niumian Vil.,M,10008,M02,10008020,,1560
1425,10008020027,南投縣,埔里鎮,大湳里,Danan Vil.,M,10008,M02,10008020,,1561
1426,10008020028,南投縣,埔里鎮,蜈蚣里,Wugong Vil.,M,10008,M02,10008020,,1562
1427,10008020029,南投縣,埔里鎮,合成里,Hecheng Vil.,M,10008,M02,10008020,,1563
1428,10008020030,南投縣,埔里鎮,北安里,Bei'an Vil.,M,10008,M02,10008020,,1564
1429,10008020031,南投縣,埔里鎮,杷城里,Pacheng Vil.,M,10008,M02,10008020,,1565
1430,10008020032,南投縣,埔里鎮,北梅里,Beimei Vil.,M,10008,M02,10008020,,1566
1431,10008020033,南投縣,埔里鎮,泰安里,Tai'an Vil.,M,10008,M02,10008020,,1567
1432,10008030001,南投縣,草屯鎮,玉峰里,Yufeng Vil.,M,10008,M03,10008030,,1568
1433,10008030002,南投縣,草屯鎮,炎峰里,Yanfeng Vil.,M,10008,M03,10008030,,1569
1434,10008030003,南投縣,草屯鎮,和平里,Heping Vil.,M,10008,M03,10008030,,1570
1435,10008030004,南投縣,草屯鎮,敦和里,Dunhan Vil.,M,10008,M03,10008030,,1571
1436,10008030005,南投縣,草屯鎮,山腳里,Shanjiao Vil.,M,10008,M03,10008030,,1572
1437,10008030006,南投縣,草屯鎮,富寮里,Fuliao Vil.,M,10008,M03,10008030,,1573
1438,10008030007,南投縣,草屯鎮,御史里,Yushi Vil.,M,10008,M03,10008030,,1574
1439,10008030008,南投縣,草屯鎮,新豐里,Xinfeng Vil.,M,10008,M03,10008030,,1575
1440,10008030009,南投縣,草屯鎮,碧峰里,Bifeng Vil.,M,10008,M03,10008030,,1576
1441,10008030010,南投縣,草屯鎮,碧洲里,Bizhou Vil.,M,10008,M03,10008030,,1577
1442,10008030011,南投縣,草屯鎮,復興里,Fuxing Vil.,M,10008,M03,10008030,,1578
1443,10008030012,南投縣,草屯鎮,上林里,Shanglin Vil.,M,10008,M03,10008030,,1579
1444,10008030013,南投縣,草屯鎮,新庄里,Xinzhuang Vil.,M,10008,M03,10008030,,1580
1445,10008030014,南投縣,草屯鎮,北投里,Beitou Vil.,M,10008,M03,10008030,,1581
1446,10008030015,南投縣,草屯鎮,石川里,Shichuan Vil.,M,10008,M03,10008030,,1582
1447,10008030016,南投縣,草屯鎮,加老里,Jialao Vil.,M,10008,M03,10008030,,1583
1448,10008030017,南投縣,草屯鎮,北勢里,Beishi Vil.,M,10008,M03,10008030,,1584
1449,10008030018,南投縣,草屯鎮,中原里,Zhongyuan Vil.,M,10008,M03,10008030,,1585
1450,10008030019,南投縣,草屯鎮,南埔里,Nanpu Vil.,M,10008,M03,10008030,,1586
1451,10008030020,南投縣,草屯鎮,土城里,Tucheng Vil.,M,10008,M03,10008030,,1587
1452,10008030021,南投縣,草屯鎮,坪頂里,Pingding Vil.,M,10008,M03,10008030,,1588
1453,10008030022,南投縣,草屯鎮,雙冬里,Shuangdong Vil.,M,10008,M03,10008030,,1589
1454,10008030023,南投縣,草屯鎮,平林里,Pinglin Vil.,M,10008,M03,10008030,,1590
1455,10008030024,南投縣,草屯鎮,中正里,Zhongzheng Vil.,M,10008,M03,10008030,,1591
1456,10008030025,南投縣,草屯鎮,中山里,Zhongshan Vil.,M,10008,M03,10008030,,1592
1457,10008030026,南投縣,草屯鎮,明正里,Mingzheng Vil.,M,10008,M03,10008030,,1593
1458,10008030027,南投縣,草屯鎮,新厝里,Xincuo Vil.,M,10008,M03,10008030,,1594
1459,10008040001,南投縣,竹山鎮,竹山里,Zhushan Vil.,M,10008,M04,10008040,,1595
1460,10008040002,南投縣,竹山鎮,中正里,Zhongzheng Vil.,M,10008,M04,10008040,,1596
1461,10008040003,南投縣,竹山鎮,中山里,Zhongshan Vil.,M,10008,M04,10008040,,1597
1462,10008040004,南投縣,竹山鎮,雲林里,Yunlin Vil.,M,10008,M04,10008040,,1598
1463,10008040005,南投縣,竹山鎮,硘[磘]里,Huiyao Vil.,M,10008,M04,10008040,,1599
1464,10008040006,南投縣,竹山鎮,下坪里,Xiaping Vil.,M,10008,M04,10008040,,1600
1465,10008040007,南投縣,竹山鎮,桂林里,Guilin Vil.,M,10008,M04,10008040,,1601
1466,10008040008,南投縣,竹山鎮,中和里,Zhonghe Vil.,M,10008,M04,10008040,,1602
1467,10008040009,南投縣,竹山鎮,中崎里,Zhongqi Vil.,M,10008,M04,10008040,,1603
1468,10008040010,南投縣,竹山鎮,德興里,Dexing Vil.,M,10008,M04,10008040,,1604
1469,10008040011,南投縣,竹山鎮,延平里,Yanping Vil.,M,10008,M04,10008040,,1605
1470,10008040012,南投縣,竹山鎮,延正里,Yanzheng Vil.,M,10008,M04,10008040,,1606
1471,10008040013,南投縣,竹山鎮,延山里,Yanshan Vil.,M,10008,M04,10008040,,1607
1472,10008040014,南投縣,竹山鎮,延和里,Yanhe Vil.,M,10008,M04,10008040,,1608
1473,10008040015,南投縣,竹山鎮,山崇里,Shanchong Vil.,M,10008,M04,10008040,,1609
1474,10008040016,南投縣,竹山鎮,社寮里,Sheliao Vil.,M,10008,M04,10008040,,1610
1475,10008040017,南投縣,竹山鎮,中央里,Zhongyang Vil.,M,10008,M04,10008040,,1611
1476,10008040018,南投縣,竹山鎮,富州里,Fuzhou Vil.,M,10008,M04,10008040,,1612
1477,10008040019,南投縣,竹山鎮,大鞍里,Da'an Vil.,M,10008,M04,10008040,,1613
1478,10008040020,南投縣,竹山鎮,田子里,Tianzi Vil.,M,10008,M04,10008040,,1614
1479,10008040021,南投縣,竹山鎮,福興里,Fuxing Vil.,M,10008,M04,10008040,,1615
1480,10008040022,南投縣,竹山鎮,鯉魚里,Liyu Vil.,M,10008,M04,10008040,,1616
1481,10008040023,南投縣,竹山鎮,瑞竹里,Ruizhu Vil.,M,10008,M04,10008040,,1617
1482,10008040024,南投縣,竹山鎮,坪頂里,Pingding Vil.,M,10008,M04,10008040,,1618
1483,10008040025,南投縣,竹山鎮,桶頭里,Tongtou Vil.,M,10008,M04,10008040,,1619
1484,10008040026,南投縣,竹山鎮,秀林里,Xiulin Vil.,M,10008,M04,10008040,,1620
1485,10008040027,南投縣,竹山鎮,延祥里,Yanxiang Vil.,M,10008,M04,10008040,,1621
1486,10008040028,南投縣,竹山鎮,竹圍里,Zhuwei Vil.,M,10008,M04,10008040,,1622
1487,10008050001,南投縣,集集鎮,集集里,Jiji Vil.,M,10008,M05,10008050,,1623
1488,10008050002,南投縣,集集鎮,和平里,Heping Vil.,M,10008,M05,10008050,,1624
1489,10008050003,南投縣,集集鎮,林尾里,Linwei Vil.,M,10008,M05,10008050,,1625
1490,10008050004,南投縣,集集鎮,田寮里,Tianliao Vil.,M,10008,M05,10008050,,1626
1491,10008050005,南投縣,集集鎮,隘寮里,Ailiao Vil.,M,10008,M05,10008050,,1627
1492,10008050006,南投縣,集集鎮,玉映里,Yuying Vil.,M,10008,M05,10008050,,1628
1493,10008050007,南投縣,集集鎮,吳厝里,Wucuo Vil.,M,10008,M05,10008050,,1629
1494,10008050008,南投縣,集集鎮,八張里,Bazhang Vil.,M,10008,M05,10008050,,1630
1495,10008050009,南投縣,集集鎮,永昌里,Yongchang Vil.,M,10008,M05,10008050,,1631
1496,10008050010,南投縣,集集鎮,富山里,Fushan Vil.,M,10008,M05,10008050,,1632
1497,10008050011,南投縣,集集鎮,廣明里,Guangming Vil.,M,10008,M05,10008050,,1633
1498,10008060001,南投縣,名間鄉,南雅村,Nanya Vil.,M,10008,M06,10008060,,1634
1499,10008060002,南投縣,名間鄉,中正村,Zhongzheng Vil.,M,10008,M06,10008060,,1635
1500,10008060003,南投縣,名間鄉,中山村,Zhongshan Vil.,M,10008,M06,10008060,,1636
1501,10008060004,南投縣,名間鄉,濁水村,Zhuoshui Vil.,M,10008,M06,10008060,,1637
1502,10008060005,南投縣,名間鄉,炭寮村,Tanliao Vil.,M,10008,M06,10008060,,1638
1503,10008060006,南投縣,名間鄉,新民村,Xinmin Vil.,M,10008,M06,10008060,,1639
1504,10008060007,南投縣,名間鄉,新街村,Xinjie Vil.,M,10008,M06,10008060,,1640
1505,10008060008,南投縣,名間鄉,東湖村,Donghu Vil.,M,10008,M06,10008060,,1641
1506,10008060009,南投縣,名間鄉,萬丹村,Wandan Vil.,M,10008,M06,10008060,,1642
1507,10008060010,南投縣,名間鄉,田仔村,Tianzi Vil.,M,10008,M06,10008060,,1643
1508,10008060011,南投縣,名間鄉,大庄村,Dazhuang Vil.,M,10008,M06,10008060,,1644
1509,10008060012,南投縣,名間鄉,廍下村,Buxia Vil.,M,10008,M06,10008060,,1645
1510,10008060013,南投縣,名間鄉,大坑村,Dakeng Vil.,M,10008,M06,10008060,,1646
1511,10008060014,南投縣,名間鄉,竹圍村,Zhuwei Vil.,M,10008,M06,10008060,,1647
1512,10008060015,南投縣,名間鄉,赤水村,Chishui Vil.,M,10008,M06,10008060,,1648
1513,10008060016,南投縣,名間鄉,三崙村,Sanlun Vil.,M,10008,M06,10008060,,1649
1514,10008060017,南投縣,名間鄉,松山村,Songshan Vil.,M,10008,M06,10008060,,1650
1515,10008060018,南投縣,名間鄉,松柏村,Songbo Vil.,M,10008,M06,10008060,,1651
1516,10008060019,南投縣,名間鄉,埔中村,Puzhong Vil.,M,10008,M06,10008060,,1652
1517,10008060020,南投縣,名間鄉,崁腳村,Kanjiao Vil.,M,10008,M06,10008060,,1653
1518,10008060021,南投縣,名間鄉,新厝村,Xincuo Vil.,M,10008,M06,10008060,,1654
1519,10008060022,南投縣,名間鄉,新光村,Xinguang Vil.,M,10008,M06,10008060,,1655
1520,10008060023,南投縣,名間鄉,仁和村,Renhe Vil.,M,10008,M06,10008060,,1656
1521,10008070001,南投縣,鹿谷鄉,鹿谷村,Lugu Vil.,M,10008,M07,10008070,,1657
1522,10008070002,南投縣,鹿谷鄉,初鄉村,Chuxiang Vil.,M,10008,M07,10008070,,1658
1523,10008070003,南投縣,鹿谷鄉,彰雅村,Zhangya Vil.,M,10008,M07,10008070,,1659
1524,10008070004,南投縣,鹿谷鄉,廣興村,Guangxing Vil.,M,10008,M07,10008070,,1660
1525,10008070005,南投縣,鹿谷鄉,內湖村,Neihu Vil.,M,10008,M07,10008070,,1661
1526,10008070006,南投縣,鹿谷鄉,竹林村,Zhulin Vil.,M,10008,M07,10008070,,1662
1527,10008070007,南投縣,鹿谷鄉,竹豐村,Zhufeng Vil.,M,10008,M07,10008070,,1663
1528,10008070008,南投縣,鹿谷鄉,和雅村,Heya Vil.,M,10008,M07,10008070,,1664
1529,10008070009,南投縣,鹿谷鄉,鳳凰村,Fenghuang Vil.,M,10008,M07,10008070,,1665
1530,10008070010,南投縣,鹿谷鄉,永隆村,Yonglong Vil.,M,10008,M07,10008070,,1666
1531,10008070011,南投縣,鹿谷鄉,秀峰村,Xiufeng Vil.,M,10008,M07,10008070,,1667
1532,10008070012,南投縣,鹿谷鄉,清水村,Qingshui Vil.,M,10008,M07,10008070,,1668
1533,10008070013,南投縣,鹿谷鄉,瑞田村,Ruitian Vil.,M,10008,M07,10008070,,1669
1534,10008080001,南投縣,中寮鄉,廣興村,Guangxing Vil.,M,10008,M08,10008080,,1670
1535,10008080002,南投縣,中寮鄉,崁頂村,Kanding Vil.,M,10008,M08,10008080,,1671
1536,10008080003,南投縣,中寮鄉,八仙村,Baxian Vil.,M,10008,M08,10008080,,1672
1537,10008080004,南投縣,中寮鄉,和興村,Hexing Vil.,M,10008,M08,10008080,,1673
1538,10008080005,南投縣,中寮鄉,福盛村,Fusheng Vil.,M,10008,M08,10008080,,1674
1539,10008080006,南投縣,中寮鄉,永平村,Yongping Vil.,M,10008,M08,10008080,,1675
1540,10008080007,南投縣,中寮鄉,復興村,Fuxing Vil.,M,10008,M08,10008080,,1676
1541,10008080008,南投縣,中寮鄉,中寮村,Zhongliao Vil.,M,10008,M08,10008080,,1677
1542,10008080009,南投縣,中寮鄉,廣福村,Guangfu Vil.,M,10008,M08,10008080,,1678
1543,10008080010,南投縣,中寮鄉,永福村,Yongfu Vil.,M,10008,M08,10008080,,1679
1544,10008080011,南投縣,中寮鄉,義和村,Yihe Vil.,M,10008,M08,10008080,,1680
1545,10008080012,南投縣,中寮鄉,清水村,Qingshui Vil.,M,10008,M08,10008080,,1681
1546,10008080013,南投縣,中寮鄉,龍安村,Long'an Vil.,M,10008,M08,10008080,,1682
1547,10008080014,南投縣,中寮鄉,龍岩村,Longyan Vil.,M,10008,M08,10008080,,1683
1548,10008080015,南投縣,中寮鄉,永和村,Yonghe Vil.,M,10008,M08,10008080,,1684
1549,10008080016,南投縣,中寮鄉,內城村,Neicheng Vil.,M,10008,M08,10008080,,1685
1550,10008080017,南投縣,中寮鄉,永芳村,Yongfang Vil.,M,10008,M08,10008080,,1686
1551,10008080018,南投縣,中寮鄉,爽文村,Shuangwen Vil.,M,10008,M08,10008080,,1687
1552,10008090001,南投縣,魚池鄉,東池村,Dongchi Vil.,M,10008,M09,10008090,,1688
1553,10008090002,南投縣,魚池鄉,魚池村,Yuchi Vil.,M,10008,M09,10008090,,1689
1554,10008090003,南投縣,魚池鄉,中明村,Zhongming Vil.,M,10008,M09,10008090,,1690
1555,10008090004,南投縣,魚池鄉,新城村,Xincheng Vil.,M,10008,M09,10008090,,1691
1556,10008090005,南投縣,魚池鄉,大林村,Dalin Vil.,M,10008,M09,10008090,,1692
1557,10008090006,南投縣,魚池鄉,東光村,Dongguang Vil.,M,10008,M09,10008090,,1693
1558,10008090007,南投縣,魚池鄉,共和村,Gonghe Vil.,M,10008,M09,10008090,,1694
1559,10008090008,南投縣,魚池鄉,大雁村,Dayan Vil.,M,10008,M09,10008090,,1695
1560,10008090009,南投縣,魚池鄉,五城村,Wucheng Vil.,M,10008,M09,10008090,,1696
1561,10008090010,南投縣,魚池鄉,水社村,Shuishe Vil.,M,10008,M09,10008090,,1697
1562,10008090011,南投縣,魚池鄉,頭社村,Toushe Vil.,M,10008,M09,10008090,,1698
1563,10008090012,南投縣,魚池鄉,武登村,Wudeng Vil.,M,10008,M09,10008090,,1699
1564,10008090013,南投縣,魚池鄉,日月村,Riyue Vil.,M,10008,M09,10008090,,1700
1565,10008100001,南投縣,國姓鄉,國姓村,Guoxing Vil.,M,10008,M10,10008100,,1701
1566,10008100002,南投縣,國姓鄉,石門村,Shimen Vil.,M,10008,M10,10008100,,1702
1567,10008100003,南投縣,國姓鄉,大旗村,Daqi Vil.,M,10008,M10,10008100,,1703
1568,10008100004,南投縣,國姓鄉,北港村,Beigang Vil.,M,10008,M10,10008100,,1704
1569,10008100005,南投縣,國姓鄉,長流村,Changliu Vil.,M,10008,M10,10008100,,1705
1570,10008100006,南投縣,國姓鄉,長福村,Changfu Vil.,M,10008,M10,10008100,,1706
1571,10008100007,南投縣,國姓鄉,福龜村,Fugui Vil.,M,10008,M10,10008100,,1707
1572,10008100008,南投縣,國姓鄉,乾溝村,Qiangou Vil.,M,10008,M10,10008100,,1708
1573,10008100009,南投縣,國姓鄉,柑林村,Ganlin Vil.,M,10008,M10,10008100,,1709
1574,10008100010,南投縣,國姓鄉,北山村,Beishan Vil.,M,10008,M10,10008100,,1710
1575,10008100011,南投縣,國姓鄉,南港村,Nangang Vil.,M,10008,M10,10008100,,1711
1576,10008100012,南投縣,國姓鄉,大石村,Dashi Vil.,M,10008,M10,10008100,,1712
1577,10008100013,南投縣,國姓鄉,長豐村,Changfeng Vil.,M,10008,M10,10008100,,1713
1578,10008110001,南投縣,水里鄉,水里村,Shuili Vil.,M,10008,M11,10008110,,1714
1579,10008110002,南投縣,水里鄉,農富村,Nongfu Vil.,M,10008,M11,10008110,,1715
1580,10008110003,南投縣,水里鄉,新城村,Xincheng Vil.,M,10008,M11,10008110,,1716
1581,10008110004,南投縣,水里鄉,中央村,Zhongyang Vil.,M,10008,M11,10008110,,1717
1582,10008110005,南投縣,水里鄉,城中村,Chengzhong Vil.,M,10008,M11,10008110,,1718
1583,10008110006,南投縣,水里鄉,北埔村,Beipu Vil.,M,10008,M11,10008110,,1719
1584,10008110007,南投縣,水里鄉,鉅工村,Jugong Vil.,M,10008,M11,10008110,,1720
1585,10008110008,南投縣,水里鄉,永豐村,Yongfeng Vil.,M,10008,M11,10008110,,1721
1586,10008110009,南投縣,水里鄉,頂崁村,Dingkan Vil.,M,10008,M11,10008110,,1722
1587,10008110010,南投縣,水里鄉,車埕村,Checheng Vil.,M,10008,M11,10008110,,1723
1588,10008110011,南投縣,水里鄉,新興村,Xinxing Vil.,M,10008,M11,10008110,,1724
1589,10008110012,南投縣,水里鄉,新山村,Xinshan Vil.,M,10008,M11,10008110,,1725
1590,10008110013,南投縣,水里鄉,郡坑村,Junkeng Vil.,M,10008,M11,10008110,,1726
1591,10008110014,南投縣,水里鄉,上安村,Shang'an Vil.,M,10008,M11,10008110,,1727
1592,10008110015,南投縣,水里鄉,民和村,Minhe Vil.,M,10008,M11,10008110,,1728
1593,10008110016,南投縣,水里鄉,永興村,Yongxing Vil.,M,10008,M11,10008110,,1729
1594,10008110017,南投縣,水里鄉,玉峰村,Yufeng Vil.,M,10008,M11,10008110,,1730
1595,10008110018,南投縣,水里鄉,興隆村,Xinglong Vil.,M,10008,M11,10008110,,1731
1596,10008110019,南投縣,水里鄉,南光村,Nanguang Vil.,M,10008,M11,10008110,,1732
1597,10008120001,南投縣,信義鄉,人和村,Renhe Vil.,M,10008,M12,10008120,,1733
1598,10008120002,南投縣,信義鄉,地利村,Dili Vil.,M,10008,M12,10008120,,1734
1599,10008120003,南投縣,信義鄉,潭南村,Tannan Vil.,M,10008,M12,10008120,,1735
1600,10008120004,南投縣,信義鄉,明德村,Mingde Vil.,M,10008,M12,10008120,,1736
1601,10008120005,南投縣,信義鄉,愛國村,Aiguo Vil.,M,10008,M12,10008120,,1737
1602,10008120006,南投縣,信義鄉,自強村,Ziqiang Vil.,M,10008,M12,10008120,,1738
1603,10008120007,南投縣,信義鄉,羅娜村,Luona Vil.,M,10008,M12,10008120,,1739
1604,10008120008,南投縣,信義鄉,望美村,Wangmei Vil.,M,10008,M12,10008120,,1740
1605,10008120009,南投縣,信義鄉,同富村,Tongfu Vil.,M,10008,M12,10008120,,1741
1606,10008120010,南投縣,信義鄉,神木村,Shenmu Vil.,M,10008,M12,10008120,,1742
1607,10008120011,南投縣,信義鄉,東埔村,Dongpu Vil.,M,10008,M12,10008120,,1743
1608,10008120012,南投縣,信義鄉,雙龍村,Shuanglong Vil.,M,10008,M12,10008120,,1744
1609,10008120013,南投縣,信義鄉,新鄉村,Xinxiang Vil.,M,10008,M12,10008120,,1745
1610,10008120014,南投縣,信義鄉,豐丘村,Fengqiu Vil.,M,10008,M12,10008120,,1746
1611,10008120015,南投縣,信義鄉,卡里布安村,Kalibu'an Vil.,M,10008,M12,10008120,,1747
1612,10008130001,南投縣,仁愛鄉,法治村,Fazhi Vil.,M,10008,M13,10008130,,1748
1613,10008130002,南投縣,仁愛鄉,中正村,Zhongzheng Vil.,M,10008,M13,10008130,,1749
1614,10008130003,南投縣,仁愛鄉,互助村,Huzhu Vil.,M,10008,M13,10008130,,1750
1615,10008130004,南投縣,仁愛鄉,新生村,Xinsheng Vil.,M,10008,M13,10008130,,1751
1616,10008130005,南投縣,仁愛鄉,力行村,Lixing Vil.,M,10008,M13,10008130,,1752
1617,10008130006,南投縣,仁愛鄉,發祥村,Faxiang Vil.,M,10008,M13,10008130,,1753
1618,10008130008,南投縣,仁愛鄉,親愛村,Qin'ai Vil.,M,10008,M13,10008130,,1754
1619,10008130009,南投縣,仁愛鄉,大同村,Datong Vil.,M,10008,M13,10008130,,1755
1620,10008130010,南投縣,仁愛鄉,南豐村,Nanfeng Vil.,M,10008,M13,10008130,,1756
1621,10008130011,南投縣,仁愛鄉,春陽村,Chunyang Vil.,M,10008,M13,10008130,,1757
1622,10008130012,南投縣,仁愛鄉,精英村,Jingying Vil.,M,10008,M13,10008130,,1758
1623,10008130013,南投縣,仁愛鄉,萬豐村,Wanfeng Vil.,M,10008,M13,10008130,,1759
1624,10008130014,南投縣,仁愛鄉,榮興村,Rongxing Vil.,M,10008,M13,10008130,,1760
1625,10008130015,南投縣,仁愛鄉,翠華村,Cuihua Vil.,M,10008,M13,10008130,,1761
1626,10008130016,南投縣,仁愛鄉,都達村,Douda Vil.,M,10008,M13,10008130,,1762
1627,10008130017,南投縣,仁愛鄉,德鹿谷村,Delugu Vil.,M,10008,M13,10008130,,1763
1628,10009010001,雲林縣,斗六市,忠孝里,Zhongxiao Vil.,P,10009,P01,10009010,,1764
1629,10009010002,雲林縣,斗六市,仁愛里,Ren'ai Vil.,P,10009,P01,10009010,,1765
1630,10009010003,雲林縣,斗六市,信義里,Xinyi Vil.,P,10009,P01,10009010,,1766
1631,10009010004,雲林縣,斗六市,四維里,Siwei Vil.,P,10009,P01,10009010,,1767
1632,10009010005,雲林縣,斗六市,太平里,Taiping Vil.,P,10009,P01,10009010,,1768
1633,10009010006,雲林縣,斗六市,中和里,Zhonghe Vil.,P,10009,P01,10009010,,1769
1634,10009010007,雲林縣,斗六市,光興里,Guangxing Vil.,P,10009,P01,10009010,,1770
1635,10009010008,雲林縣,斗六市,三平里,Sanping Vil.,P,10009,P01,10009010,,1771
1636,10009010009,雲林縣,斗六市,八德里,Bade Vil.,P,10009,P01,10009010,,1772
1637,10009010010,雲林縣,斗六市,鎮北里,Zhenbei Vil.,P,10009,P01,10009010,,1773
1638,10009010011,雲林縣,斗六市,龍潭里,Longtan Vil.,P,10009,P01,10009010,,1774
1639,10009010012,雲林縣,斗六市,鎮南里,Zhennan Vil.,P,10009,P01,10009010,,1775
1640,10009010013,雲林縣,斗六市,林頭里,Lintou Vil.,P,10009,P01,10009010,,1776
1641,10009010014,雲林縣,斗六市,重光里,Zhongguang Vil.,P,10009,P01,10009010,,1777
1642,10009010015,雲林縣,斗六市,溝埧里,Gouju Vil.,P,10009,P01,10009010,,1778
1643,10009010016,雲林縣,斗六市,江厝里,Jiangcuo Vil.,P,10009,P01,10009010,,1779
1644,10009010017,雲林縣,斗六市,三光里,Sanguang Vil.,P,10009,P01,10009010,,1780
1645,10009010018,雲林縣,斗六市,崙峯里,Lunfeng Vil.,P,10009,P01,10009010,,1781
1646,10009010019,雲林縣,斗六市,嘉東里,Jiadong Vil.,P,10009,P01,10009010,,1782
1647,10009010020,雲林縣,斗六市,久安里,Jiu'an Vil.,P,10009,P01,10009010,,1783
1648,10009010021,雲林縣,斗六市,長平里,Changping Vil.,P,10009,P01,10009010,,1784
1649,10009010022,雲林縣,斗六市,保庄里,Baozhuang Vil.,P,10009,P01,10009010,,1785
1650,10009010023,雲林縣,斗六市,虎溪里,Huxi Vil.,P,10009,P01,10009010,,1786
1651,10009010024,雲林縣,斗六市,梅林里,Meilin Vil.,P,10009,P01,10009010,,1787
1652,10009010025,雲林縣,斗六市,湖山里,Hushan Vil.,P,10009,P01,10009010,,1788
1653,10009010026,雲林縣,斗六市,榴中里,Liuzhong Vil.,P,10009,P01,10009010,,1789
1654,10009010027,雲林縣,斗六市,榴北里,Liubei Vil.,P,10009,P01,10009010,,1790
1655,10009010028,雲林縣,斗六市,榴南里,Liunan Vil.,P,10009,P01,10009010,,1791
1656,10009010029,雲林縣,斗六市,溪洲里,Xizhou Vil.,P,10009,P01,10009010,,1792
1657,10009010030,雲林縣,斗六市,長安里,Chang'an Vil.,P,10009,P01,10009010,,1793
1658,10009010031,雲林縣,斗六市,十三里,Shisan Vil.,P,10009,P01,10009010,,1794
1659,10009010032,雲林縣,斗六市,鎮東里,Zhendong Vil.,P,10009,P01,10009010,,1795
1660,10009010033,雲林縣,斗六市,鎮西里,Zhenxi Vil.,P,10009,P01,10009010,,1796
1661,10009010034,雲林縣,斗六市,公正里,Gongzheng Vil.,P,10009,P01,10009010,,1797
1662,10009010035,雲林縣,斗六市,社口里,Shekou Vil.,P,10009,P01,10009010,,1798
1663,10009010036,雲林縣,斗六市,公誠里,Gongcheng Vil.,P,10009,P01,10009010,,1799
1664,10009010037,雲林縣,斗六市,明德里,Mingde Vil.,P,10009,P01,10009010,,1800
1665,10009010038,雲林縣,斗六市,成功里,Chenggong Vil.,P,10009,P01,10009010,,1801
1666,10009010039,雲林縣,斗六市,文化里,Wenhua Vil.,P,10009,P01,10009010,,1802
1667,10009010040,雲林縣,斗六市,正心里,Zhengxin Vil.,P,10009,P01,10009010,,1803
1668,10009020001,雲林縣,斗南鎮,東仁里,Dongren Vil.,P,10009,P02,10009020,,1804
1669,10009020002,雲林縣,斗南鎮,西岐里,Xiqi Vil.,P,10009,P02,10009020,,1805
1670,10009020003,雲林縣,斗南鎮,南昌里,Nanchang Vil.,P,10009,P02,10009020,,1806
1671,10009020004,雲林縣,斗南鎮,北銘里,Beiming Vil.,P,10009,P02,10009020,,1807
1672,10009020005,雲林縣,斗南鎮,中天里,Zhongtian Vil.,P,10009,P02,10009020,,1808
1673,10009020006,雲林縣,斗南鎮,舊社里,Jiushe Vil.,P,10009,P02,10009020,,1809
1674,10009020007,雲林縣,斗南鎮,林子里,Linzi Vil.,P,10009,P02,10009020,,1810
1675,10009020008,雲林縣,斗南鎮,石龜里,Shigui Vil.,P,10009,P02,10009020,,1811
1676,10009020009,雲林縣,斗南鎮,靖興里,Jingxing Vil.,P,10009,P02,10009020,,1812
1677,10009020010,雲林縣,斗南鎮,新南里,Xinnan Vil.,P,10009,P02,10009020,,1813
1678,10009020011,雲林縣,斗南鎮,阿丹里,Adan Vil.,P,10009,P02,10009020,,1814
1679,10009020012,雲林縣,斗南鎮,將軍里,Jiangjun Vil.,P,10009,P02,10009020,,1815
1680,10009020013,雲林縣,斗南鎮,東明里,Dongming Vil.,P,10009,P02,10009020,,1816
1681,10009020014,雲林縣,斗南鎮,新光里,Xinguang Vil.,P,10009,P02,10009020,,1817
1682,10009020015,雲林縣,斗南鎮,田頭里,Tiantou Vil.,P,10009,P02,10009020,,1818
1683,10009020016,雲林縣,斗南鎮,明昌里,Mingchang Vil.,P,10009,P02,10009020,,1819
1684,10009020017,雲林縣,斗南鎮,大東里,Dadong Vil.,P,10009,P02,10009020,,1820
1685,10009020018,雲林縣,斗南鎮,埤麻里,Pima Vil.,P,10009,P02,10009020,,1821
1686,10009020019,雲林縣,斗南鎮,西伯里,Xibo Vil.,P,10009,P02,10009020,,1822
1687,10009020020,雲林縣,斗南鎮,新崙里,Xinlun Vil.,P,10009,P02,10009020,,1823
1688,10009020021,雲林縣,斗南鎮,小東里,Xiaodong Vil.,P,10009,P02,10009020,,1824
1689,10009020022,雲林縣,斗南鎮,石溪里,Shixi Vil.,P,10009,P02,10009020,,1825
1690,10009020023,雲林縣,斗南鎮,大同里,Datong Vil.,P,10009,P02,10009020,,1826
1691,10009020024,雲林縣,斗南鎮,僑真里,Qiaozhen Vil.,P,10009,P02,10009020,,1827
1692,10009030001,雲林縣,虎尾鎮,中山里,Zhongshan Vil.,P,10009,P03,10009030,,1828
1693,10009030002,雲林縣,虎尾鎮,新興里,Xinxing Vil.,P,10009,P03,10009030,,1829
1694,10009030003,雲林縣,虎尾鎮,東仁里,Dongren Vil.,P,10009,P03,10009030,,1830
1695,10009030004,雲林縣,虎尾鎮,公安里,Gong'an Vil.,P,10009,P03,10009030,,1831
1696,10009030005,雲林縣,虎尾鎮,德興里,Dexing Vil.,P,10009,P03,10009030,,1832
1697,10009030006,雲林縣,虎尾鎮,西安里,Xi'an Vil.,P,10009,P03,10009030,,1833
1698,10009030007,雲林縣,虎尾鎮,安慶里,Anqing Vil.,P,10009,P03,10009030,,1834
1699,10009030008,雲林縣,虎尾鎮,平和里,Pinghe Vil.,P,10009,P03,10009030,,1835
1700,10009030009,雲林縣,虎尾鎮,興南里,Xingnan Vil.,P,10009,P03,10009030,,1836
1701,10009030010,雲林縣,虎尾鎮,新吉里,Xinji Vil.,P,10009,P03,10009030,,1837
1702,10009030011,雲林縣,虎尾鎮,穎川里,Yingchuan Vil.,P,10009,P03,10009030,,1838
1703,10009030012,雲林縣,虎尾鎮,延平里,Yanping Vil.,P,10009,P03,10009030,,1839
1704,10009030013,雲林縣,虎尾鎮,三合里,Sanhe Vil.,P,10009,P03,10009030,,1840
1705,10009030014,雲林縣,虎尾鎮,北溪里,Beixi Vil.,P,10009,P03,10009030,,1841
1706,10009030015,雲林縣,虎尾鎮,墾地里,Kendi Vil.,P,10009,P03,10009030,,1842
1707,10009030016,雲林縣,虎尾鎮,西屯里,Xitun Vil.,P,10009,P03,10009030,,1843
1708,10009030017,雲林縣,虎尾鎮,芳草里,Fangcao Vil.,P,10009,P03,10009030,,1844
1709,10009030018,雲林縣,虎尾鎮,埒內里,Lenei Vil.,P,10009,P03,10009030,,1845
1710,10009030019,雲林縣,虎尾鎮,堀頭里,Kutou Vil.,P,10009,P03,10009030,,1846
1711,10009030020,雲林縣,虎尾鎮,安溪里,Anxi Vil.,P,10009,P03,10009030,,1847
1712,10009030021,雲林縣,虎尾鎮,興中里,Xingzhong Vil.,P,10009,P03,10009030,,1848
1713,10009030022,雲林縣,虎尾鎮,廉使里,Lianshi Vil.,P,10009,P03,10009030,,1849
1714,10009030023,雲林縣,虎尾鎮,惠來里,Huilai Vil.,P,10009,P03,10009030,,1850
1715,10009030024,雲林縣,虎尾鎮,頂溪里,Dingxi Vil.,P,10009,P03,10009030,,1851
1716,10009030025,雲林縣,虎尾鎮,中溪里,Zhongxi Vil.,P,10009,P03,10009030,,1852
1717,10009030026,雲林縣,虎尾鎮,下溪里,Xiaxi Vil.,P,10009,P03,10009030,,1853
1718,10009030027,雲林縣,虎尾鎮,建國里,Jianguo Vil.,P,10009,P03,10009030,,1854
1719,10009030028,雲林縣,虎尾鎮,立仁里,Liren Vil.,P,10009,P03,10009030,,1855
1720,10009030029,雲林縣,虎尾鎮,東屯里,Dongtun Vil.,P,10009,P03,10009030,,1856
1721,10009040001,雲林縣,西螺鎮,振興里,Zhenxing Vil.,P,10009,P04,10009040,,1857
1722,10009040002,雲林縣,西螺鎮,大園里,Dayuan Vil.,P,10009,P04,10009040,,1858
1723,10009040003,雲林縣,西螺鎮,廣福里,Guangfu Vil.,P,10009,P04,10009040,,1859
1724,10009040004,雲林縣,西螺鎮,正興里,Zhengxing Vil.,P,10009,P04,10009040,,1860
1725,10009040005,雲林縣,西螺鎮,永安里,Yong'an Vil.,P,10009,P04,10009040,,1861
1726,10009040006,雲林縣,西螺鎮,中和里,Zhonghe Vil.,P,10009,P04,10009040,,1862
1727,10009040007,雲林縣,西螺鎮,福興里,Fuxing Vil.,P,10009,P04,10009040,,1863
1728,10009040008,雲林縣,西螺鎮,光華里,Guanghua Vil.,P,10009,P04,10009040,,1864
1729,10009040009,雲林縣,西螺鎮,中興里,Zhongxing Vil.,P,10009,P04,10009040,,1865
1730,10009040010,雲林縣,西螺鎮,漢光里,Hanguang Vil.,P,10009,P04,10009040,,1866
1731,10009040011,雲林縣,西螺鎮,新安里,Xin'an Vil.,P,10009,P04,10009040,,1867
1732,10009040012,雲林縣,西螺鎮,新豐里,Xinfeng Vil.,P,10009,P04,10009040,,1868
1733,10009040013,雲林縣,西螺鎮,詔安里,Zhao'an Vil.,P,10009,P04,10009040,,1869
1734,10009040014,雲林縣,西螺鎮,河南里,Henan Vil.,P,10009,P04,10009040,,1870
1735,10009040015,雲林縣,西螺鎮,安定里,Anding Vil.,P,10009,P04,10009040,,1871
1736,10009040016,雲林縣,西螺鎮,福田里,Futian Vil.,P,10009,P04,10009040,,1872
1737,10009040017,雲林縣,西螺鎮,大新里,Daxin Vil.,P,10009,P04,10009040,,1873
1738,10009040018,雲林縣,西螺鎮,埤頭里,Pitou Vil.,P,10009,P04,10009040,,1874
1739,10009040019,雲林縣,西螺鎮,東興里,Dongxing Vil.,P,10009,P04,10009040,,1875
1740,10009040020,雲林縣,西螺鎮,廣興里,Guangxing Vil.,P,10009,P04,10009040,,1876
1741,10009040021,雲林縣,西螺鎮,鹿場里,Luchang Vil.,P,10009,P04,10009040,,1877
1742,10009040022,雲林縣,西螺鎮,頂湳里,Dingnan Vil.,P,10009,P04,10009040,,1878
1743,10009040023,雲林縣,西螺鎮,下湳里,Xianan Vil.,P,10009,P04,10009040,,1879
1744,10009040024,雲林縣,西螺鎮,九隆里,Jiulong Vil.,P,10009,P04,10009040,,1880
1745,10009040025,雲林縣,西螺鎮,吳厝里,Wucuo Vil.,P,10009,P04,10009040,,1881
1746,10009040026,雲林縣,西螺鎮,七座里,Qizuo Vil.,P,10009,P04,10009040,,1882
1747,10009040027,雲林縣,西螺鎮,公舘里,Gongguan Vil.,P,10009,P04,10009040,,1883
1748,10009050001,雲林縣,土庫鎮,忠正里,Zhongzheng Vil.,P,10009,P05,10009050,,1884
1749,10009050002,雲林縣,土庫鎮,順天里,Shuntian Vil.,P,10009,P05,10009050,,1885
1750,10009050003,雲林縣,土庫鎮,宮北里,Gongbei Vil.,P,10009,P05,10009050,,1886
1751,10009050004,雲林縣,土庫鎮,越港里,Yuegang Vil.,P,10009,P05,10009050,,1887
1752,10009050005,雲林縣,土庫鎮,溪邊里,Xibian Vil.,P,10009,P05,10009050,,1888
1753,10009050006,雲林縣,土庫鎮,興新里,Xingxin Vil.,P,10009,P05,10009050,,1889
1754,10009050007,雲林縣,土庫鎮,奮起里,Fenqi Vil.,P,10009,P05,10009050,,1890
1755,10009050008,雲林縣,土庫鎮,埤腳里,Pijiao Vil.,P,10009,P05,10009050,,1891
1756,10009050009,雲林縣,土庫鎮,大荖里,Dalao Vil.,P,10009,P05,10009050,,1892
1757,10009050010,雲林縣,土庫鎮,石廟里,Shimiao Vil.,P,10009,P05,10009050,,1893
1758,10009050011,雲林縣,土庫鎮,東平里,Dongping Vil.,P,10009,P05,10009050,,1894
1759,10009050012,雲林縣,土庫鎮,南平里,Nanping Vil.,P,10009,P05,10009050,,1895
1760,10009050013,雲林縣,土庫鎮,北平里,Beiping Vil.,P,10009,P05,10009050,,1896
1761,10009050014,雲林縣,土庫鎮,西平里,Xiping Vil.,P,10009,P05,10009050,,1897
1762,10009050015,雲林縣,土庫鎮,後埔里,Houpu Vil.,P,10009,P05,10009050,,1898
1763,10009050016,雲林縣,土庫鎮,崙內里,Lunnei Vil.,P,10009,P05,10009050,,1899
1764,10009050017,雲林縣,土庫鎮,新庄里,Xinzhuang Vil.,P,10009,P05,10009050,,1900
1765,10009060001,雲林縣,北港鎮,東陽里,Dongyang Vil.,P,10009,P06,10009060,,1901
1766,10009060002,雲林縣,北港鎮,光民里,Guangmin Vil.,P,10009,P06,10009060,,1902
1767,10009060003,雲林縣,北港鎮,東華里,Donghua Vil.,P,10009,P06,10009060,,1903
1768,10009060004,雲林縣,北港鎮,南安里,Nan'an Vil.,P,10009,P06,10009060,,1904
1769,10009060005,雲林縣,北港鎮,中和里,Zhonghe Vil.,P,10009,P06,10009060,,1905
1770,10009060006,雲林縣,北港鎮,義民里,Yimin Vil.,P,10009,P06,10009060,,1906
1771,10009060007,雲林縣,北港鎮,共榮里,Gongrong Vil.,P,10009,P06,10009060,,1907
1772,10009060008,雲林縣,北港鎮,西勢里,Xishi Vil.,P,10009,P06,10009060,,1908
1773,10009060009,雲林縣,北港鎮,仁和里,Renhe Vil.,P,10009,P06,10009060,,1909
1774,10009060010,雲林縣,北港鎮,賜福里,Sifu Vil.,P,10009,P06,10009060,,1910
1775,10009060011,雲林縣,北港鎮,公舘里,Gongguan Vil.,P,10009,P06,10009060,,1911
1776,10009060012,雲林縣,北港鎮,大同里,Datong Vil.,P,10009,P06,10009060,,1912
1777,10009060013,雲林縣,北港鎮,仁安里,Ren'an Vil.,P,10009,P06,10009060,,1913
1778,10009060014,雲林縣,北港鎮,華勝里,Huasheng Vil.,P,10009,P06,10009060,,1914
1779,10009060015,雲林縣,北港鎮,光復里,Guangfu Vil.,P,10009,P06,10009060,,1915
1780,10009060016,雲林縣,北港鎮,新街里,Xinjie Vil.,P,10009,P06,10009060,,1916
1781,10009060017,雲林縣,北港鎮,劉厝里,Liucuo Vil.,P,10009,P06,10009060,,1917
1782,10009060018,雲林縣,北港鎮,府番里,Fufan Vil.,P,10009,P06,10009060,,1918
1783,10009060019,雲林縣,北港鎮,草湖里,Caohu Vil.,P,10009,P06,10009060,,1919
1784,10009060020,雲林縣,北港鎮,溝皂里,Gouzao Vil.,P,10009,P06,10009060,,1920
1785,10009060021,雲林縣,北港鎮,後溝里,Hougou Vil.,P,10009,P06,10009060,,1921
1786,10009060022,雲林縣,北港鎮,番溝里,Fangou Vil.,P,10009,P06,10009060,,1922
1787,10009060023,雲林縣,北港鎮,大北里,Dabei Vil.,P,10009,P06,10009060,,1923
1788,10009060024,雲林縣,北港鎮,好收里,Haoshou Vil.,P,10009,P06,10009060,,1924
1789,10009060025,雲林縣,北港鎮,樹腳里,Shujiao Vil.,P,10009,P06,10009060,,1925
1790,10009060026,雲林縣,北港鎮,扶朝里,Fuzhao Vil.,P,10009,P06,10009060,,1926
1791,10009060027,雲林縣,北港鎮,水埔里,Shuipu Vil.,P,10009,P06,10009060,,1927
1792,10009060028,雲林縣,北港鎮,新厝里,Xincuo Vil.,P,10009,P06,10009060,,1928
1793,10009070001,雲林縣,古坑鄉,水碓村,Shuidui Vil.,P,10009,P07,10009070,,1929
1794,10009070002,雲林縣,古坑鄉,田心村,Tianxin Vil.,P,10009,P07,10009070,,1930
1795,10009070003,雲林縣,古坑鄉,高林村,Gaolin Vil.,P,10009,P07,10009070,,1931
1796,10009070004,雲林縣,古坑鄉,荷苞村,Hebao Vil.,P,10009,P07,10009070,,1932
1797,10009070005,雲林縣,古坑鄉,東和村,Donghe Vil.,P,10009,P07,10009070,,1933
1798,10009070006,雲林縣,古坑鄉,新庄村,Xinzhuang Vil.,P,10009,P07,10009070,,1934
1799,10009070007,雲林縣,古坑鄉,棋盤村,Qipan Vil.,P,10009,P07,10009070,,1935
1800,10009070008,雲林縣,古坑鄉,華山村,Huashan Vil.,P,10009,P07,10009070,,1936
1801,10009070009,雲林縣,古坑鄉,華南村,Huanan Vil.,P,10009,P07,10009070,,1937
1802,10009070010,雲林縣,古坑鄉,永光村,Yongguang Vil.,P,10009,P07,10009070,,1938
1803,10009070011,雲林縣,古坑鄉,桂林村,Guilin Vil.,P,10009,P07,10009070,,1939
1804,10009070012,雲林縣,古坑鄉,崁腳村,Kanjiao Vil.,P,10009,P07,10009070,,1940
1805,10009070013,雲林縣,古坑鄉,樟湖村,Zhanghu Vil.,P,10009,P07,10009070,,1941
1806,10009070014,雲林縣,古坑鄉,草嶺村,Caoling Vil.,P,10009,P07,10009070,,1942
1807,10009070015,雲林縣,古坑鄉,永昌村,Yongchang Vil.,P,10009,P07,10009070,,1943
1808,10009070016,雲林縣,古坑鄉,麻園村,Mayuan Vil.,P,10009,P07,10009070,,1944
1809,10009070017,雲林縣,古坑鄉,古坑村,Gukeng Vil.,P,10009,P07,10009070,,1945
1810,10009070018,雲林縣,古坑鄉,朝陽村,Zhaoyang Vil.,P,10009,P07,10009070,,1946
1811,10009070019,雲林縣,古坑鄉,西平村,Xiping Vil.,P,10009,P07,10009070,,1947
1812,10009070020,雲林縣,古坑鄉,湳仔村,Nanzi Vil.,P,10009,P07,10009070,,1948
1813,10009080001,雲林縣,大埤鄉,北和村,Beihe Vil.,P,10009,P08,10009080,,1949
1814,10009080002,雲林縣,大埤鄉,南和村,Nanhe Vil.,P,10009,P08,10009080,,1950
1815,10009080003,雲林縣,大埤鄉,大德村,Dade Vil.,P,10009,P08,10009080,,1951
1816,10009080004,雲林縣,大埤鄉,松竹村,Songzhu Vil.,P,10009,P08,10009080,,1952
1817,10009080005,雲林縣,大埤鄉,尚義村,Shangyi Vil.,P,10009,P08,10009080,,1953
1818,10009080006,雲林縣,大埤鄉,嘉興村,Jiaxing Vil.,P,10009,P08,10009080,,1954
1819,10009080007,雲林縣,大埤鄉,豐田村,Fengtian Vil.,P,10009,P08,10009080,,1955
1820,10009080008,雲林縣,大埤鄉,三結村,Sanjie Vil.,P,10009,P08,10009080,,1956
1821,10009080009,雲林縣,大埤鄉,吉田村,Jitian Vil.,P,10009,P08,10009080,,1957
1822,10009080010,雲林縣,大埤鄉,豐岡村,Fenggang Vil.,P,10009,P08,10009080,,1958
1823,10009080011,雲林縣,大埤鄉,聯美村,Lianmei Vil.,P,10009,P08,10009080,,1959
1824,10009080012,雲林縣,大埤鄉,怡然村,Yiran Vil.,P,10009,P08,10009080,,1960
1825,10009080013,雲林縣,大埤鄉,北鎮村,Beizhen Vil.,P,10009,P08,10009080,,1961
1826,10009080014,雲林縣,大埤鄉,興安村,Xing'an Vil.,P,10009,P08,10009080,,1962
1827,10009080015,雲林縣,大埤鄉,西鎮村,Xizhen Vil.,P,10009,P08,10009080,,1963
1828,10009090001,雲林縣,莿桐鄉,莿桐村,Citong Vil.,P,10009,P09,10009090,,1964
1829,10009090002,雲林縣,莿桐鄉,甘厝村,Gancuo Vil.,P,10009,P09,10009090,,1965
1830,10009090003,雲林縣,莿桐鄉,甘西村,Ganxi Vil.,P,10009,P09,10009090,,1966
1831,10009090004,雲林縣,莿桐鄉,興桐村,Xingtong Vil.,P,10009,P09,10009090,,1967
1832,10009090005,雲林縣,莿桐鄉,義和村,Yihe Vil.,P,10009,P09,10009090,,1968
1833,10009090006,雲林縣,莿桐鄉,埔子村,Puzi Vil.,P,10009,P09,10009090,,1969
1834,10009090007,雲林縣,莿桐鄉,大美村,Damei Vil.,P,10009,P09,10009090,,1970
1835,10009090008,雲林縣,莿桐鄉,埔尾村,Puwei Vil.,P,10009,P09,10009090,,1971
1836,10009090009,雲林縣,莿桐鄉,饒平村,Raoping Vil.,P,10009,P09,10009090,,1972
1837,10009090010,雲林縣,莿桐鄉,興貴村,Xinggui Vil.,P,10009,P09,10009090,,1973
1838,10009090011,雲林縣,莿桐鄉,四合村,Sihe Vil.,P,10009,P09,10009090,,1974
1839,10009090012,雲林縣,莿桐鄉,麻園村,Mayuan Vil.,P,10009,P09,10009090,,1975
1840,10009090013,雲林縣,莿桐鄉,五華村,Wuhua Vil.,P,10009,P09,10009090,,1976
1841,10009090014,雲林縣,莿桐鄉,六合村,Liuhe Vil.,P,10009,P09,10009090,,1977
1842,10009100001,雲林縣,林內鄉,林南村,Linnan Vil.,P,10009,P10,10009100,,1978
1843,10009100002,雲林縣,林內鄉,林中村,Linzhong Vil.,P,10009,P10,10009100,,1979
1844,10009100003,雲林縣,林內鄉,林北村,Linbei Vil.,P,10009,P10,10009100,,1980
1845,10009100004,雲林縣,林內鄉,坪頂村,Pingding Vil.,P,10009,P10,10009100,,1981
1846,10009100005,雲林縣,林內鄉,林茂村,Linmao Vil.,P,10009,P10,10009100,,1982
1847,10009100006,雲林縣,林內鄉,九芎村,Jiuqiong Vil.,P,10009,P10,10009100,,1983
1848,10009100007,雲林縣,林內鄉,湖本村,Huben Vil.,P,10009,P10,10009100,,1984
1849,10009100008,雲林縣,林內鄉,烏塗村,Wutu Vil.,P,10009,P10,10009100,,1985
1850,10009100009,雲林縣,林內鄉,烏麻村,Wuma Vil.,P,10009,P10,10009100,,1986
1851,10009100010,雲林縣,林內鄉,重興村,Zhongxing Vil.,P,10009,P10,10009100,,1987
1852,10009110001,雲林縣,二崙鄉,崙東村,Lundong Vil.,P,10009,P11,10009110,,1988
1853,10009110002,雲林縣,二崙鄉,崙西村,Lunxi Vil.,P,10009,P11,10009110,,1989
1854,10009110003,雲林縣,二崙鄉,來惠村,Laihui Vil.,P,10009,P11,10009110,,1990
1855,10009110004,雲林縣,二崙鄉,三和村,Sanhe Vil.,P,10009,P11,10009110,,1991
1856,10009110005,雲林縣,二崙鄉,湳仔村,Nanzi Vil.,P,10009,P11,10009110,,1992
1857,10009110006,雲林縣,二崙鄉,田尾村,Tianwei Vil.,P,10009,P11,10009110,,1993
1858,10009110007,雲林縣,二崙鄉,定安村,Ding'an Vil.,P,10009,P11,10009110,,1994
1859,10009110008,雲林縣,二崙鄉,大華村,Dahua Vil.,P,10009,P11,10009110,,1995
1860,10009110009,雲林縣,二崙鄉,義庄村,Yizhuang Vil.,P,10009,P11,10009110,,1996
1861,10009110010,雲林縣,二崙鄉,楊賢村,Yangxian Vil.,P,10009,P11,10009110,,1997
1862,10009110011,雲林縣,二崙鄉,港後村,Ganghou Vil.,P,10009,P11,10009110,,1998
1863,10009110012,雲林縣,二崙鄉,大義村,Dayi Vil.,P,10009,P11,10009110,,1999
1864,10009110013,雲林縣,二崙鄉,油車村,Youche Vil.,P,10009,P11,10009110,,2000
1865,10009110014,雲林縣,二崙鄉,大庄村,Dazhuang Vil.,P,10009,P11,10009110,,2001
1866,10009110015,雲林縣,二崙鄉,庄西村,Zhuangxi Vil.,P,10009,P11,10009110,,2002
1867,10009110016,雲林縣,二崙鄉,大同村,Datong Vil.,P,10009,P11,10009110,,2003
1868,10009110017,雲林縣,二崙鄉,復興村,Fuxing Vil.,P,10009,P11,10009110,,2004
1869,10009110018,雲林縣,二崙鄉,永定村,Yongding Vil.,P,10009,P11,10009110,,2005
1870,10009120001,雲林縣,崙背鄉,東明村,Dongming Vil.,P,10009,P12,10009120,,2006
1871,10009120002,雲林縣,崙背鄉,西榮村,Xirong Vil.,P,10009,P12,10009120,,2007
1872,10009120003,雲林縣,崙背鄉,南陽村,Nanyang Vil.,P,10009,P12,10009120,,2008
1873,10009120004,雲林縣,崙背鄉,崙前村,Lunqian Vil.,P,10009,P12,10009120,,2009
1874,10009120005,雲林縣,崙背鄉,羅厝村,Luocuo Vil.,P,10009,P12,10009120,,2010
1875,10009120006,雲林縣,崙背鄉,港尾村,Gangwei Vil.,P,10009,P12,10009120,,2011
1876,10009120007,雲林縣,崙背鄉,阿勸村,Aquan Vil.,P,10009,P12,10009120,,2012
1877,10009120008,雲林縣,崙背鄉,五魁村,Wukui Vil.,P,10009,P12,10009120,,2013
1878,10009120009,雲林縣,崙背鄉,大有村,Dayou Vil.,P,10009,P12,10009120,,2014
1879,10009120010,雲林縣,崙背鄉,豐榮村,Fengrong Vil.,P,10009,P12,10009120,,2015
1880,10009120011,雲林縣,崙背鄉,草湖村,Caohu Vil.,P,10009,P12,10009120,,2016
1881,10009120012,雲林縣,崙背鄉,舊庄村,Jiuzhuang Vil.,P,10009,P12,10009120,,2017
1882,10009120013,雲林縣,崙背鄉,水尾村,Shuiwei Vil.,P,10009,P12,10009120,,2018
1883,10009120014,雲林縣,崙背鄉,枋南村,Fangnan Vil.,P,10009,P12,10009120,,2019
1884,10009130001,雲林縣,麥寮鄉,麥津村,Maijin Vil.,P,10009,P13,10009130,,2020
1885,10009130002,雲林縣,麥寮鄉,麥豐村,Maifeng Vil.,P,10009,P13,10009130,,2021
1886,10009130003,雲林縣,麥寮鄉,瓦[磘]村,Wayao Vil.,P,10009,P13,10009130,,2022
1887,10009130004,雲林縣,麥寮鄉,興華村,Xinghua Vil.,P,10009,P13,10009130,,2023
1888,10009130005,雲林縣,麥寮鄉,崙後村,Lunhou Vil.,P,10009,P13,10009130,,2024
1889,10009130006,雲林縣,麥寮鄉,後安村,Hou'an Vil.,P,10009,P13,10009130,,2025
1890,10009130007,雲林縣,麥寮鄉,海豐村,Haifeng Vil.,P,10009,P13,10009130,,2026
1891,10009130008,雲林縣,麥寮鄉,三盛村,Sancheng Vil.,P,10009,P13,10009130,,2027
1892,10009130009,雲林縣,麥寮鄉,橋頭村,Qiaotou Vil.,P,10009,P13,10009130,,2028
1893,10009130010,雲林縣,麥寮鄉,新吉村,Xinji Vil.,P,10009,P13,10009130,,2029
1894,10009130011,雲林縣,麥寮鄉,施厝村,Shicuo Vil.,P,10009,P13,10009130,,2030
1895,10009130012,雲林縣,麥寮鄉,雷厝村,Leicuo Vil.,P,10009,P13,10009130,,2031
1896,10009130013,雲林縣,麥寮鄉,中興村,Zhongxing Vil.,P,10009,P13,10009130,,2032
1897,10009130S01,雲林縣,麥寮鄉,,,P,10009,P13,10009130,未編定村里,2033
1898,10009140001,雲林縣,東勢鄉,東南村,Dongnan Vil.,P,10009,P14,10009140,,2034
1899,10009140002,雲林縣,東勢鄉,東北村,Dongbei Vil.,P,10009,P14,10009140,,2035
1900,10009140003,雲林縣,東勢鄉,嘉隆村,Jialong Vil.,P,10009,P14,10009140,,2036
1901,10009140004,雲林縣,東勢鄉,復興村,Fuxing Vil.,P,10009,P14,10009140,,2037
1902,10009140005,雲林縣,東勢鄉,月眉村,Yuemei Vil.,P,10009,P14,10009140,,2038
1903,10009140006,雲林縣,東勢鄉,程海村,Chenghai Vil.,P,10009,P14,10009140,,2039
1904,10009140007,雲林縣,東勢鄉,龍潭村,Longtan Vil.,P,10009,P14,10009140,,2040
1905,10009140008,雲林縣,東勢鄉,安南村,Annan Vil.,P,10009,P14,10009140,,2041
1906,10009140009,雲林縣,東勢鄉,昌南村,Changnan Vil.,P,10009,P14,10009140,,2042
1907,10009140010,雲林縣,東勢鄉,同安村,Tong'an Vil.,P,10009,P14,10009140,,2043
1908,10009140011,雲林縣,東勢鄉,新坤村,Xinkun Vil.,P,10009,P14,10009140,,2044
1909,10009140012,雲林縣,東勢鄉,四美村,Simei Vil.,P,10009,P14,10009140,,2045
1910,10009150001,雲林縣,褒忠鄉,中民村,Zhongmin Vil.,P,10009,P15,10009150,,2046
1911,10009150002,雲林縣,褒忠鄉,埔姜村,Pujiang Vil.,P,10009,P15,10009150,,2047
1912,10009150003,雲林縣,褒忠鄉,中勝村,Zhongsheng Vil.,P,10009,P15,10009150,,2048
1913,10009150004,雲林縣,褒忠鄉,新湖村,Xinhu Vil.,P,10009,P15,10009150,,2049
1914,10009150005,雲林縣,褒忠鄉,馬鳴村,Maming Vil.,P,10009,P15,10009150,,2050
1915,10009150006,雲林縣,褒忠鄉,有才村,Youcai Vil.,P,10009,P15,10009150,,2051
1916,10009150007,雲林縣,褒忠鄉,田洋村,Tianyang Vil.,P,10009,P15,10009150,,2052
1917,10009150008,雲林縣,褒忠鄉,龍岩村,Longyan Vil.,P,10009,P15,10009150,,2053
1918,10009150009,雲林縣,褒忠鄉,潮厝村,Chaocuo Vil.,P,10009,P15,10009150,,2054
1919,10009160001,雲林縣,臺西鄉,台西村,Taixi Vil.,P,10009,P16,10009160,,2055
1920,10009160002,雲林縣,臺西鄉,海北村,Haibei Vil.,P,10009,P16,10009160,,2056
1921,10009160003,雲林縣,臺西鄉,海南村,Hainan Vil.,P,10009,P16,10009160,,2057
1922,10009160004,雲林縣,臺西鄉,海口村,Haikou Vil.,P,10009,P16,10009160,,2058
1923,10009160005,雲林縣,臺西鄉,溪頂村,Xiding Vil.,P,10009,P16,10009160,,2059
1924,10009160006,雲林縣,臺西鄉,牛厝村,Niucuo Vil.,P,10009,P16,10009160,,2060
1925,10009160007,雲林縣,臺西鄉,泉州村,Quanzhou Vil.,P,10009,P16,10009160,,2061
1926,10009160008,雲林縣,臺西鄉,光華村,Guanghua Vil.,P,10009,P16,10009160,,2062
1927,10009160009,雲林縣,臺西鄉,五榔村,Wulang Vil.,P,10009,P16,10009160,,2063
1928,10009160010,雲林縣,臺西鄉,山寮村,Shanliao Vil.,P,10009,P16,10009160,,2064
1929,10009160011,雲林縣,臺西鄉,富琦村,Fuqi Vil.,P,10009,P16,10009160,,2065
1930,10009160012,雲林縣,臺西鄉,永豐村,Yongfeng Vil.,P,10009,P16,10009160,,2066
1931,10009160013,雲林縣,臺西鄉,和豐村,Hefeng Vil.,P,10009,P16,10009160,,2067
1932,10009160014,雲林縣,臺西鄉,蚊港村,Wengang Vil.,P,10009,P16,10009160,,2068
1933,10009160015,雲林縣,臺西鄉,五港村,Wugang Vil.,P,10009,P16,10009160,,2069
1934,10009160S01,雲林縣,臺西鄉,,,P,10009,P16,10009160,未編定村里,2070
1935,10009170001,雲林縣,元長鄉,長南村,Changnan Vil.,P,10009,P17,10009170,,2071
1936,10009170002,雲林縣,元長鄉,長北村,Changbei Vil.,P,10009,P17,10009170,,2072
1937,10009170003,雲林縣,元長鄉,子茂村,Zimao Vil.,P,10009,P17,10009170,,2073
1938,10009170004,雲林縣,元長鄉,後湖村,Houhu Vil.,P,10009,P17,10009170,,2074
1939,10009170005,雲林縣,元長鄉,山內村,Shannei Vil.,P,10009,P17,10009170,,2075
1940,10009170006,雲林縣,元長鄉,合和村,Hehe Vil.,P,10009,P17,10009170,,2076
1941,10009170007,雲林縣,元長鄉,五塊村,Wukuai Vil.,P,10009,P17,10009170,,2077
1942,10009170008,雲林縣,元長鄉,潭西村,Tanxi Vil.,P,10009,P17,10009170,,2078
1943,10009170009,雲林縣,元長鄉,潭東村,Tandong Vil.,P,10009,P17,10009170,,2079
1944,10009170010,雲林縣,元長鄉,客厝村,Kecuo Vil.,P,10009,P17,10009170,,2080
1945,10009170011,雲林縣,元長鄉,卓運村,Zhuoyun Vil.,P,10009,P17,10009170,,2081
1946,10009170012,雲林縣,元長鄉,頂寮村,Dingliao Vil.,P,10009,P17,10009170,,2082
1947,10009170013,雲林縣,元長鄉,下寮村,Xialiao Vil.,P,10009,P17,10009170,,2083
1948,10009170014,雲林縣,元長鄉,龍岩村,Longyan Vil.,P,10009,P17,10009170,,2084
1949,10009170015,雲林縣,元長鄉,西莊村,Xizhuang Vil.,P,10009,P17,10009170,,2085
1950,10009170016,雲林縣,元長鄉,鹿北村,Lubei Vil.,P,10009,P17,10009170,,2086
1951,10009170017,雲林縣,元長鄉,鹿南村,Lunan Vil.,P,10009,P17,10009170,,2087
1952,10009170018,雲林縣,元長鄉,瓦[磘]村,Wayao Vil.,P,10009,P17,10009170,,2088
1953,10009170019,雲林縣,元長鄉,內寮村,Neiliao Vil.,P,10009,P17,10009170,,2089
1954,10009170020,雲林縣,元長鄉,崙仔村,Lunzi Vil.,P,10009,P17,10009170,,2090
1955,10009170021,雲林縣,元長鄉,新吉村,Xinji Vil.,P,10009,P17,10009170,,2091
1956,10009180001,雲林縣,四湖鄉,四湖村,Sihu Vil.,P,10009,P18,10009180,,2092
1957,10009180002,雲林縣,四湖鄉,新庄村,Xinzhuang Vil.,P,10009,P18,10009180,,2093
1958,10009180003,雲林縣,四湖鄉,溪底村,Xidi Vil.,P,10009,P18,10009180,,2094
1959,10009180004,雲林縣,四湖鄉,鹿場村,Luchang Vil.,P,10009,P18,10009180,,2095
1960,10009180005,雲林縣,四湖鄉,湖西村,Huxi Vil.,P,10009,P18,10009180,,2096
1961,10009180006,雲林縣,四湖鄉,施湖村,Shihu Vil.,P,10009,P18,10009180,,2097
1962,10009180007,雲林縣,四湖鄉,湖寮村,Huliao Vil.,P,10009,P18,10009180,,2098
1963,10009180008,雲林縣,四湖鄉,蔡厝村,Caicuo Vil.,P,10009,P18,10009180,,2099
1964,10009180009,雲林縣,四湖鄉,飛沙村,Feisha Vil.,P,10009,P18,10009180,,2100
1965,10009180010,雲林縣,四湖鄉,三姓村,Sanxing Vil.,P,10009,P18,10009180,,2101
1966,10009180011,雲林縣,四湖鄉,內湖村,Neihu Vil.,P,10009,P18,10009180,,2102
1967,10009180012,雲林縣,四湖鄉,羊調村,Yangdiao Vil.,P,10009,P18,10009180,,2103
1968,10009180013,雲林縣,四湖鄉,崙北村,Lunbei Vil.,P,10009,P18,10009180,,2104
1969,10009180014,雲林縣,四湖鄉,崙南村,Lunnan Vil.,P,10009,P18,10009180,,2105
1970,10009180015,雲林縣,四湖鄉,廣溝村,Guanggou Vil.,P,10009,P18,10009180,,2106
1971,10009180016,雲林縣,四湖鄉,[萡]子村,Bozi Vil.,P,10009,P18,10009180,,2107
1972,10009180017,雲林縣,四湖鄉,林厝村,Lincuo Vil.,P,10009,P18,10009180,,2108
1973,10009180018,雲林縣,四湖鄉,林東村,Lindong Vil.,P,10009,P18,10009180,,2109
1974,10009180019,雲林縣,四湖鄉,溪尾村,Xiwei Vil.,P,10009,P18,10009180,,2110
1975,10009180020,雲林縣,四湖鄉,飛東村,Feidong Vil.,P,10009,P18,10009180,,2111
1976,10009180021,雲林縣,四湖鄉,[萡]東村,Bodong Vil.,P,10009,P18,10009180,,2112
1977,10009190001,雲林縣,口湖鄉,湖東村,Hudong Vil.,P,10009,P19,10009190,,2113
1978,10009190002,雲林縣,口湖鄉,口湖村,Kouhu Vil.,P,10009,P19,10009190,,2114
1979,10009190003,雲林縣,口湖鄉,頂湖村,Dinghu Vil.,P,10009,P19,10009190,,2115
1980,10009190004,雲林縣,口湖鄉,埔北村,Pubei Vil.,P,10009,P19,10009190,,2116
1981,10009190005,雲林縣,口湖鄉,埔南村,Punan Vil.,P,10009,P19,10009190,,2117
1982,10009190006,雲林縣,口湖鄉,謝厝村,Xiecuo Vil.,P,10009,P19,10009190,,2118
1983,10009190007,雲林縣,口湖鄉,蚵寮村,Keliao Vil.,P,10009,P19,10009190,,2119
1984,10009190008,雲林縣,口湖鄉,下崙村,Xialun Vil.,P,10009,P19,10009190,,2120
1985,10009190009,雲林縣,口湖鄉,崙中村,Lunzhong Vil.,P,10009,P19,10009190,,2121
1986,10009190010,雲林縣,口湖鄉,崙東村,Lundong Vil.,P,10009,P19,10009190,,2122
1987,10009190011,雲林縣,口湖鄉,青蚶村,Qinghan Vil.,P,10009,P19,10009190,,2123
1988,10009190012,雲林縣,口湖鄉,港東村,Gangdong Vil.,P,10009,P19,10009190,,2124
1989,10009190013,雲林縣,口湖鄉,港西村,Gangxi Vil.,P,10009,P19,10009190,,2125
1990,10009190014,雲林縣,口湖鄉,台子村,Taizi Vil.,P,10009,P19,10009190,,2126
1991,10009190015,雲林縣,口湖鄉,成龍村,Chenglong Vil.,P,10009,P19,10009190,,2127
1992,10009190016,雲林縣,口湖鄉,湖口村,Hukou Vil.,P,10009,P19,10009190,,2128
1993,10009190017,雲林縣,口湖鄉,水井村,Shuijing Vil.,P,10009,P19,10009190,,2129
1994,10009190018,雲林縣,口湖鄉,後厝村,Houcuo Vil.,P,10009,P19,10009190,,2130
1995,10009190019,雲林縣,口湖鄉,梧南村,Wunan Vil.,P,10009,P19,10009190,,2131
1996,10009190020,雲林縣,口湖鄉,梧北村,Wubei Vil.,P,10009,P19,10009190,,2132
1997,10009190021,雲林縣,口湖鄉,過港村,Guogang Vil.,P,10009,P19,10009190,,2133
1998,10009200001,雲林縣,水林鄉,水北村,Shuibei Vil.,P,10009,P20,10009200,,2134
1999,10009200002,雲林縣,水林鄉,水南村,Shuinan Vil.,P,10009,P20,10009200,,2135
2000,10009200003,雲林縣,水林鄉,海埔村,Haipu Vil.,P,10009,P20,10009200,,2136
2001,10009200004,雲林縣,水林鄉,土厝村,Tucuo Vil.,P,10009,P20,10009200,,2137
2002,10009200005,雲林縣,水林鄉,春埔村,Chunpu Vil.,P,10009,P20,10009200,,2138
2003,10009200006,雲林縣,水林鄉,西井村,Xijing Vil.,P,10009,P20,10009200,,2139
2004,10009200007,雲林縣,水林鄉,車港村,Chegang Vil.,P,10009,P20,10009200,,2140
2005,10009200008,雲林縣,水林鄉,蘇秦村,Suqin Vil.,P,10009,P20,10009200,,2141
2006,10009200009,雲林縣,水林鄉,灣東村,Wandong Vil.,P,10009,P20,10009200,,2142
2007,10009200010,雲林縣,水林鄉,灣西村,Wanxi Vil.,P,10009,P20,10009200,,2143
2008,10009200011,雲林縣,水林鄉,萬興村,Wanxing Vil.,P,10009,P20,10009200,,2144
2009,10009200012,雲林縣,水林鄉,尖山村,Jianshan Vil.,P,10009,P20,10009200,,2145
2010,10009200013,雲林縣,水林鄉,大山村,Dashan Vil.,P,10009,P20,10009200,,2146
2011,10009200014,雲林縣,水林鄉,大溝村,Dagou Vil.,P,10009,P20,10009200,,2147
2012,10009200015,雲林縣,水林鄉,順興村,Shunxing Vil.,P,10009,P20,10009200,,2148
2013,10009200016,雲林縣,水林鄉,蕃薯村,Fanshu Vil.,P,10009,P20,10009200,,2149
2014,10009200017,雲林縣,水林鄉,山腳村,Shanjiao Vil.,P,10009,P20,10009200,,2150
2015,10009200018,雲林縣,水林鄉,松北村,Songbei Vil.,P,10009,P20,10009200,,2151
2016,10009200019,雲林縣,水林鄉,松中村,Songzhong Vil.,P,10009,P20,10009200,,2152
2017,10009200020,雲林縣,水林鄉,松西村,Songxi Vil.,P,10009,P20,10009200,,2153
2018,10009200021,雲林縣,水林鄉,[欍]埔村,Jiupu Vil.,P,10009,P20,10009200,,2154
2019,10009200022,雲林縣,水林鄉,塭底村,Wendi Vil.,P,10009,P20,10009200,,2155
2020,10009200023,雲林縣,水林鄉,後寮村,Houliao Vil.,P,10009,P20,10009200,,2156
2021,10009200024,雲林縣,水林鄉,溪墘村,Xiqian Vil.,P,10009,P20,10009200,,2157
2022,10010010001,嘉義縣,太保市,太保里,Taibao Vil.,Q,10010,Q12,10010010,,2158
2023,10010010002,嘉義縣,太保市,後庄里,Houzhuang Vil.,Q,10010,Q12,10010010,,2159
2024,10010010003,嘉義縣,太保市,前潭里,Qiantan Vil.,Q,10010,Q12,10010010,,2160
2025,10010010004,嘉義縣,太保市,後潭里,Houtan Vil.,Q,10010,Q12,10010010,,2161
2026,10010010005,嘉義縣,太保市,梅埔里,Meipu Vil.,Q,10010,Q12,10010010,,2162
2027,10010010006,嘉義縣,太保市,春珠里,Chunzhu Vil.,Q,10010,Q12,10010010,,2163
2028,10010010007,嘉義縣,太保市,崙頂里,Lunding Vil.,Q,10010,Q12,10010010,,2164
2029,10010010008,嘉義縣,太保市,東勢里,Dongshi Vil.,Q,10010,Q12,10010010,,2165
2030,10010010009,嘉義縣,太保市,新埤里,Xinpi Vil.,Q,10010,Q12,10010010,,2166
2031,10010010010,嘉義縣,太保市,舊埤里,Jiupi Vil.,Q,10010,Q12,10010010,,2167
2032,10010010011,嘉義縣,太保市,田尾里,Tianwei Vil.,Q,10010,Q12,10010010,,2168
2033,10010010012,嘉義縣,太保市,港尾里,Gangwei Vil.,Q,10010,Q12,10010010,,2169
2034,10010010013,嘉義縣,太保市,過溝里,Guogou Vil.,Q,10010,Q12,10010010,,2170
2035,10010010014,嘉義縣,太保市,麻寮里,Maliao Vil.,Q,10010,Q12,10010010,,2171
2036,10010010015,嘉義縣,太保市,南新里,Nanxin Vil.,Q,10010,Q12,10010010,,2172
2037,10010010016,嘉義縣,太保市,北新里,Beixin Vil.,Q,10010,Q12,10010010,,2173
2038,10010010017,嘉義縣,太保市,埤鄉里,Pixiang Vil.,Q,10010,Q12,10010010,,2174
2039,10010010018,嘉義縣,太保市,安仁里,Anren Vil.,Q,10010,Q12,10010010,,2175
2040,10010020001,嘉義縣,朴子市,安福里,Anfu Vil.,Q,10010,Q02,10010020,,2176
2041,10010020002,嘉義縣,朴子市,平和里,Pinghe Vil.,Q,10010,Q02,10010020,,2177
2042,10010020003,嘉義縣,朴子市,內厝里,Neicuo Vil.,Q,10010,Q02,10010020,,2178
2043,10010020004,嘉義縣,朴子市,開元里,Kaiyuan Vil.,Q,10010,Q02,10010020,,2179
2044,10010020005,嘉義縣,朴子市,順天里,Shuntian Vil.,Q,10010,Q02,10010020,,2180
2045,10010020006,嘉義縣,朴子市,中正里,Zhongzheng Vil.,Q,10010,Q02,10010020,,2181
2046,10010020007,嘉義縣,朴子市,博厚里,Bohou Vil.,Q,10010,Q02,10010020,,2182
2047,10010020008,嘉義縣,朴子市,文化里,Wenhua Vil.,Q,10010,Q02,10010020,,2183
2048,10010020009,嘉義縣,朴子市,永和里,Yonghe Vil.,Q,10010,Q02,10010020,,2184
2049,10010020010,嘉義縣,朴子市,竹圍里,Zhuwei Vil.,Q,10010,Q02,10010020,,2185
2050,10010020011,嘉義縣,朴子市,新寮里,Xinliao Vil.,Q,10010,Q02,10010020,,2186
2051,10010020012,嘉義縣,朴子市,双溪里,Shuangxi Vil.,Q,10010,Q02,10010020,,2187
2052,10010020013,嘉義縣,朴子市,溪口里,Xikou Vil.,Q,10010,Q02,10010020,,2188
2053,10010020014,嘉義縣,朴子市,德興里,Dexing Vil.,Q,10010,Q02,10010020,,2189
2054,10010020015,嘉義縣,朴子市,仁和里,Renhe Vil.,Q,10010,Q02,10010020,,2190
2055,10010020016,嘉義縣,朴子市,大鄉里,Daxiang Vil.,Q,10010,Q02,10010020,,2191
2056,10010020017,嘉義縣,朴子市,大葛里,Dage Vil.,Q,10010,Q02,10010020,,2192
2057,10010020018,嘉義縣,朴子市,佳禾里,Jiahe Vil.,Q,10010,Q02,10010020,,2193
2058,10010020019,嘉義縣,朴子市,竹村里,Zhucun Vil.,Q,10010,Q02,10010020,,2194
2059,10010020020,嘉義縣,朴子市,崁前里,Kanqian Vil.,Q,10010,Q02,10010020,,2195
2060,10010020021,嘉義縣,朴子市,順安里,Shun'an Vil.,Q,10010,Q02,10010020,,2196
2061,10010020022,嘉義縣,朴子市,崁後里,Kanhou Vil.,Q,10010,Q02,10010020,,2197
2062,10010020023,嘉義縣,朴子市,德家里,Dejia Vil.,Q,10010,Q02,10010020,,2198
2063,10010020024,嘉義縣,朴子市,新庄里,Xinzhuang Vil.,Q,10010,Q02,10010020,,2199
2064,10010020025,嘉義縣,朴子市,梅華里,Meihua Vil.,Q,10010,Q02,10010020,,2200
2065,10010020026,嘉義縣,朴子市,松華里,Songhua Vil.,Q,10010,Q02,10010020,,2201
2066,10010020027,嘉義縣,朴子市,南竹里,Nanzhu Vil.,Q,10010,Q02,10010020,,2202
2067,10010030001,嘉義縣,布袋鎮,岱江里,Daijiang Vil.,Q,10010,Q03,10010030,,2203
2068,10010030002,嘉義縣,布袋鎮,九龍里,Jiulong Vil.,Q,10010,Q03,10010030,,2204
2069,10010030003,嘉義縣,布袋鎮,岑海里,Cenhai Vil.,Q,10010,Q03,10010030,,2205
2070,10010030004,嘉義縣,布袋鎮,興中里,Xingzhong Vil.,Q,10010,Q03,10010030,,2206
2071,10010030005,嘉義縣,布袋鎮,光復里,Guangfu Vil.,Q,10010,Q03,10010030,,2207
2072,10010030006,嘉義縣,布袋鎮,見龍里,Jianlong Vil.,Q,10010,Q03,10010030,,2208
2073,10010030007,嘉義縣,布袋鎮,新厝里,Xincuo Vil.,Q,10010,Q03,10010030,,2209
2074,10010030008,嘉義縣,布袋鎮,龍江里,Longjiang Vil.,Q,10010,Q03,10010030,,2210
2075,10010030009,嘉義縣,布袋鎮,新岑里,Xincen Vil.,Q,10010,Q03,10010030,,2211
2076,10010030010,嘉義縣,布袋鎮,新民里,Xinmin Vil.,Q,10010,Q03,10010030,,2212
2077,10010030011,嘉義縣,布袋鎮,復興里,Fuxing Vil.,Q,10010,Q03,10010030,,2213
2078,10010030012,嘉義縣,布袋鎮,好美里,Haomei Vil.,Q,10010,Q03,10010030,,2214
2079,10010030013,嘉義縣,布袋鎮,永安里,Yong'an Vil.,Q,10010,Q03,10010030,,2215
2080,10010030014,嘉義縣,布袋鎮,東港里,Donggang Vil.,Q,10010,Q03,10010030,,2216
2081,10010030015,嘉義縣,布袋鎮,江山里,Jiangshan Vil.,Q,10010,Q03,10010030,,2217
2082,10010030016,嘉義縣,布袋鎮,菜舖里,Caipu Vil.,Q,10010,Q03,10010030,,2218
2083,10010030017,嘉義縣,布袋鎮,考試里,Kaoshi Vil.,Q,10010,Q03,10010030,,2219
2084,10010030018,嘉義縣,布袋鎮,振寮里,Zhenliao Vil.,Q,10010,Q03,10010030,,2220
2085,10010030019,嘉義縣,布袋鎮,西安里,Xi'an Vil.,Q,10010,Q03,10010030,,2221
2086,10010030020,嘉義縣,布袋鎮,東安里,Dong'an Vil.,Q,10010,Q03,10010030,,2222
2087,10010030021,嘉義縣,布袋鎮,中安里,Zhong'an Vil.,Q,10010,Q03,10010030,,2223
2088,10010030022,嘉義縣,布袋鎮,樹林里,Shulin Vil.,Q,10010,Q03,10010030,,2224
2089,10010030023,嘉義縣,布袋鎮,貴舍里,Guishe Vil.,Q,10010,Q03,10010030,,2225
2090,10010030S01,嘉義縣,布袋鎮,,,Q,10010,Q03,10010030,未編定村里,2226
2091,10010040001,嘉義縣,大林鎮,東林里,Donglin Vil.,Q,10010,Q04,10010040,,2227
2092,10010040002,嘉義縣,大林鎮,西林里,Xilin Vil.,Q,10010,Q04,10010040,,2228
2093,10010040003,嘉義縣,大林鎮,吉林里,Jilin Vil.,Q,10010,Q04,10010040,,2229
2094,10010040004,嘉義縣,大林鎮,平林里,Pinglin Vil.,Q,10010,Q04,10010040,,2230
2095,10010040005,嘉義縣,大林鎮,明華里,Minghua Vil.,Q,10010,Q04,10010040,,2231
2096,10010040006,嘉義縣,大林鎮,明和里,Minghe Vil.,Q,10010,Q04,10010040,,2232
2097,10010040007,嘉義縣,大林鎮,排路里,Pailu Vil.,Q,10010,Q04,10010040,,2233
2098,10010040008,嘉義縣,大林鎮,西結里,Xijie Vil.,Q,10010,Q04,10010040,,2234
2099,10010040009,嘉義縣,大林鎮,湖北里,Hubei Vil.,Q,10010,Q04,10010040,,2235
2100,10010040010,嘉義縣,大林鎮,大糖里,Datang Vil.,Q,10010,Q04,10010040,,2236
2101,10010040011,嘉義縣,大林鎮,大美里,Damei Vil.,Q,10010,Q04,10010040,,2237
2102,10010040012,嘉義縣,大林鎮,過溪里,Guoxi Vil.,Q,10010,Q04,10010040,,2238
2103,10010040013,嘉義縣,大林鎮,中坑里,Zhongkeng Vil.,Q,10010,Q04,10010040,,2239
2104,10010040014,嘉義縣,大林鎮,上林里,Shanglin Vil.,Q,10010,Q04,10010040,,2240
2105,10010040015,嘉義縣,大林鎮,中林里,Zhonglin Vil.,Q,10010,Q04,10010040,,2241
2106,10010040016,嘉義縣,大林鎮,三和里,Sanhe Vil.,Q,10010,Q04,10010040,,2242
2107,10010040017,嘉義縣,大林鎮,溝背里,Goubei Vil.,Q,10010,Q04,10010040,,2243
2108,10010040018,嘉義縣,大林鎮,義和里,Yihe Vil.,Q,10010,Q04,10010040,,2244
2109,10010040019,嘉義縣,大林鎮,內林里,Neilin Vil.,Q,10010,Q04,10010040,,2245
2110,10010040020,嘉義縣,大林鎮,三角里,Sanjiao Vil.,Q,10010,Q04,10010040,,2246
2111,10010040021,嘉義縣,大林鎮,三村里,Sancun Vil.,Q,10010,Q04,10010040,,2247
2112,10010050001,嘉義縣,民雄鄉,東榮村,Dongrong Vil.,Q,10010,Q05,10010050,,2248
2113,10010050002,嘉義縣,民雄鄉,中樂村,Zhongle Vil.,Q,10010,Q05,10010050,,2249
2114,10010050003,嘉義縣,民雄鄉,西安村,Xi'an Vil.,Q,10010,Q05,10010050,,2250
2115,10010050004,嘉義縣,民雄鄉,寮頂村,Liaoding Vil.,Q,10010,Q05,10010050,,2251
2116,10010050005,嘉義縣,民雄鄉,福權村,Fuquan Vil.,Q,10010,Q05,10010050,,2252
2117,10010050006,嘉義縣,民雄鄉,東湖村,Donghu Vil.,Q,10010,Q05,10010050,,2253
2118,10010050007,嘉義縣,民雄鄉,頂崙村,Dinglun Vil.,Q,10010,Q05,10010050,,2254
2119,10010050008,嘉義縣,民雄鄉,菁埔村,Jingpu Vil.,Q,10010,Q05,10010050,,2255
2120,10010050009,嘉義縣,民雄鄉,中和村,Zhonghe Vil.,Q,10010,Q05,10010050,,2256
2121,10010050010,嘉義縣,民雄鄉,平和村,Pinghe Vil.,Q,10010,Q05,10010050,,2257
2122,10010050011,嘉義縣,民雄鄉,西昌村,Xichang Vil.,Q,10010,Q05,10010050,,2258
2123,10010050012,嘉義縣,民雄鄉,豊收村,Lishou Vil.,Q,10010,Q05,10010050,,2259
2124,10010050013,嘉義縣,民雄鄉,三興村,Sanxing Vil.,Q,10010,Q05,10010050,,2260
2125,10010050014,嘉義縣,民雄鄉,東興村,Dongxing Vil.,Q,10010,Q05,10010050,,2261
2126,10010050015,嘉義縣,民雄鄉,鎮北村,Zhenbei Vil.,Q,10010,Q05,10010050,,2262
2127,10010050016,嘉義縣,民雄鄉,興中村,Xingzhong Vil.,Q,10010,Q05,10010050,,2263
2128,10010050017,嘉義縣,民雄鄉,興南村,Xingnan Vil.,Q,10010,Q05,10010050,,2264
2129,10010050018,嘉義縣,民雄鄉,福興村,Fuxing Vil.,Q,10010,Q05,10010050,,2265
2130,10010050019,嘉義縣,民雄鄉,文隆村,Wenlong Vil.,Q,10010,Q05,10010050,,2266
2131,10010050020,嘉義縣,民雄鄉,山中村,Shanzhong Vil.,Q,10010,Q05,10010050,,2267
2132,10010050021,嘉義縣,民雄鄉,中央村,Zhongyang Vil.,Q,10010,Q05,10010050,,2268
2133,10010050022,嘉義縣,民雄鄉,北斗村,Beidou Vil.,Q,10010,Q05,10010050,,2269
2134,10010050023,嘉義縣,民雄鄉,双福村,Shuangfu Vil.,Q,10010,Q05,10010050,,2270
2135,10010050024,嘉義縣,民雄鄉,大崎村,Daqi Vil.,Q,10010,Q05,10010050,,2271
2136,10010050025,嘉義縣,民雄鄉,秀林村,Xiulin Vil.,Q,10010,Q05,10010050,,2272
2137,10010050026,嘉義縣,民雄鄉,松山村,Songshan Vil.,Q,10010,Q05,10010050,,2273
2138,10010050027,嘉義縣,民雄鄉,金興村,Jinxing Vil.,Q,10010,Q05,10010050,,2274
2139,10010050028,嘉義縣,民雄鄉,福樂村,Fule Vil.,Q,10010,Q05,10010050,,2275
2140,10010050029,嘉義縣,民雄鄉,新山村,Xinshan Vil.,Q,10010,Q05,10010050,,2276
2141,10010060001,嘉義縣,溪口鄉,溪東村,Xidong Vil.,Q,10010,Q06,10010060,,2277
2142,10010060002,嘉義縣,溪口鄉,溪西村,Xixi Vil.,Q,10010,Q06,10010060,,2278
2143,10010060003,嘉義縣,溪口鄉,溪北村,Xibei Vil.,Q,10010,Q06,10010060,,2279
2144,10010060004,嘉義縣,溪口鄉,游東村,Youdong Vil.,Q,10010,Q06,10010060,,2280
2145,10010060005,嘉義縣,溪口鄉,游西村,Youxi Vil.,Q,10010,Q06,10010060,,2281
2146,10010060006,嘉義縣,溪口鄉,柴林村,Chailin Vil.,Q,10010,Q06,10010060,,2282
2147,10010060007,嘉義縣,溪口鄉,林腳村,Linjiao Vil.,Q,10010,Q06,10010060,,2283
2148,10010060008,嘉義縣,溪口鄉,美南村,Meinan Vil.,Q,10010,Q06,10010060,,2284
2149,10010060009,嘉義縣,溪口鄉,美北村,Meibei Vil.,Q,10010,Q06,10010060,,2285
2150,10010060010,嘉義縣,溪口鄉,本厝村,Bencuo Vil.,Q,10010,Q06,10010060,,2286
2151,10010060011,嘉義縣,溪口鄉,柳溝村,Liugou Vil.,Q,10010,Q06,10010060,,2287
2152,10010060012,嘉義縣,溪口鄉,疊溪村,Diexi Vil.,Q,10010,Q06,10010060,,2288
2153,10010060013,嘉義縣,溪口鄉,妙崙村,Miaolun Vil.,Q,10010,Q06,10010060,,2289
2154,10010060014,嘉義縣,溪口鄉,坪頂村,Pingding Vil.,Q,10010,Q06,10010060,,2290
2155,10010070001,嘉義縣,新港鄉,宮前村,Gongqian Vil.,Q,10010,Q07,10010070,,2291
2156,10010070002,嘉義縣,新港鄉,宮後村,Gonghou Vil.,Q,10010,Q07,10010070,,2292
2157,10010070003,嘉義縣,新港鄉,大興村,Daxing Vil.,Q,10010,Q07,10010070,,2293
2158,10010070004,嘉義縣,新港鄉,福德村,Fude Vil.,Q,10010,Q07,10010070,,2294
2159,10010070005,嘉義縣,新港鄉,古民村,Gumin Vil.,Q,10010,Q07,10010070,,2295
2160,10010070006,嘉義縣,新港鄉,中庄村,Zhongzhuang Vil.,Q,10010,Q07,10010070,,2296
2161,10010070007,嘉義縣,新港鄉,大潭村,Datan Vil.,Q,10010,Q07,10010070,,2297
2162,10010070008,嘉義縣,新港鄉,西庄村,Xizhuang Vil.,Q,10010,Q07,10010070,,2298
2163,10010070009,嘉義縣,新港鄉,埤子村,Pizi Vil.,Q,10010,Q07,10010070,,2299
2164,10010070010,嘉義縣,新港鄉,南崙村,Nanlun Vil.,Q,10010,Q07,10010070,,2300
2165,10010070011,嘉義縣,新港鄉,北崙村,Beilun Vil.,Q,10010,Q07,10010070,,2301
2166,10010070012,嘉義縣,新港鄉,海瀛村,Haiying Vil.,Q,10010,Q07,10010070,,2302
2167,10010070013,嘉義縣,新港鄉,月眉村,Yuemei Vil.,Q,10010,Q07,10010070,,2303
2168,10010070014,嘉義縣,新港鄉,月潭村,Yuetan Vil.,Q,10010,Q07,10010070,,2304
2169,10010070015,嘉義縣,新港鄉,溪北村,Xibei Vil.,Q,10010,Q07,10010070,,2305
2170,10010070016,嘉義縣,新港鄉,三間村,Sanjian Vil.,Q,10010,Q07,10010070,,2306
2171,10010070017,嘉義縣,新港鄉,中洋村,Zhongyang Vil.,Q,10010,Q07,10010070,,2307
2172,10010070018,嘉義縣,新港鄉,菜公村,Caigong Vil.,Q,10010,Q07,10010070,,2308
2173,10010070019,嘉義縣,新港鄉,安和村,Anhe Vil.,Q,10010,Q07,10010070,,2309
2174,10010070020,嘉義縣,新港鄉,潭大村,Tanda Vil.,Q,10010,Q07,10010070,,2310
2175,10010070021,嘉義縣,新港鄉,南港村,Nangang Vil.,Q,10010,Q07,10010070,,2311
2176,10010070022,嘉義縣,新港鄉,板頭村,Bantou Vil.,Q,10010,Q07,10010070,,2312
2177,10010070023,嘉義縣,新港鄉,共和村,Gonghe Vil.,Q,10010,Q07,10010070,,2313
2178,10010080001,嘉義縣,六腳鄉,蒜頭村,Suantou Vil.,Q,10010,Q08,10010080,,2314
2179,10010080002,嘉義縣,六腳鄉,蒜東村,Suandong Vil.,Q,10010,Q08,10010080,,2315
2180,10010080003,嘉義縣,六腳鄉,蒜南村,Suannan Vil.,Q,10010,Q08,10010080,,2316
2181,10010080004,嘉義縣,六腳鄉,工廠村,Gongchang Vil.,Q,10010,Q08,10010080,,2317
2182,10010080005,嘉義縣,六腳鄉,灣南村,Wannan Vil.,Q,10010,Q08,10010080,,2318
2183,10010080006,嘉義縣,六腳鄉,灣北村,Wanbei Vil.,Q,10010,Q08,10010080,,2319
2184,10010080007,嘉義縣,六腳鄉,雙涵村,Shuanghan Vil.,Q,10010,Q08,10010080,,2320
2185,10010080008,嘉義縣,六腳鄉,塗師村,Tushi Vil.,Q,10010,Q08,10010080,,2321
2186,10010080009,嘉義縣,六腳鄉,三義村,Sanyi Vil.,Q,10010,Q08,10010080,,2322
2187,10010080010,嘉義縣,六腳鄉,港美村,Gangmei Vil.,Q,10010,Q08,10010080,,2323
2188,10010080011,嘉義縣,六腳鄉,豐美村,Fengmei Vil.,Q,10010,Q08,10010080,,2324
2189,10010080012,嘉義縣,六腳鄉,六斗村,Liudou Vil.,Q,10010,Q08,10010080,,2325
2190,10010080013,嘉義縣,六腳鄉,崙陽村,Lunyang Vil.,Q,10010,Q08,10010080,,2326
2191,10010080014,嘉義縣,六腳鄉,蘇厝村,Sucuo Vil.,Q,10010,Q08,10010080,,2327
2192,10010080015,嘉義縣,六腳鄉,竹本村,Zhuben Vil.,Q,10010,Q08,10010080,,2328
2193,10010080016,嘉義縣,六腳鄉,永賢村,Yongxian Vil.,Q,10010,Q08,10010080,,2329
2194,10010080017,嘉義縣,六腳鄉,魚寮村,Yuliao Vil.,Q,10010,Q08,10010080,,2330
2195,10010080018,嘉義縣,六腳鄉,潭墘村,Tanqian Vil.,Q,10010,Q08,10010080,,2331
2196,10010080019,嘉義縣,六腳鄉,正義村,Zhengyi Vil.,Q,10010,Q08,10010080,,2332
2197,10010080020,嘉義縣,六腳鄉,溪厝村,Xicuo Vil.,Q,10010,Q08,10010080,,2333
2198,10010080021,嘉義縣,六腳鄉,六腳村,Liujiao Vil.,Q,10010,Q08,10010080,,2334
2199,10010080022,嘉義縣,六腳鄉,六南村,Liunan Vil.,Q,10010,Q08,10010080,,2335
2200,10010080023,嘉義縣,六腳鄉,崩山村,Bengshan Vil.,Q,10010,Q08,10010080,,2336
2201,10010080024,嘉義縣,六腳鄉,古林村,Gulin Vil.,Q,10010,Q08,10010080,,2337
2202,10010080025,嘉義縣,六腳鄉,更寮村,Gengliao Vil.,Q,10010,Q08,10010080,,2338
2203,10010090001,嘉義縣,東石鄉,東石村,Dongshi Vil.,Q,10010,Q09,10010090,,2339
2204,10010090002,嘉義縣,東石鄉,猿樹村,Yuanshu Vil.,Q,10010,Q09,10010090,,2340
2205,10010090003,嘉義縣,東石鄉,型厝村,Xingcuo Vil.,Q,10010,Q09,10010090,,2341
2206,10010090004,嘉義縣,東石鄉,塭港村,Wengang Vil.,Q,10010,Q09,10010090,,2342
2207,10010090005,嘉義縣,東石鄉,三家村,Sanjia Vil.,Q,10010,Q09,10010090,,2343
2208,10010090006,嘉義縣,東石鄉,永屯村,Yongtun Vil.,Q,10010,Q09,10010090,,2344
2209,10010090007,嘉義縣,東石鄉,海埔村,Haipu Vil.,Q,10010,Q09,10010090,,2345
2210,10010090008,嘉義縣,東石鄉,龍港村,Longgang Vil.,Q,10010,Q09,10010090,,2346
2211,10010090009,嘉義縣,東石鄉,副瀨村,Fulai Vil.,Q,10010,Q09,10010090,,2347
2212,10010090010,嘉義縣,東石鄉,下揖村,Xiayi Vil.,Q,10010,Q09,10010090,,2348
2213,10010090011,嘉義縣,東石鄉,頂揖村,Dingyi Vil.,Q,10010,Q09,10010090,,2349
2214,10010090012,嘉義縣,東石鄉,溪下村,Xixia Vil.,Q,10010,Q09,10010090,,2350
2215,10010090013,嘉義縣,東石鄉,港墘村,Gangqian Vil.,Q,10010,Q09,10010090,,2351
2216,10010090014,嘉義縣,東石鄉,蔦松村,Niaosong Vil.,Q,10010,Q09,10010090,,2352
2217,10010090015,嘉義縣,東石鄉,圍潭村,Weitan Vil.,Q,10010,Q09,10010090,,2353
2218,10010090016,嘉義縣,東石鄉,洲仔村,Zhouzi Vil.,Q,10010,Q09,10010090,,2354
2219,10010090017,嘉義縣,東石鄉,東崙村,Donglun Vil.,Q,10010,Q09,10010090,,2355
2220,10010090018,嘉義縣,東石鄉,西崙村,Xilun Vil.,Q,10010,Q09,10010090,,2356
2221,10010090019,嘉義縣,東石鄉,塭仔村,Wenzi Vil.,Q,10010,Q09,10010090,,2357
2222,10010090020,嘉義縣,東石鄉,網寮村,Wangliao Vil.,Q,10010,Q09,10010090,,2358
2223,10010090021,嘉義縣,東石鄉,掌潭村,Zhangtan Vil.,Q,10010,Q09,10010090,,2359
2224,10010090022,嘉義縣,東石鄉,港口村,Gangkou Vil.,Q,10010,Q09,10010090,,2360
2225,10010090023,嘉義縣,東石鄉,鰲鼓村,Aogu Vil.,Q,10010,Q09,10010090,,2361
2226,10010100001,嘉義縣,義竹鄉,岸腳村,Anjiao Vil.,Q,10010,Q10,10010100,,2362
2227,10010100002,嘉義縣,義竹鄉,義竹村,Yizhu Vil.,Q,10010,Q10,10010100,,2363
2228,10010100003,嘉義縣,義竹鄉,六桂村,Liugui Vil.,Q,10010,Q10,10010100,,2364
2229,10010100004,嘉義縣,義竹鄉,仁里村,Renli Vil.,Q,10010,Q10,10010100,,2365
2230,10010100005,嘉義縣,義竹鄉,傳芳村,Chuanfang Vil.,Q,10010,Q10,10010100,,2366
2231,10010100006,嘉義縣,義竹鄉,頭竹村,Touzhu Vil.,Q,10010,Q10,10010100,,2367
2232,10010100007,嘉義縣,義竹鄉,五厝村,Wucuo Vil.,Q,10010,Q10,10010100,,2368
2233,10010100008,嘉義縣,義竹鄉,中平村,Zhongping Vil.,Q,10010,Q10,10010100,,2369
2234,10010100009,嘉義縣,義竹鄉,埤前村,Piqian Vil.,Q,10010,Q10,10010100,,2370
2235,10010100010,嘉義縣,義竹鄉,平溪村,Pingxi Vil.,Q,10010,Q10,10010100,,2371
2236,10010100011,嘉義縣,義竹鄉,後鎮村,Houzhen Vil.,Q,10010,Q10,10010100,,2372
2237,10010100012,嘉義縣,義竹鄉,北華村,Beihua Vil.,Q,10010,Q10,10010100,,2373
2238,10010100013,嘉義縣,義竹鄉,新店村,Xindian Vil.,Q,10010,Q10,10010100,,2374
2239,10010100014,嘉義縣,義竹鄉,東過村,Dongguo Vil.,Q,10010,Q10,10010100,,2375
2240,10010100015,嘉義縣,義竹鄉,西過村,Xiguo Vil.,Q,10010,Q10,10010100,,2376
2241,10010100016,嘉義縣,義竹鄉,官和村,Guanhe Vil.,Q,10010,Q10,10010100,,2377
2242,10010100017,嘉義縣,義竹鄉,官順村,Guanshun Vil.,Q,10010,Q10,10010100,,2378
2243,10010100018,嘉義縣,義竹鄉,新富村,Xinfu Vil.,Q,10010,Q10,10010100,,2379
2244,10010100019,嘉義縣,義竹鄉,東光村,Dongguang Vil.,Q,10010,Q10,10010100,,2380
2245,10010100020,嘉義縣,義竹鄉,東榮村,Dongrong Vil.,Q,10010,Q10,10010100,,2381
2246,10010100021,嘉義縣,義竹鄉,龍蛟村,Longjiao Vil.,Q,10010,Q10,10010100,,2382
2247,10010100022,嘉義縣,義竹鄉,溪洲村,Xizhou Vil.,Q,10010,Q10,10010100,,2383
2248,10010110001,嘉義縣,鹿草鄉,後寮村,Houliao Vil.,Q,10010,Q11,10010110,,2384
2249,10010110002,嘉義縣,鹿草鄉,鹿東村,Ludong Vil.,Q,10010,Q11,10010110,,2385
2250,10010110003,嘉義縣,鹿草鄉,鹿草村,Lucao Vil.,Q,10010,Q11,10010110,,2386
2251,10010110004,嘉義縣,鹿草鄉,西井村,Xijing Vil.,Q,10010,Q11,10010110,,2387
2252,10010110005,嘉義縣,鹿草鄉,豊稠村,Lichou Vil.,Q,10010,Q11,10010110,,2388
2253,10010110006,嘉義縣,鹿草鄉,重寮村,Chongliao Vil.,Q,10010,Q11,10010110,,2389
2254,10010110007,嘉義縣,鹿草鄉,施家村,Shijia Vil.,Q,10010,Q11,10010110,,2390
2255,10010110008,嘉義縣,鹿草鄉,下潭村,Xiatan Vil.,Q,10010,Q11,10010110,,2391
2256,10010110009,嘉義縣,鹿草鄉,光潭村,Guangtan Vil.,Q,10010,Q11,10010110,,2392
2257,10010110010,嘉義縣,鹿草鄉,碧潭村,Bitan Vil.,Q,10010,Q11,10010110,,2393
2258,10010110011,嘉義縣,鹿草鄉,松竹村,Songzhu Vil.,Q,10010,Q11,10010110,,2394
2259,10010110012,嘉義縣,鹿草鄉,竹山村,Zhushan Vil.,Q,10010,Q11,10010110,,2395
2260,10010110013,嘉義縣,鹿草鄉,後堀村,Houku Vil.,Q,10010,Q11,10010110,,2396
2261,10010110014,嘉義縣,鹿草鄉,三角村,Sanjiao Vil.,Q,10010,Q11,10010110,,2397
2262,10010110015,嘉義縣,鹿草鄉,下麻村,Xiama Vil.,Q,10010,Q11,10010110,,2398
2263,10010120001,嘉義縣,水上鄉,水上村,Shuishang Vil.,Q,10010,Q13,10010120,,2399
2264,10010120002,嘉義縣,水上鄉,水頭村,Shuitou Vil.,Q,10010,Q13,10010120,,2400
2265,10010120003,嘉義縣,水上鄉,大堀村,Daku Vil.,Q,10010,Q13,10010120,,2401
2266,10010120004,嘉義縣,水上鄉,大崙村,Dalun Vil.,Q,10010,Q13,10010120,,2402
2267,10010120005,嘉義縣,水上鄉,塗溝村,Tugou Vil.,Q,10010,Q13,10010120,,2403
2268,10010120006,嘉義縣,水上鄉,粗溪村,Cuxi Vil.,Q,10010,Q13,10010120,,2404
2269,10010120007,嘉義縣,水上鄉,下寮村,Xialiao Vil.,Q,10010,Q13,10010120,,2405
2270,10010120008,嘉義縣,水上鄉,三和村,Sanhe Vil.,Q,10010,Q13,10010120,,2406
2271,10010120009,嘉義縣,水上鄉,回歸村,Huigui Vil.,Q,10010,Q13,10010120,,2407
2272,10010120010,嘉義縣,水上鄉,三鎮村,Sanzhen Vil.,Q,10010,Q13,10010120,,2408
2273,10010120011,嘉義縣,水上鄉,靖和村,Jinghe Vil.,Q,10010,Q13,10010120,,2409
2274,10010120012,嘉義縣,水上鄉,南和村,Nanhe Vil.,Q,10010,Q13,10010120,,2410
2275,10010120013,嘉義縣,水上鄉,龍德村,Longde Vil.,Q,10010,Q13,10010120,,2411
2276,10010120014,嘉義縣,水上鄉,溪洲村,Xizhou Vil.,Q,10010,Q13,10010120,,2412
2277,10010120015,嘉義縣,水上鄉,柳林村,Liulin Vil.,Q,10010,Q13,10010120,,2413
2278,10010120016,嘉義縣,水上鄉,柳鄉村,Liuxiang Vil.,Q,10010,Q13,10010120,,2414
2279,10010120017,嘉義縣,水上鄉,柳新村,Liuxin Vil.,Q,10010,Q13,10010120,,2415
2280,10010120018,嘉義縣,水上鄉,寬士村,Kuanshi Vil.,Q,10010,Q13,10010120,,2416
2281,10010120019,嘉義縣,水上鄉,民生村,Minsheng Vil.,Q,10010,Q13,10010120,,2417
2282,10010120020,嘉義縣,水上鄉,忠和村,Zhonghe Vil.,Q,10010,Q13,10010120,,2418
2283,10010120021,嘉義縣,水上鄉,中庄村,Zhongzhuang Vil.,Q,10010,Q13,10010120,,2419
2284,10010120022,嘉義縣,水上鄉,南鄉村,Nanxiang Vil.,Q,10010,Q13,10010120,,2420
2285,10010120023,嘉義縣,水上鄉,三界村,Sanjie Vil.,Q,10010,Q13,10010120,,2421
2286,10010120024,嘉義縣,水上鄉,國姓村,Guoxing Vil.,Q,10010,Q13,10010120,,2422
2287,10010120025,嘉義縣,水上鄉,內溪村,Neixi Vil.,Q,10010,Q13,10010120,,2423
2288,10010120026,嘉義縣,水上鄉,義興村,Yixing Vil.,Q,10010,Q13,10010120,,2424
2289,10010130001,嘉義縣,中埔鄉,中埔村,Zhongpu Vil.,Q,10010,Q14,10010130,,2425
2290,10010130002,嘉義縣,中埔鄉,塩舘村,Yanguan Vil.,Q,10010,Q14,10010130,,2426
2291,10010130003,嘉義縣,中埔鄉,龍門村,Longmen Vil.,Q,10010,Q14,10010130,,2427
2292,10010130004,嘉義縣,中埔鄉,裕民村,Yumin Vil.,Q,10010,Q14,10010130,,2428
2293,10010130005,嘉義縣,中埔鄉,金蘭村,Jinlan Vil.,Q,10010,Q14,10010130,,2429
2294,10010130006,嘉義縣,中埔鄉,富收村,Fushou Vil.,Q,10010,Q14,10010130,,2430
2295,10010130007,嘉義縣,中埔鄉,和睦村,Hemu Vil.,Q,10010,Q14,10010130,,2431
2296,10010130008,嘉義縣,中埔鄉,和美村,Hemei Vil.,Q,10010,Q14,10010130,,2432
2297,10010130009,嘉義縣,中埔鄉,和興村,Hexing Vil.,Q,10010,Q14,10010130,,2433
2298,10010130010,嘉義縣,中埔鄉,隆興村,Longxing Vil.,Q,10010,Q14,10010130,,2434
2299,10010130011,嘉義縣,中埔鄉,義仁村,Yiren Vil.,Q,10010,Q14,10010130,,2435
2300,10010130012,嘉義縣,中埔鄉,社口村,Shekou Vil.,Q,10010,Q14,10010130,,2436
2301,10010130013,嘉義縣,中埔鄉,灣潭村,Wantan Vil.,Q,10010,Q14,10010130,,2437
2302,10010130014,嘉義縣,中埔鄉,石硦村,Shilong Vil.,Q,10010,Q14,10010130,,2438
2303,10010130015,嘉義縣,中埔鄉,頂埔村,Dingpu Vil.,Q,10010,Q14,10010130,,2439
2304,10010130016,嘉義縣,中埔鄉,同仁村,Tongren Vil.,Q,10010,Q14,10010130,,2440
2305,10010130017,嘉義縣,中埔鄉,瑞豐村,Ruifeng Vil.,Q,10010,Q14,10010130,,2441
2306,10010130018,嘉義縣,中埔鄉,沄水村,Yunshui Vil.,Q,10010,Q14,10010130,,2442
2307,10010130019,嘉義縣,中埔鄉,三層村,Sanceng Vil.,Q,10010,Q14,10010130,,2443
2308,10010130020,嘉義縣,中埔鄉,深坑村,Shenkeng Vil.,Q,10010,Q14,10010130,,2444
2309,10010130021,嘉義縣,中埔鄉,東興村,Dongxing Vil.,Q,10010,Q14,10010130,,2445
2310,10010130022,嘉義縣,中埔鄉,中崙村,Zhonglun Vil.,Q,10010,Q14,10010130,,2446
2311,10010140001,嘉義縣,竹崎鄉,竹崎村,Zhuqi Vil.,Q,10010,Q15,10010140,,2447
2312,10010140002,嘉義縣,竹崎鄉,和平村,Heping Vil.,Q,10010,Q15,10010140,,2448
2313,10010140003,嘉義縣,竹崎鄉,坑頭村,Kengtou Vil.,Q,10010,Q15,10010140,,2449
2314,10010140004,嘉義縣,竹崎鄉,沙坑村,Shakeng Vil.,Q,10010,Q15,10010140,,2450
2315,10010140005,嘉義縣,竹崎鄉,獅埜村,Shiye Vil.,Q,10010,Q15,10010140,,2451
2316,10010140006,嘉義縣,竹崎鄉,義和村,Yihe Vil.,Q,10010,Q15,10010140,,2452
2317,10010140007,嘉義縣,竹崎鄉,義仁村,Yiren Vil.,Q,10010,Q15,10010140,,2453
2318,10010140008,嘉義縣,竹崎鄉,灣橋村,Wanqiao Vil.,Q,10010,Q15,10010140,,2454
2319,10010140009,嘉義縣,竹崎鄉,鹿滿村,Luman Vil.,Q,10010,Q15,10010140,,2455
2320,10010140010,嘉義縣,竹崎鄉,紫雲村,Ziyun Vil.,Q,10010,Q15,10010140,,2456
2321,10010140011,嘉義縣,竹崎鄉,內埔村,Neipu Vil.,Q,10010,Q15,10010140,,2457
2322,10010140012,嘉義縣,竹崎鄉,昇平村,Shengping Vil.,Q,10010,Q15,10010140,,2458
2323,10010140013,嘉義縣,竹崎鄉,白杞村,Baiqi Vil.,Q,10010,Q15,10010140,,2459
2324,10010140014,嘉義縣,竹崎鄉,桃源村,Taoyuan Vil.,Q,10010,Q15,10010140,,2460
2325,10010140015,嘉義縣,竹崎鄉,塘興村,Tangxing Vil.,Q,10010,Q15,10010140,,2461
2326,10010140016,嘉義縣,竹崎鄉,義隆村,Yilong Vil.,Q,10010,Q15,10010140,,2462
2327,10010140017,嘉義縣,竹崎鄉,龍山村,Longshan Vil.,Q,10010,Q15,10010140,,2463
2328,10010140018,嘉義縣,竹崎鄉,文峯村,Wenfeng Vil.,Q,10010,Q15,10010140,,2464
2329,10010140019,嘉義縣,竹崎鄉,金獅村,Jinshi Vil.,Q,10010,Q15,10010140,,2465
2330,10010140020,嘉義縣,竹崎鄉,復金村,Fujin Vil.,Q,10010,Q15,10010140,,2466
2331,10010140021,嘉義縣,竹崎鄉,緞繻村,Duanxu Vil.,Q,10010,Q15,10010140,,2467
2332,10010140022,嘉義縣,竹崎鄉,仁壽村,Renshou Vil.,Q,10010,Q15,10010140,,2468
2333,10010140023,嘉義縣,竹崎鄉,中和村,Zhonghe Vil.,Q,10010,Q15,10010140,,2469
2334,10010140024,嘉義縣,竹崎鄉,光華村,Guanghua Vil.,Q,10010,Q15,10010140,,2470
2335,10010150001,嘉義縣,梅山鄉,梅東村,Meidong Vil.,Q,10010,Q16,10010150,,2471
2336,10010150002,嘉義縣,梅山鄉,梅南村,Meinan Vil.,Q,10010,Q16,10010150,,2472
2337,10010150003,嘉義縣,梅山鄉,過山村,Guoshan Vil.,Q,10010,Q16,10010150,,2473
2338,10010150004,嘉義縣,梅山鄉,梅北村,Meibei Vil.,Q,10010,Q16,10010150,,2474
2339,10010150005,嘉義縣,梅山鄉,圳南村,Zunnan Vil.,Q,10010,Q16,10010150,,2475
2340,10010150006,嘉義縣,梅山鄉,永興村,Yongxing Vil.,Q,10010,Q16,10010150,,2476
2341,10010150007,嘉義縣,梅山鄉,半天村,Bantian Vil.,Q,10010,Q16,10010150,,2477
2342,10010150008,嘉義縣,梅山鄉,圳北村,Zunbei Vil.,Q,10010,Q16,10010150,,2478
2343,10010150009,嘉義縣,梅山鄉,大南村,Danan Vil.,Q,10010,Q16,10010150,,2479
2344,10010150010,嘉義縣,梅山鄉,双溪村,Shuangxi Vil.,Q,10010,Q16,10010150,,2480
2345,10010150011,嘉義縣,梅山鄉,安靖村,Anjing Vil.,Q,10010,Q16,10010150,,2481
2346,10010150012,嘉義縣,梅山鄉,太平村,Taiping Vil.,Q,10010,Q16,10010150,,2482
2347,10010150013,嘉義縣,梅山鄉,碧湖村,Bihu Vil.,Q,10010,Q16,10010150,,2483
2348,10010150014,嘉義縣,梅山鄉,太興村,Taixing Vil.,Q,10010,Q16,10010150,,2484
2349,10010150015,嘉義縣,梅山鄉,瑞峯村,Ruifeng Vil.,Q,10010,Q16,10010150,,2485
2350,10010150016,嘉義縣,梅山鄉,瑞里村,Ruili Vil.,Q,10010,Q16,10010150,,2486
2351,10010150017,嘉義縣,梅山鄉,太和村,Taihe Vil.,Q,10010,Q16,10010150,,2487
2352,10010150018,嘉義縣,梅山鄉,龍眼村,Longyan Vil.,Q,10010,Q16,10010150,,2488
2353,10010160001,嘉義縣,番路鄉,江西村,Jiangxi Vil.,Q,10010,Q17,10010160,,2489
2354,10010160002,嘉義縣,番路鄉,內甕村,Neiweng Vil.,Q,10010,Q17,10010160,,2490
2355,10010160003,嘉義縣,番路鄉,新福村,Xinfu Vil.,Q,10010,Q17,10010160,,2491
2356,10010160004,嘉義縣,番路鄉,下坑村,Xiakeng Vil.,Q,10010,Q17,10010160,,2492
2357,10010160005,嘉義縣,番路鄉,番路村,Fanlu Vil.,Q,10010,Q17,10010160,,2493
2358,10010160006,嘉義縣,番路鄉,民和村,Minhe Vil.,Q,10010,Q17,10010160,,2494
2359,10010160007,嘉義縣,番路鄉,觸口村,Chukou Vil.,Q,10010,Q17,10010160,,2495
2360,10010160008,嘉義縣,番路鄉,大湖村,Dahu Vil.,Q,10010,Q17,10010160,,2496
2361,10010160009,嘉義縣,番路鄉,公田村,Gongtian Vil.,Q,10010,Q17,10010160,,2497
2362,10010160010,嘉義縣,番路鄉,公興村,Gongxing Vil.,Q,10010,Q17,10010160,,2498
2363,10010160011,嘉義縣,番路鄉,草山村,Caoshan Vil.,Q,10010,Q17,10010160,,2499
2364,10010170001,嘉義縣,大埔鄉,大埔村,Dapu Vil.,Q,10010,Q18,10010170,,2500
2365,10010170002,嘉義縣,大埔鄉,和平村,Heping Vil.,Q,10010,Q18,10010170,,2501
2366,10010170003,嘉義縣,大埔鄉,永樂村,Yongle Vil.,Q,10010,Q18,10010170,,2502
2367,10010170004,嘉義縣,大埔鄉,茄苳村,Jiadong Vil.,Q,10010,Q18,10010170,,2503
2368,10010170005,嘉義縣,大埔鄉,西興村,Xixing Vil.,Q,10010,Q18,10010170,,2504
2369,10010180001,嘉義縣,阿里山鄉,中山村,Zhongshan Vil.,Q,10010,Q20,10010180,,2505
2370,10010180002,嘉義縣,阿里山鄉,中正村,Zhongzheng Vil.,Q,10010,Q20,10010180,,2506
2371,10010180003,嘉義縣,阿里山鄉,香林村,Xianglin Vil.,Q,10010,Q20,10010180,,2507
2372,10010180004,嘉義縣,阿里山鄉,十字村,Shizi Vil.,Q,10010,Q20,10010180,,2508
2373,10010180005,嘉義縣,阿里山鄉,來吉村,Laiji Vil.,Q,10010,Q20,10010180,,2509
2374,10010180006,嘉義縣,阿里山鄉,豐山村,Fengshan Vil.,Q,10010,Q20,10010180,,2510
2375,10010180007,嘉義縣,阿里山鄉,達邦村,Dabang Vil.,Q,10010,Q20,10010180,,2511
2376,10010180008,嘉義縣,阿里山鄉,樂野村,Leye Vil.,Q,10010,Q20,10010180,,2512
2377,10010180009,嘉義縣,阿里山鄉,里佳村,Lijia Vil.,Q,10010,Q20,10010180,,2513
2378,10010180010,嘉義縣,阿里山鄉,山美村,Shanmei Vil.,Q,10010,Q20,10010180,,2514
2379,10010180011,嘉義縣,阿里山鄉,新美村,Xinmei Vil.,Q,10010,Q20,10010180,,2515
2380,10010180012,嘉義縣,阿里山鄉,茶山村,Chashan Vil.,Q,10010,Q20,10010180,,2516
2381,10013010001,屏東縣,屏東市,光榮里,Guangrong Vil.,T,10013,T01,10013010,,2517
2382,10013010004,屏東縣,屏東市,大同里,Datong Vil.,T,10013,T01,10013010,,2518
2383,10013010008,屏東縣,屏東市,大埔里,Dapu Vil.,T,10013,T01,10013010,,2519
2384,10013010012,屏東縣,屏東市,維新里,Weixin Vil.,T,10013,T01,10013010,,2520
2385,10013010015,屏東縣,屏東市,楠樹里,Nanshu Vil.,T,10013,T01,10013010,,2521
2386,10013010018,屏東縣,屏東市,金泉里,Jinquan Vil.,T,10013,T01,10013010,,2522
2387,10013010020,屏東縣,屏東市,橋南里,Qiaonan Vil.,T,10013,T01,10013010,,2523
2388,10013010021,屏東縣,屏東市,橋北里,Qiaobei Vil.,T,10013,T01,10013010,,2524
2389,10013010022,屏東縣,屏東市,長春里,Changchun Vil.,T,10013,T01,10013010,,2525
2390,10013010023,屏東縣,屏東市,豐榮里,Fengrong Vil.,T,10013,T01,10013010,,2526
2391,10013010024,屏東縣,屏東市,豐源里,Fengyuan Vil.,T,10013,T01,10013010,,2527
2392,10013010025,屏東縣,屏東市,豐田里,Fengtian Vil.,T,10013,T01,10013010,,2528
2393,10013010026,屏東縣,屏東市,大連里,Dalian Vil.,T,10013,T01,10013010,,2529
2394,10013010027,屏東縣,屏東市,湖西里,Huxi Vil.,T,10013,T01,10013010,,2530
2395,10013010028,屏東縣,屏東市,湖南里,Hunan Vil.,T,10013,T01,10013010,,2531
2396,10013010029,屏東縣,屏東市,歸心里,Guixin Vil.,T,10013,T01,10013010,,2532
2397,10013010030,屏東縣,屏東市,瑞光里,Ruiguang Vil.,T,10013,T01,10013010,,2533
2398,10013010031,屏東縣,屏東市,新生里,Xinsheng Vil.,T,10013,T01,10013010,,2534
2399,10013010032,屏東縣,屏東市,頂宅里,Dingzhai Vil.,T,10013,T01,10013010,,2535
2400,10013010033,屏東縣,屏東市,厚生里,Housheng Vil.,T,10013,T01,10013010,,2536
2401,10013010035,屏東縣,屏東市,建國里,Jianguo Vil.,T,10013,T01,10013010,,2537
2402,10013010036,屏東縣,屏東市,一心里,Yixin Vil.,T,10013,T01,10013010,,2538
2403,10013010038,屏東縣,屏東市,義勇里,Yiyong Vil.,T,10013,T01,10013010,,2539
2404,10013010040,屏東縣,屏東市,永安里,Yong'an Vil.,T,10013,T01,10013010,,2540
2405,10013010041,屏東縣,屏東市,新興里,Xinxing Vil.,T,10013,T01,10013010,,2541
2406,10013010042,屏東縣,屏東市,公館里,Gongguan Vil.,T,10013,T01,10013010,,2542
2407,10013010043,屏東縣,屏東市,龍華里,Longhua Vil.,T,10013,T01,10013010,,2543
2408,10013010044,屏東縣,屏東市,玉成里,Yucheng Vil.,T,10013,T01,10013010,,2544
2409,10013010045,屏東縣,屏東市,頂柳里,Dingliu Vil.,T,10013,T01,10013010,,2545
2410,10013010046,屏東縣,屏東市,大湖里,Dahu Vil.,T,10013,T01,10013010,,2546
2411,10013010049,屏東縣,屏東市,安鎮里,Anzhen Vil.,T,10013,T01,10013010,,2547
2412,10013010050,屏東縣,屏東市,永光里,Yongguang Vil.,T,10013,T01,10013010,,2548
2413,10013010051,屏東縣,屏東市,大洲里,Dazhou Vil.,T,10013,T01,10013010,,2549
2414,10013010053,屏東縣,屏東市,大武里,Dawu Vil.,T,10013,T01,10013010,,2550
2415,10013010054,屏東縣,屏東市,前進里,Qianjin Vil.,T,10013,T01,10013010,,2551
2416,10013010055,屏東縣,屏東市,清溪里,Qingxi Vil.,T,10013,T01,10013010,,2552
2417,10013010056,屏東縣,屏東市,長安里,Chang'an Vil.,T,10013,T01,10013010,,2553
2418,10013010059,屏東縣,屏東市,斯文里,Siwen Vil.,T,10013,T01,10013010,,2554
2419,10013010060,屏東縣,屏東市,華山里,Huashan Vil.,T,10013,T01,10013010,,2555
2420,10013010064,屏東縣,屏東市,中正里,Zhongzheng Vil.,T,10013,T01,10013010,,2556
2421,10013010065,屏東縣,屏東市,勝利里,Shengli Vil.,T,10013,T01,10013010,,2557
2422,10013010066,屏東縣,屏東市,永城里,Yongcheng Vil.,T,10013,T01,10013010,,2558
2423,10013010067,屏東縣,屏東市,溝美里,Goumei Vil.,T,10013,T01,10013010,,2559
2424,10013010068,屏東縣,屏東市,北勢里,Beishi Vil.,T,10013,T01,10013010,,2560
2425,10013010069,屏東縣,屏東市,北興里,Beixing Vil.,T,10013,T01,10013010,,2561
2426,10013010070,屏東縣,屏東市,仁愛里,Ren'ai Vil.,T,10013,T01,10013010,,2562
2427,10013010071,屏東縣,屏東市,廣興里,Guangxing Vil.,T,10013,T01,10013010,,2563
2428,10013010073,屏東縣,屏東市,崇蘭里,Chonglan Vil.,T,10013,T01,10013010,,2564
2429,10013010074,屏東縣,屏東市,空翔里,Kongxiang Vil.,T,10013,T01,10013010,,2565
2430,10013010075,屏東縣,屏東市,潭墘里,Tanqian Vil.,T,10013,T01,10013010,,2566
2431,10013010076,屏東縣,屏東市,三山里,Sanshan Vil.,T,10013,T01,10013010,,2567
2432,10013010077,屏東縣,屏東市,海豐里,Haifeng Vil.,T,10013,T01,10013010,,2568
2433,10013010078,屏東縣,屏東市,仁義里,Renyi Vil.,T,10013,T01,10013010,,2569
2434,10013010079,屏東縣,屏東市,和興里,Hexing Vil.,T,10013,T01,10013010,,2570
2435,10013010080,屏東縣,屏東市,信和里,Xinhe Vil.,T,10013,T01,10013010,,2571
2436,10013010081,屏東縣,屏東市,崇武里,Chongwu Vil.,T,10013,T01,10013010,,2572
2437,10013010082,屏東縣,屏東市,豐年里,Fengnian Vil.,T,10013,T01,10013010,,2573
2438,10013010083,屏東縣,屏東市,崇陽里,Chongyang Vil.,T,10013,T01,10013010,,2574
2439,10013010084,屏東縣,屏東市,公園里,Gongyuan Vil.,T,10013,T01,10013010,,2575
2440,10013020001,屏東縣,潮州鎮,潮州里,Chaozhou Vil.,T,10013,T02,10013020,,2576
2441,10013020002,屏東縣,潮州鎮,同榮里,Tongrong Vil.,T,10013,T02,10013020,,2577
2442,10013020003,屏東縣,潮州鎮,新榮里,Xinrong Vil.,T,10013,T02,10013020,,2578
2443,10013020004,屏東縣,潮州鎮,新生里,Xinsheng Vil.,T,10013,T02,10013020,,2579
2444,10013020005,屏東縣,潮州鎮,光華里,Guanghua Vil.,T,10013,T02,10013020,,2580
2445,10013020006,屏東縣,潮州鎮,彭城里,Pengcheng Vil.,T,10013,T02,10013020,,2581
2446,10013020007,屏東縣,潮州鎮,三星里,Sanxing Vil.,T,10013,T02,10013020,,2582
2447,10013020008,屏東縣,潮州鎮,三共里,Sangong Vil.,T,10013,T02,10013020,,2583
2448,10013020009,屏東縣,潮州鎮,三和里,Sanhe Vil.,T,10013,T02,10013020,,2584
2449,10013020010,屏東縣,潮州鎮,五魁里,Wukui Vil.,T,10013,T02,10013020,,2585
2450,10013020011,屏東縣,潮州鎮,蓬萊里,Penglai Vil.,T,10013,T02,10013020,,2586
2451,10013020012,屏東縣,潮州鎮,八爺里,Baye Vil.,T,10013,T02,10013020,,2587
2452,10013020013,屏東縣,潮州鎮,永春里,Yongchun Vil.,T,10013,T02,10013020,,2588
2453,10013020014,屏東縣,潮州鎮,富春里,Fuchun Vil.,T,10013,T02,10013020,,2589
2454,10013020015,屏東縣,潮州鎮,光春里,Guangchun Vil.,T,10013,T02,10013020,,2590
2455,10013020016,屏東縣,潮州鎮,興美里,Xingmei Vil.,T,10013,T02,10013020,,2591
2456,10013020017,屏東縣,潮州鎮,檨子里,Shezi Vil.,T,10013,T02,10013020,,2592
2457,10013020018,屏東縣,潮州鎮,九塊里,Jiukuai Vil.,T,10013,T02,10013020,,2593
2458,10013020019,屏東縣,潮州鎮,泗林里,Silin Vil.,T,10013,T02,10013020,,2594
2459,10013020020,屏東縣,潮州鎮,四春里,Sichun Vil.,T,10013,T02,10013020,,2595
2460,10013020021,屏東縣,潮州鎮,崙東里,Lundong Vil.,T,10013,T02,10013020,,2596
2461,10013030001,屏東縣,東港鎮,新勝里,Xinsheng Vil.,T,10013,T03,10013030,,2597
2462,10013030003,屏東縣,東港鎮,頂中里,Dingzhong Vil.,T,10013,T03,10013030,,2598
2463,10013030007,屏東縣,東港鎮,朝安里,Zhao'an Vil.,T,10013,T03,10013030,,2599
2464,10013030009,屏東縣,東港鎮,東隆里,Donglong Vil.,T,10013,T03,10013030,,2600
2465,10013030010,屏東縣,東港鎮,豐漁里,Fengyu Vil.,T,10013,T03,10013030,,2601
2466,10013030011,屏東縣,東港鎮,盛漁里,Chengyu Vil.,T,10013,T03,10013030,,2602
2467,10013030012,屏東縣,東港鎮,興漁里,Xingyu Vil.,T,10013,T03,10013030,,2603
2468,10013030013,屏東縣,東港鎮,鎮海里,Zhenhai Vil.,T,10013,T03,10013030,,2604
2469,10013030014,屏東縣,東港鎮,嘉蓮里,Jialian Vil.,T,10013,T03,10013030,,2605
2470,10013030015,屏東縣,東港鎮,南平里,Nanping Vil.,T,10013,T03,10013030,,2606
2471,10013030016,屏東縣,東港鎮,船頭里,Chuantou Vil.,T,10013,T03,10013030,,2607
2472,10013030017,屏東縣,東港鎮,下廍里,Xiabu Vil.,T,10013,T03,10013030,,2608
2473,10013030018,屏東縣,東港鎮,大潭里,Datan Vil.,T,10013,T03,10013030,,2609
2474,10013030020,屏東縣,東港鎮,興農里,Xingnong Vil.,T,10013,T03,10013030,,2610
2475,10013030021,屏東縣,東港鎮,興和里,Xinghe Vil.,T,10013,T03,10013030,,2611
2476,10013030022,屏東縣,東港鎮,共和里,Gonghe Vil.,T,10013,T03,10013030,,2612
2477,10013030023,屏東縣,東港鎮,福德里,Fude Vil.,T,10013,T03,10013030,,2613
2478,10013030024,屏東縣,東港鎮,東津里,Dongjin Vil.,T,10013,T03,10013030,,2614
2479,10013030025,屏東縣,東港鎮,內關帝里,Neiguandi Vil.,T,10013,T03,10013030,,2615
2480,10013030026,屏東縣,東港鎮,東新里,Dongxin Vil.,T,10013,T03,10013030,,2616
2481,10013030027,屏東縣,東港鎮,新街里,Xinjie Vil.,T,10013,T03,10013030,,2617
2482,10013030028,屏東縣,東港鎮,東光里,Dongguang Vil.,T,10013,T03,10013030,,2618
2483,10013030S01,屏東縣,東港鎮,,,T,10013,T03,10013030,未編定村里,2619
2484,10013040001,屏東縣,恆春鎮,城南里,Chengnan Vil.,T,10013,T04,10013040,,2620
2485,10013040002,屏東縣,恆春鎮,城北里,Chengbei Vil.,T,10013,T04,10013040,,2621
2486,10013040003,屏東縣,恆春鎮,城西里,Chengxi Vil.,T,10013,T04,10013040,,2622
2487,10013040004,屏東縣,恆春鎮,山腳里,Shanjiao Vil.,T,10013,T04,10013040,,2623
2488,10013040005,屏東縣,恆春鎮,網紗里,Wangsha Vil.,T,10013,T04,10013040,,2624
2489,10013040006,屏東縣,恆春鎮,仁壽里,Renshou Vil.,T,10013,T04,10013040,,2625
2490,10013040007,屏東縣,恆春鎮,茄湖里,Jiahu Vil.,T,10013,T04,10013040,,2626
2491,10013040008,屏東縣,恆春鎮,頭溝里,Tougou Vil.,T,10013,T04,10013040,,2627
2492,10013040009,屏東縣,恆春鎮,四溝里,Sigou Vil.,T,10013,T04,10013040,,2628
2493,10013040010,屏東縣,恆春鎮,德和里,Dehe Vil.,T,10013,T04,10013040,,2629
2494,10013040011,屏東縣,恆春鎮,龍水里,Longshui Vil.,T,10013,T04,10013040,,2630
2495,10013040012,屏東縣,恆春鎮,山海里,Shanhai Vil.,T,10013,T04,10013040,,2631
2496,10013040013,屏東縣,恆春鎮,大光里,Daguang Vil.,T,10013,T04,10013040,,2632
2497,10013040014,屏東縣,恆春鎮,水泉里,Shuiquan Vil.,T,10013,T04,10013040,,2633
2498,10013040015,屏東縣,恆春鎮,南灣里,Nanwan Vil.,T,10013,T04,10013040,,2634
2499,10013040016,屏東縣,恆春鎮,墾丁里,Kending Vil.,T,10013,T04,10013040,,2635
2500,10013040017,屏東縣,恆春鎮,鵝鑾里,Eluan Vil.,T,10013,T04,10013040,,2636
2501,10013040I01,屏東縣,恆春鎮,,,T,10013,T04,10013040,未編定村里,2637
2502,10013050001,屏東縣,萬丹鄉,萬安村,Wan'an Vil.,T,10013,T05,10013050,,2638
2503,10013050002,屏東縣,萬丹鄉,萬惠村,Wanhui Vil.,T,10013,T05,10013050,,2639
2504,10013050003,屏東縣,萬丹鄉,萬全村,Wanquan Vil.,T,10013,T05,10013050,,2640
2505,10013050004,屏東縣,萬丹鄉,萬後村,Wanhou Vil.,T,10013,T05,10013050,,2641
2506,10013050005,屏東縣,萬丹鄉,萬生村,Wansheng Vil.,T,10013,T05,10013050,,2642
2507,10013050006,屏東縣,萬丹鄉,寶厝村,Baocuo Vil.,T,10013,T05,10013050,,2643
2508,10013050007,屏東縣,萬丹鄉,四維村,Siwei Vil.,T,10013,T05,10013050,,2644
2509,10013050008,屏東縣,萬丹鄉,竹林村,Zhulin Vil.,T,10013,T05,10013050,,2645
2510,10013050009,屏東縣,萬丹鄉,廣安村,Guang'an Vil.,T,10013,T05,10013050,,2646
2511,10013050010,屏東縣,萬丹鄉,田厝村,Tiancuo Vil.,T,10013,T05,10013050,,2647
2512,10013050011,屏東縣,萬丹鄉,崙頂村,Lunding Vil.,T,10013,T05,10013050,,2648
2513,10013050012,屏東縣,萬丹鄉,厦北村,Xiabei Vil.,T,10013,T05,10013050,,2649
2514,10013050013,屏東縣,萬丹鄉,厦南村,Xianan Vil.,T,10013,T05,10013050,,2650
2515,10013050014,屏東縣,萬丹鄉,上村村,Shangcun Vil.,T,10013,T05,10013050,,2651
2516,10013050015,屏東縣,萬丹鄉,加興村,Jiaxing Vil.,T,10013,T05,10013050,,2652
2517,10013050016,屏東縣,萬丹鄉,社口村,Shekou Vil.,T,10013,T05,10013050,,2653
2518,10013050017,屏東縣,萬丹鄉,磚寮村,Zhuanliao Vil.,T,10013,T05,10013050,,2654
2519,10013050018,屏東縣,萬丹鄉,社皮村,Shepi Vil.,T,10013,T05,10013050,,2655
2520,10013050019,屏東縣,萬丹鄉,社上村,Sheshang Vil.,T,10013,T05,10013050,,2656
2521,10013050020,屏東縣,萬丹鄉,社中村,Shezhong Vil.,T,10013,T05,10013050,,2657
2522,10013050021,屏東縣,萬丹鄉,水泉村,Shuiquan Vil.,T,10013,T05,10013050,,2658
2523,10013050022,屏東縣,萬丹鄉,新庄村,Xinzhuang Vil.,T,10013,T05,10013050,,2659
2524,10013050023,屏東縣,萬丹鄉,香社村,Xiangshe Vil.,T,10013,T05,10013050,,2660
2525,10013050024,屏東縣,萬丹鄉,後村村,Houcun Vil.,T,10013,T05,10013050,,2661
2526,10013050025,屏東縣,萬丹鄉,新鐘村,Xinzhong Vil.,T,10013,T05,10013050,,2662
2527,10013050026,屏東縣,萬丹鄉,灣內村,Wannei Vil.,T,10013,T05,10013050,,2663
2528,10013050027,屏東縣,萬丹鄉,興全村,Xingquan Vil.,T,10013,T05,10013050,,2664
2529,10013050028,屏東縣,萬丹鄉,興安村,Xing'an Vil.,T,10013,T05,10013050,,2665
2530,10013050029,屏東縣,萬丹鄉,水仙村,Shuixian Vil.,T,10013,T05,10013050,,2666
2531,10013050030,屏東縣,萬丹鄉,甘棠村,Gantang Vil.,T,10013,T05,10013050,,2667
2532,10013060001,屏東縣,長治鄉,進興村,Jinxing Vil.,T,10013,T06,10013060,,2668
2533,10013060002,屏東縣,長治鄉,新潭村,Xintan Vil.,T,10013,T06,10013060,,2669
2534,10013060003,屏東縣,長治鄉,潭頭村,Tantou Vil.,T,10013,T06,10013060,,2670
2535,10013060004,屏東縣,長治鄉,香楊村,Xiangyang Vil.,T,10013,T06,10013060,,2671
2536,10013060005,屏東縣,長治鄉,長興村,Changxing Vil.,T,10013,T06,10013060,,2672
2537,10013060006,屏東縣,長治鄉,德成村,Decheng Vil.,T,10013,T06,10013060,,2673
2538,10013060007,屏東縣,長治鄉,德協村,Dexie Vil.,T,10013,T06,10013060,,2674
2539,10013060008,屏東縣,長治鄉,復興村,Fuxing Vil.,T,10013,T06,10013060,,2675
2540,10013060009,屏東縣,長治鄉,崙上村,Lunshang Vil.,T,10013,T06,10013060,,2676
2541,10013060010,屏東縣,長治鄉,德榮村,Derong Vil.,T,10013,T06,10013060,,2677
2542,10013060011,屏東縣,長治鄉,德和村,Dehe Vil.,T,10013,T06,10013060,,2678
2543,10013060012,屏東縣,長治鄉,繁華村,Fanhua Vil.,T,10013,T06,10013060,,2679
2544,10013060013,屏東縣,長治鄉,繁昌村,Fanchang Vil.,T,10013,T06,10013060,,2680
2545,10013060014,屏東縣,長治鄉,繁榮村,Fanrong Vil.,T,10013,T06,10013060,,2681
2546,10013060015,屏東縣,長治鄉,繁隆村,Fanlong Vil.,T,10013,T06,10013060,,2682
2547,10013060016,屏東縣,長治鄉,榮華村,Ronghua Vil.,T,10013,T06,10013060,,2683
2548,10013070001,屏東縣,麟洛鄉,新田村,Xintian Vil.,T,10013,T07,10013070,,2684
2549,10013070002,屏東縣,麟洛鄉,麟頂村,Linding Vil.,T,10013,T07,10013070,,2685
2550,10013070003,屏東縣,麟洛鄉,麟蹄村,Linti Vil.,T,10013,T07,10013070,,2686
2551,10013070004,屏東縣,麟洛鄉,麟趾村,Linzhi Vil.,T,10013,T07,10013070,,2687
2552,10013070005,屏東縣,麟洛鄉,田中村,Tianzhong Vil.,T,10013,T07,10013070,,2688
2553,10013070006,屏東縣,麟洛鄉,田心村,Tianxin Vil.,T,10013,T07,10013070,,2689
2554,10013070007,屏東縣,麟洛鄉,田道村,Tiandao Vil.,T,10013,T07,10013070,,2690
2555,10013080001,屏東縣,九如鄉,九清村,Jiuqing Vil.,T,10013,T08,10013080,,2691
2556,10013080002,屏東縣,九如鄉,九塊村,Jiukuai Vil.,T,10013,T08,10013080,,2692
2557,10013080003,屏東縣,九如鄉,九明村,Jiuming Vil.,T,10013,T08,10013080,,2693
2558,10013080004,屏東縣,九如鄉,玉水村,Yushui Vil.,T,10013,T08,10013080,,2694
2559,10013080005,屏東縣,九如鄉,大坵村,Daqiu Vil.,T,10013,T08,10013080,,2695
2560,10013080006,屏東縣,九如鄉,三塊村,Sankuai Vil.,T,10013,T08,10013080,,2696
2561,10013080007,屏東縣,九如鄉,後庄村,Houzhuang Vil.,T,10013,T08,10013080,,2697
2562,10013080008,屏東縣,九如鄉,耆老村,Qilao Vil.,T,10013,T08,10013080,,2698
2563,10013080009,屏東縣,九如鄉,洽興村,Qiaxing Vil.,T,10013,T08,10013080,,2699
2564,10013080010,屏東縣,九如鄉,東寧村,Dongning Vil.,T,10013,T08,10013080,,2700
2565,10013080011,屏東縣,九如鄉,玉泉村,Yuquan Vil.,T,10013,T08,10013080,,2701
2566,10013090001,屏東縣,里港鄉,玉田村,Yutian Vil.,T,10013,T09,10013090,,2702
2567,10013090002,屏東縣,里港鄉,大平村,Daping Vil.,T,10013,T09,10013090,,2703
2568,10013090003,屏東縣,里港鄉,永春村,Yongchun Vil.,T,10013,T09,10013090,,2704
2569,10013090004,屏東縣,里港鄉,春林村,Chunlin Vil.,T,10013,T09,10013090,,2705
2570,10013090005,屏東縣,里港鄉,過江村,Guojiang Vil.,T,10013,T09,10013090,,2706
2571,10013090006,屏東縣,里港鄉,鐵店村,Tiedian Vil.,T,10013,T09,10013090,,2707
2572,10013090007,屏東縣,里港鄉,塔樓村,Talou Vil.,T,10013,T09,10013090,,2708
2573,10013090008,屏東縣,里港鄉,潮厝村,Chaocuo Vil.,T,10013,T09,10013090,,2709
2574,10013090009,屏東縣,里港鄉,茄苳村,Jiadong Vil.,T,10013,T09,10013090,,2710
2575,10013090010,屏東縣,里港鄉,載興村,Zaixing Vil.,T,10013,T09,10013090,,2711
2576,10013090011,屏東縣,里港鄉,土庫村,Tuku Vil.,T,10013,T09,10013090,,2712
2577,10013090012,屏東縣,里港鄉,三廍村,Sanbu Vil.,T,10013,T09,10013090,,2713
2578,10013090013,屏東縣,里港鄉,中和村,Zhonghe Vil.,T,10013,T09,10013090,,2714
2579,10013090014,屏東縣,里港鄉,瀰力村,Mili Vil.,T,10013,T09,10013090,,2715
2580,10013100001,屏東縣,鹽埔鄉,新圍村,Xinwei Vil.,T,10013,T10,10013100,,2716
2581,10013100002,屏東縣,鹽埔鄉,高朗村,Gaolang Vil.,T,10013,T10,10013100,,2717
2582,10013100003,屏東縣,鹽埔鄉,鹽北村,Yanbei Vil.,T,10013,T10,10013100,,2718
2583,10013100004,屏東縣,鹽埔鄉,鹽中村,Yanzhong Vil.,T,10013,T10,10013100,,2719
2584,10013100005,屏東縣,鹽埔鄉,鹽南村,Yannan Vil.,T,10013,T10,10013100,,2720
2585,10013100006,屏東縣,鹽埔鄉,仕絨村,Shirong Vil.,T,10013,T10,10013100,,2721
2586,10013100007,屏東縣,鹽埔鄉,振興村,Zhenxing Vil.,T,10013,T10,10013100,,2722
2587,10013100008,屏東縣,鹽埔鄉,永隆村,Yonglong Vil.,T,10013,T10,10013100,,2723
2588,10013100009,屏東縣,鹽埔鄉,久愛村,Jiu'ai Vil.,T,10013,T10,10013100,,2724
2589,10013100010,屏東縣,鹽埔鄉,洛陽村,Luoyang Vil.,T,10013,T10,10013100,,2725
2590,10013100011,屏東縣,鹽埔鄉,新二村,Xiner Vil.,T,10013,T10,10013100,,2726
2591,10013100012,屏東縣,鹽埔鄉,彭厝村,Pengcuo Vil.,T,10013,T10,10013100,,2727
2592,10013110001,屏東縣,高樹鄉,高樹村,Gaoshu Vil.,T,10013,T11,10013110,,2728
2593,10013110002,屏東縣,高樹鄉,長榮村,Changrong Vil.,T,10013,T11,10013110,,2729
2594,10013110003,屏東縣,高樹鄉,東興村,Dongxing Vil.,T,10013,T11,10013110,,2730
2595,10013110004,屏東縣,高樹鄉,東振村,Dongzhen Vil.,T,10013,T11,10013110,,2731
2596,10013110005,屏東縣,高樹鄉,源泉村,Yuanquan Vil.,T,10013,T11,10013110,,2732
2597,10013110006,屏東縣,高樹鄉,建興村,Jianxing Vil.,T,10013,T11,10013110,,2733
2598,10013110007,屏東縣,高樹鄉,大埔村,Dapu Vil.,T,10013,T11,10013110,,2734
2599,10013110008,屏東縣,高樹鄉,菜寮村,Cailiao Vil.,T,10013,T11,10013110,,2735
2600,10013110009,屏東縣,高樹鄉,司馬村,Sima Vil.,T,10013,T11,10013110,,2736
2601,10013110010,屏東縣,高樹鄉,舊寮村,Jiuliao Vil.,T,10013,T11,10013110,,2737
2602,10013110011,屏東縣,高樹鄉,新豐村,Xinfeng Vil.,T,10013,T11,10013110,,2738
2603,10013110012,屏東縣,高樹鄉,泰山村,Taishan Vil.,T,10013,T11,10013110,,2739
2604,10013110013,屏東縣,高樹鄉,南華村,Nanhua Vil.,T,10013,T11,10013110,,2740
2605,10013110014,屏東縣,高樹鄉,廣福村,Guangfu Vil.,T,10013,T11,10013110,,2741
2606,10013110015,屏東縣,高樹鄉,廣興村,Guangxing Vil.,T,10013,T11,10013110,,2742
2607,10013110016,屏東縣,高樹鄉,舊庄村,Jiuzhuang Vil.,T,10013,T11,10013110,,2743
2608,10013110017,屏東縣,高樹鄉,田子村,Tianzi Vil.,T,10013,T11,10013110,,2744
2609,10013110018,屏東縣,高樹鄉,鹽樹村,Yanshu Vil.,T,10013,T11,10013110,,2745
2610,10013110019,屏東縣,高樹鄉,新南村,Xinnan Vil.,T,10013,T11,10013110,,2746
2611,10013120001,屏東縣,萬巒鄉,萬巒村,Wanluan Vil.,T,10013,T12,10013120,,2747
2612,10013120002,屏東縣,萬巒鄉,萬全村,Wanquan Vil.,T,10013,T12,10013120,,2748
2613,10013120003,屏東縣,萬巒鄉,萬和村,Wanhe Vil.,T,10013,T12,10013120,,2749
2614,10013120004,屏東縣,萬巒鄉,鹿寮村,Luliao Vil.,T,10013,T12,10013120,,2750
2615,10013120005,屏東縣,萬巒鄉,硫黃村,Liuhuang Vil.,T,10013,T12,10013120,,2751
2616,10013120006,屏東縣,萬巒鄉,泗溝村,Sigou Vil.,T,10013,T12,10013120,,2752
2617,10013120007,屏東縣,萬巒鄉,五溝村,Wugou Vil.,T,10013,T12,10013120,,2753
2618,10013120008,屏東縣,萬巒鄉,成德村,Chengde Vil.,T,10013,T12,10013120,,2754
2619,10013120009,屏東縣,萬巒鄉,萬金村,Wanjin Vil.,T,10013,T12,10013120,,2755
2620,10013120010,屏東縣,萬巒鄉,赤山村,Chishan Vil.,T,10013,T12,10013120,,2756
2621,10013120011,屏東縣,萬巒鄉,佳佐村,Jiazuo Vil.,T,10013,T12,10013120,,2757
2622,10013120012,屏東縣,萬巒鄉,佳和村,Jiahe Vil.,T,10013,T12,10013120,,2758
2623,10013120013,屏東縣,萬巒鄉,新厝村,Xincuo Vil.,T,10013,T12,10013120,,2759
2624,10013120014,屏東縣,萬巒鄉,新置村,Xinzhi Vil.,T,10013,T12,10013120,,2760
2625,10013130001,屏東縣,內埔鄉,內埔村,Neipu Vil.,T,10013,T13,10013130,,2761
2626,10013130002,屏東縣,內埔鄉,內田村,Neitian Vil.,T,10013,T13,10013130,,2762
2627,10013130003,屏東縣,內埔鄉,興南村,Xingnan Vil.,T,10013,T13,10013130,,2763
2628,10013130004,屏東縣,內埔鄉,義亭村,Yiting Vil.,T,10013,T13,10013130,,2764
2629,10013130005,屏東縣,內埔鄉,美和村,Meihe Vil.,T,10013,T13,10013130,,2765
2630,10013130006,屏東縣,內埔鄉,和興村,Hexing Vil.,T,10013,T13,10013130,,2766
2631,10013130007,屏東縣,內埔鄉,東寧村,Dongning Vil.,T,10013,T13,10013130,,2767
2632,10013130008,屏東縣,內埔鄉,豐田村,Fengtian Vil.,T,10013,T13,10013130,,2768
2633,10013130009,屏東縣,內埔鄉,振豐村,Zhenfeng Vil.,T,10013,T13,10013130,,2769
2634,10013130010,屏東縣,內埔鄉,富田村,Futian Vil.,T,10013,T13,10013130,,2770
2635,10013130011,屏東縣,內埔鄉,竹圍村,Zhuwei Vil.,T,10013,T13,10013130,,2771
2636,10013130012,屏東縣,內埔鄉,東勢村,Dongshi Vil.,T,10013,T13,10013130,,2772
2637,10013130013,屏東縣,內埔鄉,東片村,Dongpian Vil.,T,10013,T13,10013130,,2773
2638,10013130014,屏東縣,內埔鄉,上樹村,Shangshu Vil.,T,10013,T13,10013130,,2774
2639,10013130015,屏東縣,內埔鄉,老埤村,Laopi Vil.,T,10013,T13,10013130,,2775
2640,10013130016,屏東縣,內埔鄉,中林村,Zhonglin Vil.,T,10013,T13,10013130,,2776
2641,10013130017,屏東縣,內埔鄉,龍泉村,Longquan Vil.,T,10013,T13,10013130,,2777
2642,10013130018,屏東縣,內埔鄉,龍潭村,Longtan Vil.,T,10013,T13,10013130,,2778
2643,10013130019,屏東縣,內埔鄉,建興村,Jianxing Vil.,T,10013,T13,10013130,,2779
2644,10013130020,屏東縣,內埔鄉,大新村,Daxin Vil.,T,10013,T13,10013130,,2780
2645,10013130021,屏東縣,內埔鄉,黎明村,Liming Vil.,T,10013,T13,10013130,,2781
2646,10013130022,屏東縣,內埔鄉,隘寮村,Ailiao Vil.,T,10013,T13,10013130,,2782
2647,10013130023,屏東縣,內埔鄉,水門村,Shuimen Vil.,T,10013,T13,10013130,,2783
2648,10013140001,屏東縣,竹田鄉,竹田村,Zhutian Vil.,T,10013,T14,10013140,,2784
2649,10013140002,屏東縣,竹田鄉,竹南村,Zhunan Vil.,T,10013,T14,10013140,,2785
2650,10013140003,屏東縣,竹田鄉,糶糴村,Tiaodi Vil.,T,10013,T14,10013140,,2786
2651,10013140004,屏東縣,竹田鄉,履豐村,Lvfeng Vil.,T,10013,T14,10013140,,2787
2652,10013140005,屏東縣,竹田鄉,頭崙村,Toulun Vil.,T,10013,T14,10013140,,2788
2653,10013140006,屏東縣,竹田鄉,二崙村,Erlun Vil.,T,10013,T14,10013140,,2789
2654,10013140007,屏東縣,竹田鄉,美崙村,Meilun Vil.,T,10013,T14,10013140,,2790
2655,10013140008,屏東縣,竹田鄉,南勢村,Nanshi Vil.,T,10013,T14,10013140,,2791
2656,10013140009,屏東縣,竹田鄉,西勢村,Xishi Vil.,T,10013,T14,10013140,,2792
2657,10013140010,屏東縣,竹田鄉,福田村,Futian Vil.,T,10013,T14,10013140,,2793
2658,10013140011,屏東縣,竹田鄉,永豐村,Yongfeng Vil.,T,10013,T14,10013140,,2794
2659,10013140012,屏東縣,竹田鄉,六巷村,Liuxiang Vil.,T,10013,T14,10013140,,2795
2660,10013140013,屏東縣,竹田鄉,泗洲村,Sizhou Vil.,T,10013,T14,10013140,,2796
2661,10013140014,屏東縣,竹田鄉,大湖村,Dahu Vil.,T,10013,T14,10013140,,2797
2662,10013140015,屏東縣,竹田鄉,鳳明村,Fengming Vil.,T,10013,T14,10013140,,2798
2663,10013150001,屏東縣,新埤鄉,新埤村,Xinpi Vil.,T,10013,T15,10013150,,2799
2664,10013150002,屏東縣,新埤鄉,建功村,Jiangong Vil.,T,10013,T15,10013150,,2800
2665,10013150003,屏東縣,新埤鄉,打鐵村,Datie Vil.,T,10013,T15,10013150,,2801
2666,10013150004,屏東縣,新埤鄉,南豐村,Nanfeng Vil.,T,10013,T15,10013150,,2802
2667,10013150005,屏東縣,新埤鄉,萬隆村,Wanlong Vil.,T,10013,T15,10013150,,2803
2668,10013150006,屏東縣,新埤鄉,箕湖村,Jihu Vil.,T,10013,T15,10013150,,2804
2669,10013150007,屏東縣,新埤鄉,餉潭村,Xiangtan Vil.,T,10013,T15,10013150,,2805
2670,10013160001,屏東縣,枋寮鄉,枋寮村,Fangliao Vil.,T,10013,T16,10013160,,2806
2671,10013160002,屏東縣,枋寮鄉,新龍村,Xinlong Vil.,T,10013,T16,10013160,,2807
2672,10013160003,屏東縣,枋寮鄉,保生村,Baosheng Vil.,T,10013,T16,10013160,,2808
2673,10013160004,屏東縣,枋寮鄉,中寮村,Zhongliao Vil.,T,10013,T16,10013160,,2809
2674,10013160005,屏東縣,枋寮鄉,安樂村,Anle Vil.,T,10013,T16,10013160,,2810
2675,10013160006,屏東縣,枋寮鄉,隆山村,Longshan Vil.,T,10013,T16,10013160,,2811
2676,10013160007,屏東縣,枋寮鄉,天時村,Tianshi Vil.,T,10013,T16,10013160,,2812
2677,10013160008,屏東縣,枋寮鄉,地利村,Dili Vil.,T,10013,T16,10013160,,2813
2678,10013160009,屏東縣,枋寮鄉,人和村,Renhe Vil.,T,10013,T16,10013160,,2814
2679,10013160010,屏東縣,枋寮鄉,內寮村,Neiliao Vil.,T,10013,T16,10013160,,2815
2680,10013160011,屏東縣,枋寮鄉,新開村,Xinkai Vil.,T,10013,T16,10013160,,2816
2681,10013160012,屏東縣,枋寮鄉,太源村,Taiyuan Vil.,T,10013,T16,10013160,,2817
2682,10013160013,屏東縣,枋寮鄉,玉泉村,Yuquan Vil.,T,10013,T16,10013160,,2818
2683,10013160014,屏東縣,枋寮鄉,東海村,Donghai Vil.,T,10013,T16,10013160,,2819
2684,10013160015,屏東縣,枋寮鄉,大庄村,Dazhuang Vil.,T,10013,T16,10013160,,2820
2685,10013160S01,屏東縣,枋寮鄉,,,T,10013,T16,10013160,未編定村里,2821
2686,10013170001,屏東縣,新園鄉,瓦[磘]村,Wayao Vil.,T,10013,T17,10013170,,2822
2687,10013170002,屏東縣,新園鄉,仙吉村,Xianji Vil.,T,10013,T17,10013170,,2823
2688,10013170003,屏東縣,新園鄉,田洋村,Tianyang Vil.,T,10013,T17,10013170,,2824
2689,10013170004,屏東縣,新園鄉,港墘村,Gangqian Vil.,T,10013,T17,10013170,,2825
2690,10013170005,屏東縣,新園鄉,內庄村,Neizhuang Vil.,T,10013,T17,10013170,,2826
2691,10013170006,屏東縣,新園鄉,新東村,Xindong Vil.,T,10013,T17,10013170,,2827
2692,10013170007,屏東縣,新園鄉,新園村,Xinyuan Vil.,T,10013,T17,10013170,,2828
2693,10013170008,屏東縣,新園鄉,烏龍村,Wulong Vil.,T,10013,T17,10013170,,2829
2694,10013170009,屏東縣,新園鄉,興龍村,Xinglong Vil.,T,10013,T17,10013170,,2830
2695,10013170010,屏東縣,新園鄉,中洲村,Zhongzhou Vil.,T,10013,T17,10013170,,2831
2696,10013170011,屏東縣,新園鄉,南龍村,Nanlong Vil.,T,10013,T17,10013170,,2832
2697,10013170012,屏東縣,新園鄉,港西村,Gangxi Vil.,T,10013,T17,10013170,,2833
2698,10013170013,屏東縣,新園鄉,五房村,Wufang Vil.,T,10013,T17,10013170,,2834
2699,10013170014,屏東縣,新園鄉,鹽埔村,Yanpu Vil.,T,10013,T17,10013170,,2835
2700,10013170015,屏東縣,新園鄉,共和村,Gonghe Vil.,T,10013,T17,10013170,,2836
2701,10013180001,屏東縣,崁頂鄉,崁頂村,Kanding Vil.,T,10013,T18,10013180,,2837
2702,10013180002,屏東縣,崁頂鄉,園寮村,Yuanliao Vil.,T,10013,T18,10013180,,2838
2703,10013180003,屏東縣,崁頂鄉,圍內村,Weinei Vil.,T,10013,T18,10013180,,2839
2704,10013180004,屏東縣,崁頂鄉,力社村,Lishe Vil.,T,10013,T18,10013180,,2840
2705,10013180005,屏東縣,崁頂鄉,洲子村,Zhouzi Vil.,T,10013,T18,10013180,,2841
2706,10013180006,屏東縣,崁頂鄉,北勢村,Beishi Vil.,T,10013,T18,10013180,,2842
2707,10013180007,屏東縣,崁頂鄉,越溪村,Yuexi Vil.,T,10013,T18,10013180,,2843
2708,10013180008,屏東縣,崁頂鄉,港東村,Gangdong Vil.,T,10013,T18,10013180,,2844
2709,10013190001,屏東縣,林邊鄉,林邊村,Linbian Vil.,T,10013,T19,10013190,,2845
2710,10013190002,屏東縣,林邊鄉,光林村,Guanglin Vil.,T,10013,T19,10013190,,2846
2711,10013190003,屏東縣,林邊鄉,仁和村,Renhe Vil.,T,10013,T19,10013190,,2847
2712,10013190004,屏東縣,林邊鄉,中林村,Zhonglin Vil.,T,10013,T19,10013190,,2848
2713,10013190005,屏東縣,林邊鄉,永樂村,Yongle Vil.,T,10013,T19,10013190,,2849
2714,10013190006,屏東縣,林邊鄉,水利村,Shuili Vil.,T,10013,T19,10013190,,2850
2715,10013190007,屏東縣,林邊鄉,崎峯村,Qifeng Vil.,T,10013,T19,10013190,,2851
2716,10013190008,屏東縣,林邊鄉,田厝村,Tiancuo Vil.,T,10013,T19,10013190,,2852
2717,10013190009,屏東縣,林邊鄉,竹林村,Zhulin Vil.,T,10013,T19,10013190,,2853
2718,10013190010,屏東縣,林邊鄉,鎮安村,Zhen'an Vil.,T,10013,T19,10013190,,2854
2719,10013200001,屏東縣,南州鄉,溪洲村,Xizhou Vil.,T,10013,T20,10013200,,2855
2720,10013200002,屏東縣,南州鄉,溪南村,Xinan Vil.,T,10013,T20,10013200,,2856
2721,10013200003,屏東縣,南州鄉,仁里村,Renli Vil.,T,10013,T20,10013200,,2857
2722,10013200004,屏東縣,南州鄉,溪北村,Xibei Vil.,T,10013,T20,10013200,,2858
2723,10013200005,屏東縣,南州鄉,七塊村,Qikuai Vil.,T,10013,T20,10013200,,2859
2724,10013200006,屏東縣,南州鄉,萬華村,Wanhua Vil.,T,10013,T20,10013200,,2860
2725,10013200007,屏東縣,南州鄉,米崙村,Milun Vil.,T,10013,T20,10013200,,2861
2726,10013200008,屏東縣,南州鄉,壽元村,Shouyuan Vil.,T,10013,T20,10013200,,2862
2727,10013200009,屏東縣,南州鄉,同安村,Tong'an Vil.,T,10013,T20,10013200,,2863
2728,10013200010,屏東縣,南州鄉,南安村,Nan'an Vil.,T,10013,T20,10013200,,2864
2729,10013210001,屏東縣,佳冬鄉,佳冬村,Jiadong Vil.,T,10013,T21,10013210,,2865
2730,10013210002,屏東縣,佳冬鄉,六根村,Liugen Vil.,T,10013,T21,10013210,,2866
2731,10013210003,屏東縣,佳冬鄉,賴家村,Laijia Vil.,T,10013,T21,10013210,,2867
2732,10013210004,屏東縣,佳冬鄉,萬建村,Wanjian Vil.,T,10013,T21,10013210,,2868
2733,10013210005,屏東縣,佳冬鄉,石光村,Shiguang Vil.,T,10013,T21,10013210,,2869
2734,10013210006,屏東縣,佳冬鄉,玉光村,Yuguang Vil.,T,10013,T21,10013210,,2870
2735,10013210007,屏東縣,佳冬鄉,昌隆村,Changlong Vil.,T,10013,T21,10013210,,2871
2736,10013210008,屏東縣,佳冬鄉,豐隆村,Fenglong Vil.,T,10013,T21,10013210,,2872
2737,10013210009,屏東縣,佳冬鄉,大同村,Datong Vil.,T,10013,T21,10013210,,2873
2738,10013210010,屏東縣,佳冬鄉,羌園村,Qiangyuan Vil.,T,10013,T21,10013210,,2874
2739,10013210011,屏東縣,佳冬鄉,燄溫村,Yanwen Vil.,T,10013,T21,10013210,,2875
2740,10013210012,屏東縣,佳冬鄉,塭豐村,Wenfeng Vil.,T,10013,T21,10013210,,2876
2741,10013220001,屏東縣,琉球鄉,本福村,Benfu Vil.,T,10013,T22,10013220,,2877
2742,10013220002,屏東縣,琉球鄉,中福村,Zhongfu Vil.,T,10013,T22,10013220,,2878
2743,10013220003,屏東縣,琉球鄉,漁福村,Yufu Vil.,T,10013,T22,10013220,,2879
2744,10013220004,屏東縣,琉球鄉,大福村,Dafu Vil.,T,10013,T22,10013220,,2880
2745,10013220005,屏東縣,琉球鄉,南福村,Nanfu Vil.,T,10013,T22,10013220,,2881
2746,10013220006,屏東縣,琉球鄉,天福村,Tianfu Vil.,T,10013,T22,10013220,,2882
2747,10013220007,屏東縣,琉球鄉,上福村,Shangfu Vil.,T,10013,T22,10013220,,2883
2748,10013220008,屏東縣,琉球鄉,杉福村,Shanfu Vil.,T,10013,T22,10013220,,2884
2749,10013230001,屏東縣,車城鄉,福興村,Fuxing Vil.,T,10013,T23,10013230,,2885
2750,10013230002,屏東縣,車城鄉,福安村,Fu'an Vil.,T,10013,T23,10013230,,2886
2751,10013230003,屏東縣,車城鄉,田中村,Tianzhong Vil.,T,10013,T23,10013230,,2887
2752,10013230004,屏東縣,車城鄉,海口村,Haikou Vil.,T,10013,T23,10013230,,2888
2753,10013230005,屏東縣,車城鄉,統埔村,Tongpu Vil.,T,10013,T23,10013230,,2889
2754,10013230006,屏東縣,車城鄉,溫泉村,Wenquan Vil.,T,10013,T23,10013230,,2890
2755,10013230007,屏東縣,車城鄉,保力村,Baoli Vil.,T,10013,T23,10013230,,2891
2756,10013230008,屏東縣,車城鄉,新街村,Xinjie Vil.,T,10013,T23,10013230,,2892
2757,10013230009,屏東縣,車城鄉,埔墘村,Puqian Vil.,T,10013,T23,10013230,,2893
2758,10013230010,屏東縣,車城鄉,射寮村,Sheliao Vil.,T,10013,T23,10013230,,2894
2759,10013230011,屏東縣,車城鄉,後灣村,Houwan Vil.,T,10013,T23,10013230,,2895
2760,10013230S01,屏東縣,車城鄉,,,T,10013,T23,10013230,未編定村里,2896
2761,10013240001,屏東縣,滿州鄉,滿州村,Manzhou Vil.,T,10013,T24,10013240,,2897
2762,10013240002,屏東縣,滿州鄉,里德村,Lide Vil.,T,10013,T24,10013240,,2898
2763,10013240003,屏東縣,滿州鄉,永靖村,Yongjing Vil.,T,10013,T24,10013240,,2899
2764,10013240004,屏東縣,滿州鄉,港口村,Gangkou Vil.,T,10013,T24,10013240,,2900
2765,10013240005,屏東縣,滿州鄉,响林村,Xianglin Vil.,T,10013,T24,10013240,,2901
2766,10013240006,屏東縣,滿州鄉,長樂村,Changle Vil.,T,10013,T24,10013240,,2902
2767,10013240007,屏東縣,滿州鄉,九棚村,Jiupeng Vil.,T,10013,T24,10013240,,2903
2768,10013240008,屏東縣,滿州鄉,港仔村,Gangzi Vil.,T,10013,T24,10013240,,2904
2769,10013240S01,屏東縣,滿州鄉,,,T,10013,T24,10013240,未編定村里,2905
2770,10013250001,屏東縣,枋山鄉,枋山村,Fangshan Vil.,T,10013,T25,10013250,,2906
2771,10013250002,屏東縣,枋山鄉,加祿村,Jialu Vil.,T,10013,T25,10013250,,2907
2772,10013250003,屏東縣,枋山鄉,楓港村,Fenggang Vil.,T,10013,T25,10013250,,2908
2773,10013250004,屏東縣,枋山鄉,善餘村,Shanyu Vil.,T,10013,T25,10013250,,2909
2774,10013260001,屏東縣,三地門鄉,三地村,Sandi Vil.,T,10013,T26,10013260,,2910
2775,10013260002,屏東縣,三地門鄉,達來村,Dalai Vil.,T,10013,T26,10013260,,2911
2776,10013260003,屏東縣,三地門鄉,德文村,Dewen Vil.,T,10013,T26,10013260,,2912
2777,10013260004,屏東縣,三地門鄉,大社村,Dashe Vil.,T,10013,T26,10013260,,2913
2778,10013260005,屏東縣,三地門鄉,賽嘉村,Saijia Vil.,T,10013,T26,10013260,,2914
2779,10013260006,屏東縣,三地門鄉,口社村,Koushe Vil.,T,10013,T26,10013260,,2915
2780,10013260007,屏東縣,三地門鄉,馬兒村,Ma'er Vil.,T,10013,T26,10013260,,2916
2781,10013260008,屏東縣,三地門鄉,安坡村,Anpo Vil.,T,10013,T26,10013260,,2917
2782,10013260009,屏東縣,三地門鄉,青山村,Qingshan Vil.,T,10013,T26,10013260,,2918
2783,10013260010,屏東縣,三地門鄉,青葉村,Qingye Vil.,T,10013,T26,10013260,,2919
2784,10013270001,屏東縣,霧臺鄉,霧台村,Wutai Vil.,T,10013,T27,10013270,,2920
2785,10013270002,屏東縣,霧臺鄉,阿禮村,Ali Vil.,T,10013,T27,10013270,,2921
2786,10013270003,屏東縣,霧臺鄉,吉露村,Jilou Vil.,T,10013,T27,10013270,,2922
2787,10013270004,屏東縣,霧臺鄉,大武村,Dawu Vil.,T,10013,T27,10013270,,2923
2788,10013270005,屏東縣,霧臺鄉,佳暮村,Jiamu Vil.,T,10013,T27,10013270,,2924
2789,10013270006,屏東縣,霧臺鄉,好茶村,Haocha Vil.,T,10013,T27,10013270,,2925
2790,10013280001,屏東縣,瑪家鄉,瑪家村,Majia Vil.,T,10013,T28,10013280,,2926
2791,10013280002,屏東縣,瑪家鄉,北葉村,Beiye Vil.,T,10013,T28,10013280,,2927
2792,10013280003,屏東縣,瑪家鄉,凉山村,Liangshan Vil.,T,10013,T28,10013280,,2928
2793,10013280004,屏東縣,瑪家鄉,佳義村,Jiayi Vil.,T,10013,T28,10013280,,2929
2794,10013280005,屏東縣,瑪家鄉,排灣村,Paiwan Vil.,T,10013,T28,10013280,,2930
2795,10013280006,屏東縣,瑪家鄉,三和村,Sanhe Vil.,T,10013,T28,10013280,,2931
2796,10013290001,屏東縣,泰武鄉,佳平村,Jiaping Vil.,T,10013,T29,10013290,,2932
2797,10013290002,屏東縣,泰武鄉,武潭村,Wutan Vil.,T,10013,T29,10013290,,2933
2798,10013290003,屏東縣,泰武鄉,平和村,Pinghe Vil.,T,10013,T29,10013290,,2934
2799,10013290004,屏東縣,泰武鄉,佳興村,Jiaxing Vil.,T,10013,T29,10013290,,2935
2800,10013290005,屏東縣,泰武鄉,泰武村,Taiwu Vil.,T,10013,T29,10013290,,2936
2801,10013290006,屏東縣,泰武鄉,萬安村,Wan'an Vil.,T,10013,T29,10013290,,2937
2802,10013300001,屏東縣,來義鄉,來義村,Laiyi Vil.,T,10013,T30,10013300,,2938
2803,10013300002,屏東縣,來義鄉,義林村,Yilin Vil.,T,10013,T30,10013300,,2939
2804,10013300003,屏東縣,來義鄉,丹林村,Danlin Vil.,T,10013,T30,10013300,,2940
2805,10013300004,屏東縣,來義鄉,古樓村,Gulou Vil.,T,10013,T30,10013300,,2941
2806,10013300005,屏東縣,來義鄉,文樂村,Wenle Vil.,T,10013,T30,10013300,,2942
2807,10013300006,屏東縣,來義鄉,望嘉村,Wangjia Vil.,T,10013,T30,10013300,,2943
2808,10013300007,屏東縣,來義鄉,南和村,Nanhe Vil.,T,10013,T30,10013300,,2944
2809,10013310001,屏東縣,春日鄉,春日村,Chunri Vil.,T,10013,T31,10013310,,2945
2810,10013310002,屏東縣,春日鄉,古華村,Guhua Vil.,T,10013,T31,10013310,,2946
2811,10013310003,屏東縣,春日鄉,士文村,Shiwen Vil.,T,10013,T31,10013310,,2947
2812,10013310004,屏東縣,春日鄉,七佳村,Qijia Vil.,T,10013,T31,10013310,,2948
2813,10013310005,屏東縣,春日鄉,歸崇村,Guichong Vil.,T,10013,T31,10013310,,2949
2814,10013310006,屏東縣,春日鄉,力里村,Lili Vil.,T,10013,T31,10013310,,2950
2815,10013320001,屏東縣,獅子鄉,楓林村,Fenglin Vil.,T,10013,T32,10013320,,2951
2816,10013320002,屏東縣,獅子鄉,丹路村,Danlu Vil.,T,10013,T32,10013320,,2952
2817,10013320003,屏東縣,獅子鄉,草埔村,Caopu Vil.,T,10013,T32,10013320,,2953
2818,10013320004,屏東縣,獅子鄉,內文村,Neiwen Vil.,T,10013,T32,10013320,,2954
2819,10013320005,屏東縣,獅子鄉,竹坑村,Zhukeng Vil.,T,10013,T32,10013320,,2955
2820,10013320006,屏東縣,獅子鄉,獅子村,Shizi Vil.,T,10013,T32,10013320,,2956
2821,10013320007,屏東縣,獅子鄉,內獅村,Neishi Vil.,T,10013,T32,10013320,,2957
2822,10013320008,屏東縣,獅子鄉,南世村,Nanshi Vil.,T,10013,T32,10013320,,2958
2823,10013330001,屏東縣,牡丹鄉,石門村,Shimen Vil.,T,10013,T33,10013330,,2959
2824,10013330002,屏東縣,牡丹鄉,牡丹村,Mudan Vil.,T,10013,T33,10013330,,2960
2825,10013330003,屏東縣,牡丹鄉,東源村,Dongyuan Vil.,T,10013,T33,10013330,,2961
2826,10013330004,屏東縣,牡丹鄉,旭海村,Xuhai Vil.,T,10013,T33,10013330,,2962
2827,10013330005,屏東縣,牡丹鄉,高士村,Gaoshi Vil.,T,10013,T33,10013330,,2963
2828,10013330006,屏東縣,牡丹鄉,四林村,Silin Vil.,T,10013,T33,10013330,,2964
2829,10014010001,臺東縣,臺東市,富岡里,Fugang Vil.,V,10014,V01,10014010,,2965
2830,10014010003,臺東縣,臺東市,岩灣里,Yanwan Vil.,V,10014,V01,10014010,,2966
2831,10014010004,臺東縣,臺東市,南王里,Nanwang Vil.,V,10014,V01,10014010,,2967
2832,10014010005,臺東縣,臺東市,卑南里,Beinan Vil.,V,10014,V01,10014010,,2968
2833,10014010006,臺東縣,臺東市,南榮里,Nanrong Vil.,V,10014,V01,10014010,,2969
2834,10014010007,臺東縣,臺東市,新生里,Xinsheng Vil.,V,10014,V01,10014010,,2970
2835,10014010008,臺東縣,臺東市,民生里,Minsheng Vil.,V,10014,V01,10014010,,2971
2836,10014010009,臺東縣,臺東市,寶桑里,Baosang Vil.,V,10014,V01,10014010,,2972
2837,10014010010,臺東縣,臺東市,馬蘭里,Malan Vil.,V,10014,V01,10014010,,2973
2838,10014010011,臺東縣,臺東市,中心里,Zhongxin Vil.,V,10014,V01,10014010,,2974
2839,10014010012,臺東縣,臺東市,自強里,Ziqiang Vil.,V,10014,V01,10014010,,2975
2840,10014010013,臺東縣,臺東市,民族里,Minzu Vil.,V,10014,V01,10014010,,2976
2841,10014010015,臺東縣,臺東市,中華里,Zhonghua Vil.,V,10014,V01,10014010,,2977
2842,10014010017,臺東縣,臺東市,建國里,Jianguo Vil.,V,10014,V01,10014010,,2978
2843,10014010020,臺東縣,臺東市,中正里,Zhongzheng Vil.,V,10014,V01,10014010,,2979
2844,10014010022,臺東縣,臺東市,成功里,Chenggong Vil.,V,10014,V01,10014010,,2980
2845,10014010023,臺東縣,臺東市,文化里,Wenhua Vil.,V,10014,V01,10014010,,2981
2846,10014010024,臺東縣,臺東市,中山里,Zhongshan Vil.,V,10014,V01,10014010,,2982
2847,10014010029,臺東縣,臺東市,新園里,Xinyuan Vil.,V,10014,V01,10014010,,2983
2848,10014010030,臺東縣,臺東市,豐田里,Fengtian Vil.,V,10014,V01,10014010,,2984
2849,10014010031,臺東縣,臺東市,豐年里,Fengnian Vil.,V,10014,V01,10014010,,2985
2850,10014010032,臺東縣,臺東市,光明里,Guangming Vil.,V,10014,V01,10014010,,2986
2851,10014010033,臺東縣,臺東市,豐樂里,Fengle Vil.,V,10014,V01,10014010,,2987
2852,10014010034,臺東縣,臺東市,永樂里,Yongle Vil.,V,10014,V01,10014010,,2988
2853,10014010035,臺東縣,臺東市,康樂里,Kangle Vil.,V,10014,V01,10014010,,2989
2854,10014010036,臺東縣,臺東市,東海里,Donghai Vil.,V,10014,V01,10014010,,2990
2855,10014010037,臺東縣,臺東市,新興里,Xinxing Vil.,V,10014,V01,10014010,,2991
2856,10014010038,臺東縣,臺東市,豐榮里,Fengrong Vil.,V,10014,V01,10014010,,2992
2857,10014010039,臺東縣,臺東市,豐谷里,Fenggu Vil.,V,10014,V01,10014010,,2993
2858,10014010040,臺東縣,臺東市,豐里里,Fengli Vil.,V,10014,V01,10014010,,2994
2859,10014010041,臺東縣,臺東市,豐原里,Fengyuan Vil.,V,10014,V01,10014010,,2995
2860,10014010042,臺東縣,臺東市,建和里,Jianhe Vil.,V,10014,V01,10014010,,2996
2861,10014010043,臺東縣,臺東市,建興里,Jianxing Vil.,V,10014,V01,10014010,,2997
2862,10014010045,臺東縣,臺東市,知本里,Zhiben Vil.,V,10014,V01,10014010,,2998
2863,10014010046,臺東縣,臺東市,建農里,Jiannong Vil.,V,10014,V01,10014010,,2999
2864,10014010047,臺東縣,臺東市,仁和里,Renhe Vil.,V,10014,V01,10014010,,3000
2865,10014010048,臺東縣,臺東市,豐安里,Feng'an Vil.,V,10014,V01,10014010,,3001
2866,10014010049,臺東縣,臺東市,豐盛里,Fengsheng Vil.,V,10014,V01,10014010,,3002
2867,10014020001,臺東縣,成功鎮,博愛里,Bo'ai Vil.,V,10014,V02,10014020,,3003
2868,10014020002,臺東縣,成功鎮,忠孝里,Zhongxiao Vil.,V,10014,V02,10014020,,3004
2869,10014020003,臺東縣,成功鎮,三仙里,Sanxian Vil.,V,10014,V02,10014020,,3005
2870,10014020004,臺東縣,成功鎮,三民里,Sanmin Vil.,V,10014,V02,10014020,,3006
2871,10014020005,臺東縣,成功鎮,忠智里,Zhongzhi Vil.,V,10014,V02,10014020,,3007
2872,10014020006,臺東縣,成功鎮,忠仁里,Zhongren Vil.,V,10014,V02,10014020,,3008
2873,10014020007,臺東縣,成功鎮,和平里,Heping Vil.,V,10014,V02,10014020,,3009
2874,10014020008,臺東縣,成功鎮,信義里,Xinyi Vil.,V,10014,V02,10014020,,3010
2875,10014030001,臺東縣,關山鎮,德高里,Degao Vil.,V,10014,V03,10014030,,3011
2876,10014030002,臺東縣,關山鎮,豐泉里,Fengquan Vil.,V,10014,V03,10014030,,3012
2877,10014030003,臺東縣,關山鎮,新福里,Xinfu Vil.,V,10014,V03,10014030,,3013
2878,10014030004,臺東縣,關山鎮,中福里,Zhongfu Vil.,V,10014,V03,10014030,,3014
2879,10014030005,臺東縣,關山鎮,里壠里,Lilong Vil.,V,10014,V03,10014030,,3015
2880,10014030006,臺東縣,關山鎮,電光里,Dianguang Vil.,V,10014,V03,10014030,,3016
2881,10014030007,臺東縣,關山鎮,月眉里,Yuemei Vil.,V,10014,V03,10014030,,3017
2882,10014040001,臺東縣,卑南鄉,嘉豐村,Jiafeng Vil.,V,10014,V04,10014040,,3018
2883,10014040002,臺東縣,卑南鄉,利吉村,Liji Vil.,V,10014,V04,10014040,,3019
2884,10014040003,臺東縣,卑南鄉,富山村,Fushan Vil.,V,10014,V04,10014040,,3020
2885,10014040004,臺東縣,卑南鄉,富源村,Fuyuan Vil.,V,10014,V04,10014040,,3021
2886,10014040005,臺東縣,卑南鄉,明峰村,Mingfeng Vil.,V,10014,V04,10014040,,3022
2887,10014040006,臺東縣,卑南鄉,初鹿村,Chulu Vil.,V,10014,V04,10014040,,3023
2888,10014040007,臺東縣,卑南鄉,美農村,Meinong Vil.,V,10014,V04,10014040,,3024
2889,10014040008,臺東縣,卑南鄉,賓朗村,Binlang Vil.,V,10014,V04,10014040,,3025
2890,10014040009,臺東縣,卑南鄉,泰安村,Tai'an Vil.,V,10014,V04,10014040,,3026
2891,10014040010,臺東縣,卑南鄉,太平村,Taiping Vil.,V,10014,V04,10014040,,3027
2892,10014040011,臺東縣,卑南鄉,利嘉村,Lijia Vil.,V,10014,V04,10014040,,3028
2893,10014040012,臺東縣,卑南鄉,東興村,Dongxing Vil.,V,10014,V04,10014040,,3029
2894,10014040013,臺東縣,卑南鄉,溫泉村,Wenquan Vil.,V,10014,V04,10014040,,3030
2895,10014050001,臺東縣,鹿野鄉,瑞和村,Ruihe Vil.,V,10014,V09,10014050,,3031
2896,10014050002,臺東縣,鹿野鄉,瑞豐村,Ruifeng Vil.,V,10014,V09,10014050,,3032
2897,10014050003,臺東縣,鹿野鄉,瑞源村,Ruiyuan Vil.,V,10014,V09,10014050,,3033
2898,10014050004,臺東縣,鹿野鄉,永安村,Yong'an Vil.,V,10014,V09,10014050,,3034
2899,10014050005,臺東縣,鹿野鄉,瑞隆村,Ruilong Vil.,V,10014,V09,10014050,,3035
2900,10014050006,臺東縣,鹿野鄉,鹿野村,Luye Vil.,V,10014,V09,10014050,,3036
2901,10014050007,臺東縣,鹿野鄉,龍田村,Longtian Vil.,V,10014,V09,10014050,,3037
2902,10014060001,臺東縣,池上鄉,福文村,Fuwen Vil.,V,10014,V10,10014060,,3038
2903,10014060002,臺東縣,池上鄉,慶豐村,Qingfeng Vil.,V,10014,V10,10014060,,3039
2904,10014060003,臺東縣,池上鄉,大坡村,Dapo Vil.,V,10014,V10,10014060,,3040
2905,10014060004,臺東縣,池上鄉,大埔村,Dapu Vil.,V,10014,V10,10014060,,3041
2906,10014060005,臺東縣,池上鄉,福原村,Fuyuan Vil.,V,10014,V10,10014060,,3042
2907,10014060006,臺東縣,池上鄉,錦園村,Jinyuan Vil.,V,10014,V10,10014060,,3043
2908,10014060007,臺東縣,池上鄉,新興村,Xinxing Vil.,V,10014,V10,10014060,,3044
2909,10014060008,臺東縣,池上鄉,萬安村,Wan'an Vil.,V,10014,V10,10014060,,3045
2910,10014060009,臺東縣,池上鄉,富興村,Fuxing Vil.,V,10014,V10,10014060,,3046
2911,10014060010,臺東縣,池上鄉,振興村,Zhenxing Vil.,V,10014,V10,10014060,,3047
2912,10014070001,臺東縣,東河鄉,北源村,Beiyuan Vil.,V,10014,V07,10014070,,3048
2913,10014070002,臺東縣,東河鄉,泰源村,Taiyuan Vil.,V,10014,V07,10014070,,3049
2914,10014070003,臺東縣,東河鄉,東河村,Donghe Vil.,V,10014,V07,10014070,,3050
2915,10014070004,臺東縣,東河鄉,尚德村,Shangde Vil.,V,10014,V07,10014070,,3051
2916,10014070005,臺東縣,東河鄉,隆昌村,Longchang Vil.,V,10014,V07,10014070,,3052
2917,10014070006,臺東縣,東河鄉,興昌村,Xingchang Vil.,V,10014,V07,10014070,,3053
2918,10014070007,臺東縣,東河鄉,都蘭村,Doulan Vil.,V,10014,V07,10014070,,3054
2919,10014080001,臺東縣,長濱鄉,樟原村,Zhangyuan Vil.,V,10014,V08,10014080,,3055
2920,10014080002,臺東縣,長濱鄉,三間村,Sanjian Vil.,V,10014,V08,10014080,,3056
2921,10014080003,臺東縣,長濱鄉,忠勇村,Zhongyong Vil.,V,10014,V08,10014080,,3057
2922,10014080004,臺東縣,長濱鄉,長濱村,Changbin Vil.,V,10014,V08,10014080,,3058
2923,10014080005,臺東縣,長濱鄉,竹湖村,Zhuhu Vil.,V,10014,V08,10014080,,3059
2924,10014080006,臺東縣,長濱鄉,寧埔村,Ningpu Vil.,V,10014,V08,10014080,,3060
2925,10014090001,臺東縣,太麻里鄉,美和村,Meihe Vil.,V,10014,V06,10014090,,3061
2926,10014090002,臺東縣,太麻里鄉,三和村,Sanhe Vil.,V,10014,V06,10014090,,3062
2927,10014090003,臺東縣,太麻里鄉,華源村,Huayuan Vil.,V,10014,V06,10014090,,3063
2928,10014090004,臺東縣,太麻里鄉,北里村,Beili Vil.,V,10014,V06,10014090,,3064
2929,10014090005,臺東縣,太麻里鄉,泰和村,Taihe Vil.,V,10014,V06,10014090,,3065
2930,10014090006,臺東縣,太麻里鄉,大王村,Dawang Vil.,V,10014,V06,10014090,,3066
2931,10014090007,臺東縣,太麻里鄉,香蘭村,Xianglan Vil.,V,10014,V06,10014090,,3067
2932,10014090008,臺東縣,太麻里鄉,金崙村,Jinlun Vil.,V,10014,V06,10014090,,3068
2933,10014090009,臺東縣,太麻里鄉,多良村,Duoliang Vil.,V,10014,V06,10014090,,3069
2934,10014100001,臺東縣,大武鄉,大竹村,Dazhu Vil.,V,10014,V05,10014100,,3070
2935,10014100002,臺東縣,大武鄉,大鳥村,Daniao Vil.,V,10014,V05,10014100,,3071
2936,10014100003,臺東縣,大武鄉,大武村,Dawu Vil.,V,10014,V05,10014100,,3072
2937,10014100004,臺東縣,大武鄉,尚武村,Shangwu Vil.,V,10014,V05,10014100,,3073
2938,10014100005,臺東縣,大武鄉,南興村,Nanxing Vil.,V,10014,V05,10014100,,3074
2939,10014110001,臺東縣,綠島鄉,公舘村,Gongguan Vil.,V,10014,V11,10014110,,3075
2940,10014110002,臺東縣,綠島鄉,中寮村,Zhongliao Vil.,V,10014,V11,10014110,,3076
2941,10014110003,臺東縣,綠島鄉,南寮村,Nanliao Vil.,V,10014,V11,10014110,,3077
2942,10014120001,臺東縣,海端鄉,廣原村,Guangyuan Vil.,V,10014,V13,10014120,,3078
2943,10014120002,臺東縣,海端鄉,霧鹿村,Wulu Vil.,V,10014,V13,10014120,,3079
2944,10014120003,臺東縣,海端鄉,利稻村,Lidao Vil.,V,10014,V13,10014120,,3080
2945,10014120004,臺東縣,海端鄉,海端村,Haiduan Vil.,V,10014,V13,10014120,,3081
2946,10014120005,臺東縣,海端鄉,崁頂村,Kanding Vil.,V,10014,V13,10014120,,3082
2947,10014120006,臺東縣,海端鄉,加拿村,Jiana Vil.,V,10014,V13,10014120,,3083
2948,10014130001,臺東縣,延平鄉,武陵村,Wuling Vil.,V,10014,V12,10014130,,3084
2949,10014130002,臺東縣,延平鄉,永康村,Yongkang Vil.,V,10014,V12,10014130,,3085
2950,10014130003,臺東縣,延平鄉,紅葉村,Hongye Vil.,V,10014,V12,10014130,,3086
2951,10014130004,臺東縣,延平鄉,鸞山村,Luanshan Vil.,V,10014,V12,10014130,,3087
2952,10014130005,臺東縣,延平鄉,桃源村,Taoyuan Vil.,V,10014,V12,10014130,,3088
2953,10014140001,臺東縣,金峰鄉,新興村,Xinxing Vil.,V,10014,V15,10014140,,3089
2954,10014140002,臺東縣,金峰鄉,正興村,Zhengxing Vil.,V,10014,V15,10014140,,3090
2955,10014140003,臺東縣,金峰鄉,嘉蘭村,Jialan Vil.,V,10014,V15,10014140,,3091
2956,10014140004,臺東縣,金峰鄉,賓茂村,Binmao Vil.,V,10014,V15,10014140,,3092
2957,10014140005,臺東縣,金峰鄉,歷坵村,Liqiu Vil.,V,10014,V15,10014140,,3093
2958,10014150001,臺東縣,達仁鄉,台坂村,Taiban Vil.,V,10014,V14,10014150,,3094
2959,10014150002,臺東縣,達仁鄉,土坂村,Tuban Vil.,V,10014,V14,10014150,,3095
2960,10014150003,臺東縣,達仁鄉,新化村,Xinhua Vil.,V,10014,V14,10014150,,3096
2961,10014150004,臺東縣,達仁鄉,安朔村,Anshuo Vil.,V,10014,V14,10014150,,3097
2962,10014150005,臺東縣,達仁鄉,森永村,Senyong Vil.,V,10014,V14,10014150,,3098
2963,10014150006,臺東縣,達仁鄉,南田村,Nantian Vil.,V,10014,V14,10014150,,3099
2964,10014160001,臺東縣,蘭嶼鄉,東清村,Dongqing Vil.,V,10014,V16,10014160,,3100
2965,10014160002,臺東縣,蘭嶼鄉,朗島村,Langdao Vil.,V,10014,V16,10014160,,3101
2966,10014160003,臺東縣,蘭嶼鄉,紅頭村,Hongtou Vil.,V,10014,V16,10014160,,3102
2967,10014160004,臺東縣,蘭嶼鄉,椰油村,Yeyou Vil.,V,10014,V16,10014160,,3103
2968,10015010001,花蓮縣,花蓮市,民立里,Minli Vil.,U,10015,U01,10015010,,3104
2969,10015010002,花蓮縣,花蓮市,民運里,Minyun Vil.,U,10015,U01,10015010,,3105
2970,10015010003,花蓮縣,花蓮市,民族里,Minzu Vil.,U,10015,U01,10015010,,3106
2971,10015010004,花蓮縣,花蓮市,主信里,Zhuxin Vil.,U,10015,U01,10015010,,3107
2972,10015010005,花蓮縣,花蓮市,主睦里,Zhumu Vil.,U,10015,U01,10015010,,3108
2973,10015010006,花蓮縣,花蓮市,主和里,Zhuhe Vil.,U,10015,U01,10015010,,3109
2974,10015010007,花蓮縣,花蓮市,國威里,Guowei Vil.,U,10015,U01,10015010,,3110
2975,10015010008,花蓮縣,花蓮市,國風里,Guofeng Vil.,U,10015,U01,10015010,,3111
2976,10015010009,花蓮縣,花蓮市,民德里,Minde Vil.,U,10015,U01,10015010,,3112
2977,10015010010,花蓮縣,花蓮市,民意里,Minyi Vil.,U,10015,U01,10015010,,3113
2978,10015010012,花蓮縣,花蓮市,主義里,Zhuyi Vil.,U,10015,U01,10015010,,3114
2979,10015010013,花蓮縣,花蓮市,主工里,Zhugong Vil.,U,10015,U01,10015010,,3115
2980,10015010014,花蓮縣,花蓮市,主農里,Zhunong Vil.,U,10015,U01,10015010,,3116
2981,10015010015,花蓮縣,花蓮市,國治里,Guozhi Vil.,U,10015,U01,10015010,,3117
2982,10015010016,花蓮縣,花蓮市,國富里,Guofu Vil.,U,10015,U01,10015010,,3118
2983,10015010017,花蓮縣,花蓮市,民政里,Minzheng Vil.,U,10015,U01,10015010,,3119
2984,10015010018,花蓮縣,花蓮市,民勤里,Minqin Vil.,U,10015,U01,10015010,,3120
2985,10015010019,花蓮縣,花蓮市,民生里,Minsheng Vil.,U,10015,U01,10015010,,3121
2986,10015010020,花蓮縣,花蓮市,主商里,Zhushang Vil.,U,10015,U01,10015010,,3122
2987,10015010021,花蓮縣,花蓮市,主學里,Zhuxue Vil.,U,10015,U01,10015010,,3123
2988,10015010022,花蓮縣,花蓮市,國光里,Guoguang Vil.,U,10015,U01,10015010,,3124
2989,10015010023,花蓮縣,花蓮市,國聯里,Guolian Vil.,U,10015,U01,10015010,,3125
2990,10015010024,花蓮縣,花蓮市,國強里,Guoqiang Vil.,U,10015,U01,10015010,,3126
2991,10015010025,花蓮縣,花蓮市,民心里,Minxin Vil.,U,10015,U01,10015010,,3127
2992,10015010026,花蓮縣,花蓮市,民樂里,Minle Vil.,U,10015,U01,10015010,,3128
2993,10015010027,花蓮縣,花蓮市,民主里,Minzhu Vil.,U,10015,U01,10015010,,3129
2994,10015010028,花蓮縣,花蓮市,主勤里,Zhuqin Vil.,U,10015,U01,10015010,,3130
2995,10015010029,花蓮縣,花蓮市,主力里,Zhuli Vil.,U,10015,U01,10015010,,3131
2996,10015010030,花蓮縣,花蓮市,國安里,Guo'an Vil.,U,10015,U01,10015010,,3132
2997,10015010031,花蓮縣,花蓮市,國魂里,Guohun Vil.,U,10015,U01,10015010,,3133
2998,10015010032,花蓮縣,花蓮市,國慶里,Guoqing Vil.,U,10015,U01,10015010,,3134
2999,10015010033,花蓮縣,花蓮市,民享里,Minxiang Vil.,U,10015,U01,10015010,,3135
3000,10015010034,花蓮縣,花蓮市,民有里,Minyou Vil.,U,10015,U01,10015010,,3136
3001,10015010035,花蓮縣,花蓮市,民權里,Minquan Vil.,U,10015,U01,10015010,,3137
3002,10015010036,花蓮縣,花蓮市,主計里,Zhuji Vil.,U,10015,U01,10015010,,3138
3003,10015010037,花蓮縣,花蓮市,主權里,Zhuquan Vil.,U,10015,U01,10015010,,3139
3004,10015010038,花蓮縣,花蓮市,國華里,Guohua Vil.,U,10015,U01,10015010,,3140
3005,10015010039,花蓮縣,花蓮市,國防里,Guofang Vil.,U,10015,U01,10015010,,3141
3006,10015010040,花蓮縣,花蓮市,國福里,Guofu Vil.,U,10015,U01,10015010,,3142
3007,10015010041,花蓮縣,花蓮市,國裕里,Guoyu Vil.,U,10015,U01,10015010,,3143
3008,10015010042,花蓮縣,花蓮市,主安里,Zhu'an Vil.,U,10015,U01,10015010,,3144
3009,10015010043,花蓮縣,花蓮市,國盛里,Guocheng Vil.,U,10015,U01,10015010,,3145
3010,10015010044,花蓮縣,花蓮市,國興里,Guoxing Vil.,U,10015,U01,10015010,,3146
3011,10015010045,花蓮縣,花蓮市,民孝里,Minxiao Vil.,U,10015,U01,10015010,,3147
3012,10015010P01,花蓮縣,花蓮市,,,U,10015,U01,10015010,未編定村里,3148
3013,10015020001,花蓮縣,鳳林鎮,鳳仁里,Fengren Vil.,U,10015,U07,10015020,,3149
3014,10015020002,花蓮縣,鳳林鎮,鳳義里,Fengyi Vil.,U,10015,U07,10015020,,3150
3015,10015020003,花蓮縣,鳳林鎮,鳳禮里,Fengli Vil.,U,10015,U07,10015020,,3151
3016,10015020004,花蓮縣,鳳林鎮,鳳智里,Fengzhi Vil.,U,10015,U07,10015020,,3152
3017,10015020005,花蓮縣,鳳林鎮,鳳信里,Fengxin Vil.,U,10015,U07,10015020,,3153
3018,10015020006,花蓮縣,鳳林鎮,山興里,Shanxing Vil.,U,10015,U07,10015020,,3154
3019,10015020007,花蓮縣,鳳林鎮,大榮里,Darong Vil.,U,10015,U07,10015020,,3155
3020,10015020008,花蓮縣,鳳林鎮,北林里,Beilin Vil.,U,10015,U07,10015020,,3156
3021,10015020009,花蓮縣,鳳林鎮,南平里,Nanping Vil.,U,10015,U07,10015020,,3157
3022,10015020010,花蓮縣,鳳林鎮,林榮里,Linrong Vil.,U,10015,U07,10015020,,3158
3023,10015020011,花蓮縣,鳳林鎮,長橋里,Changqiao Vil.,U,10015,U07,10015020,,3159
3024,10015020012,花蓮縣,鳳林鎮,森榮里,Senrong Vil.,U,10015,U07,10015020,,3160
3025,10015030001,花蓮縣,玉里鎮,中城里,Zhongcheng Vil.,U,10015,U03,10015030,,3161
3026,10015030002,花蓮縣,玉里鎮,啟模里,Qimo Vil.,U,10015,U03,10015030,,3162
3027,10015030003,花蓮縣,玉里鎮,永昌里,Yongchang Vil.,U,10015,U03,10015030,,3163
3028,10015030004,花蓮縣,玉里鎮,泰昌里,Taichang Vil.,U,10015,U03,10015030,,3164
3029,10015030005,花蓮縣,玉里鎮,國武里,Guowu Vil.,U,10015,U03,10015030,,3165
3030,10015030006,花蓮縣,玉里鎮,源城里,Yuancheng Vil.,U,10015,U03,10015030,,3166
3031,10015030007,花蓮縣,玉里鎮,長良里,Changliang Vil.,U,10015,U03,10015030,,3167
3032,10015030008,花蓮縣,玉里鎮,樂合里,Lehe Vil.,U,10015,U03,10015030,,3168
3033,10015030009,花蓮縣,玉里鎮,東豐里,Dongfeng Vil.,U,10015,U03,10015030,,3169
3034,10015030010,花蓮縣,玉里鎮,觀音里,Guanyin Vil.,U,10015,U03,10015030,,3170
3035,10015030011,花蓮縣,玉里鎮,松浦里,Songpu Vil.,U,10015,U03,10015030,,3171
3036,10015030012,花蓮縣,玉里鎮,春日里,Chunri Vil.,U,10015,U03,10015030,,3172
3037,10015030013,花蓮縣,玉里鎮,德武里,Dewu Vil.,U,10015,U03,10015030,,3173
3038,10015030014,花蓮縣,玉里鎮,三民里,Sanmin Vil.,U,10015,U03,10015030,,3174
3039,10015030015,花蓮縣,玉里鎮,大禹里,Dayu Vil.,U,10015,U03,10015030,,3175
3040,10015040001,花蓮縣,新城鄉,新城村,Xincheng Vil.,U,10015,U04,10015040,,3176
3041,10015040002,花蓮縣,新城鄉,順安村,Shun'an Vil.,U,10015,U04,10015040,,3177
3042,10015040003,花蓮縣,新城鄉,康樂村,Kangle Vil.,U,10015,U04,10015040,,3178
3043,10015040004,花蓮縣,新城鄉,北埔村,Beipu Vil.,U,10015,U04,10015040,,3179
3044,10015040005,花蓮縣,新城鄉,佳林村,Jialin Vil.,U,10015,U04,10015040,,3180
3045,10015040006,花蓮縣,新城鄉,嘉里村,Jiali Vil.,U,10015,U04,10015040,,3181
3046,10015040007,花蓮縣,新城鄉,嘉新村,Jiaxin Vil.,U,10015,U04,10015040,,3182
3047,10015040008,花蓮縣,新城鄉,大漢村,Dahan Vil.,U,10015,U04,10015040,,3183
3048,10015040009,花蓮縣,新城鄉,新秀村,Xinxiu Vil.,U,10015,U04,10015040,,3184
3049,10015050001,花蓮縣,吉安鄉,北昌村,Beichang Vil.,U,10015,U05,10015050,,3185
3050,10015050002,花蓮縣,吉安鄉,勝安村,Sheng'an Vil.,U,10015,U05,10015050,,3186
3051,10015050003,花蓮縣,吉安鄉,太昌村,Taichang Vil.,U,10015,U05,10015050,,3187
3052,10015050004,花蓮縣,吉安鄉,永安村,Yong'an Vil.,U,10015,U05,10015050,,3188
3053,10015050005,花蓮縣,吉安鄉,慶豐村,Qingfeng Vil.,U,10015,U05,10015050,,3189
3054,10015050006,花蓮縣,吉安鄉,吉安村,Ji'an Vil.,U,10015,U05,10015050,,3190
3055,10015050007,花蓮縣,吉安鄉,福興村,Fuxing Vil.,U,10015,U05,10015050,,3191
3056,10015050008,花蓮縣,吉安鄉,南華村,Nanhua Vil.,U,10015,U05,10015050,,3192
3057,10015050009,花蓮縣,吉安鄉,干城村,Gancheng Vil.,U,10015,U05,10015050,,3193
3058,10015050010,花蓮縣,吉安鄉,永興村,Yongxing Vil.,U,10015,U05,10015050,,3194
3059,10015050011,花蓮縣,吉安鄉,稻香村,Daoxiang Vil.,U,10015,U05,10015050,,3195
3060,10015050012,花蓮縣,吉安鄉,南昌村,Nanchang Vil.,U,10015,U05,10015050,,3196
3061,10015050013,花蓮縣,吉安鄉,宜昌村,Yichang Vil.,U,10015,U05,10015050,,3197
3062,10015050014,花蓮縣,吉安鄉,仁里村,Renli Vil.,U,10015,U05,10015050,,3198
3063,10015050015,花蓮縣,吉安鄉,東昌村,Dongchang Vil.,U,10015,U05,10015050,,3199
3064,10015050016,花蓮縣,吉安鄉,仁安村,Ren'an Vil.,U,10015,U05,10015050,,3200
3065,10015050017,花蓮縣,吉安鄉,仁和村,Renhe Vil.,U,10015,U05,10015050,,3201
3066,10015050018,花蓮縣,吉安鄉,光華村,Guanghua Vil.,U,10015,U05,10015050,,3202
3067,10015050019,花蓮縣,吉安鄉,吉昌村,Jichang Vil.,U,10015,U05,10015050,,3203
3068,10015060001,花蓮縣,壽豐鄉,樹湖村,Shuhu Vil.,U,10015,U06,10015060,,3204
3069,10015060002,花蓮縣,壽豐鄉,溪口村,Xikou Vil.,U,10015,U06,10015060,,3205
3070,10015060003,花蓮縣,壽豐鄉,豐山村,Fengshan Vil.,U,10015,U06,10015060,,3206
3071,10015060004,花蓮縣,壽豐鄉,豐裡村,Fengli Vil.,U,10015,U06,10015060,,3207
3072,10015060005,花蓮縣,壽豐鄉,豐坪村,Fengping Vil.,U,10015,U06,10015060,,3208
3073,10015060006,花蓮縣,壽豐鄉,共和村,Gonghe Vil.,U,10015,U06,10015060,,3209
3074,10015060007,花蓮縣,壽豐鄉,壽豐村,Shoufeng Vil.,U,10015,U06,10015060,,3210
3075,10015060008,花蓮縣,壽豐鄉,光榮村,Guangrong Vil.,U,10015,U06,10015060,,3211
3076,10015060009,花蓮縣,壽豐鄉,池南村,Chinan Vil.,U,10015,U06,10015060,,3212
3077,10015060010,花蓮縣,壽豐鄉,平和村,Pinghe Vil.,U,10015,U06,10015060,,3213
3078,10015060011,花蓮縣,壽豐鄉,志學村,Zhixue Vil.,U,10015,U06,10015060,,3214
3079,10015060012,花蓮縣,壽豐鄉,米棧村,Mizhan Vil.,U,10015,U06,10015060,,3215
3080,10015060013,花蓮縣,壽豐鄉,月眉村,Yuemei Vil.,U,10015,U06,10015060,,3216
3081,10015060014,花蓮縣,壽豐鄉,水璉村,Shuilian Vil.,U,10015,U06,10015060,,3217
3082,10015060015,花蓮縣,壽豐鄉,鹽寮村,Yanliao Vil.,U,10015,U06,10015060,,3218
3083,10015070001,花蓮縣,光復鄉,大安村,Da'an Vil.,U,10015,U02,10015070,,3219
3084,10015070002,花蓮縣,光復鄉,大華村,Dahua Vil.,U,10015,U02,10015070,,3220
3085,10015070003,花蓮縣,光復鄉,大平村,Daping Vil.,U,10015,U02,10015070,,3221
3086,10015070004,花蓮縣,光復鄉,大馬村,Dama Vil.,U,10015,U02,10015070,,3222
3087,10015070005,花蓮縣,光復鄉,大同村,Datong Vil.,U,10015,U02,10015070,,3223
3088,10015070006,花蓮縣,光復鄉,大進村,Dajin Vil.,U,10015,U02,10015070,,3224
3089,10015070007,花蓮縣,光復鄉,大全村,Daquan Vil.,U,10015,U02,10015070,,3225
3090,10015070008,花蓮縣,光復鄉,大興村,Daxing Vil.,U,10015,U02,10015070,,3226
3091,10015070009,花蓮縣,光復鄉,大富村,Dafu Vil.,U,10015,U02,10015070,,3227
3092,10015070010,花蓮縣,光復鄉,大豐村,Dafeng Vil.,U,10015,U02,10015070,,3228
3093,10015070011,花蓮縣,光復鄉,東富村,Dongfu Vil.,U,10015,U02,10015070,,3229
3094,10015070012,花蓮縣,光復鄉,西富村,Xifu Vil.,U,10015,U02,10015070,,3230
3095,10015070013,花蓮縣,光復鄉,南富村,Nanfu Vil.,U,10015,U02,10015070,,3231
3096,10015070014,花蓮縣,光復鄉,北富村,Beifu Vil.,U,10015,U02,10015070,,3232
3097,10015080001,花蓮縣,豐濱鄉,豐濱村,Fengbin Vil.,U,10015,U08,10015080,,3233
3098,10015080002,花蓮縣,豐濱鄉,新社村,Xinshe Vil.,U,10015,U08,10015080,,3234
3099,10015080003,花蓮縣,豐濱鄉,磯崎村,Jiqi Vil.,U,10015,U08,10015080,,3235
3100,10015080004,花蓮縣,豐濱鄉,港口村,Gangkou Vil.,U,10015,U08,10015080,,3236
3101,10015080005,花蓮縣,豐濱鄉,靜浦村,Jingpu Vil.,U,10015,U08,10015080,,3237
3102,10015080P01,花蓮縣,豐濱鄉,,,U,10015,U08,10015080,未編定村里,3238
3103,10015090001,花蓮縣,瑞穗鄉,瑞穗村,Ruisui Vil.,U,10015,U09,10015090,,3239
3104,10015090002,花蓮縣,瑞穗鄉,瑞美村,Ruimei Vil.,U,10015,U09,10015090,,3240
3105,10015090003,花蓮縣,瑞穗鄉,瑞良村,Ruiliang Vil.,U,10015,U09,10015090,,3241
3106,10015090004,花蓮縣,瑞穗鄉,瑞祥村,Ruixiang Vil.,U,10015,U09,10015090,,3242
3107,10015090005,花蓮縣,瑞穗鄉,瑞北村,Ruibei Vil.,U,10015,U09,10015090,,3243
3108,10015090006,花蓮縣,瑞穗鄉,舞鶴村,Wuhe Vil.,U,10015,U09,10015090,,3244
3109,10015090007,花蓮縣,瑞穗鄉,鶴岡村,Hegang Vil.,U,10015,U09,10015090,,3245
3110,10015090008,花蓮縣,瑞穗鄉,奇美村,Qimei Vil.,U,10015,U09,10015090,,3246
3111,10015090009,花蓮縣,瑞穗鄉,富源村,Fuyuan Vil.,U,10015,U09,10015090,,3247
3112,10015090010,花蓮縣,瑞穗鄉,富民村,Fumin Vil.,U,10015,U09,10015090,,3248
3113,10015090011,花蓮縣,瑞穗鄉,富興村,Fuxing Vil.,U,10015,U09,10015090,,3249
3114,10015100001,花蓮縣,富里鄉,吳江村,Wujiang Vil.,U,10015,U10,10015100,,3250
3115,10015100002,花蓮縣,富里鄉,東里村,Dongli Vil.,U,10015,U10,10015100,,3251
3116,10015100003,花蓮縣,富里鄉,萬寧村,Wanning Vil.,U,10015,U10,10015100,,3252
3117,10015100004,花蓮縣,富里鄉,新興村,Xinxing Vil.,U,10015,U10,10015100,,3253
3118,10015100005,花蓮縣,富里鄉,竹田村,Zhutian Vil.,U,10015,U10,10015100,,3254
3119,10015100006,花蓮縣,富里鄉,羅山村,Luoshan Vil.,U,10015,U10,10015100,,3255
3120,10015100007,花蓮縣,富里鄉,石牌村,Shipai Vil.,U,10015,U10,10015100,,3256
3121,10015100008,花蓮縣,富里鄉,明里村,Mingli Vil.,U,10015,U10,10015100,,3257
3122,10015100009,花蓮縣,富里鄉,富里村,Fuli Vil.,U,10015,U10,10015100,,3258
3123,10015100010,花蓮縣,富里鄉,永豐村,Yongfeng Vil.,U,10015,U10,10015100,,3259
3124,10015100011,花蓮縣,富里鄉,豐南村,Fengnan Vil.,U,10015,U10,10015100,,3260
3125,10015100012,花蓮縣,富里鄉,富南村,Funan Vil.,U,10015,U10,10015100,,3261
3126,10015100013,花蓮縣,富里鄉,學田村,Xuetian Vil.,U,10015,U10,10015100,,3262
3127,10015110001,花蓮縣,秀林鄉,崇德村,Chongde Vil.,U,10015,U11,10015110,,3263
3128,10015110002,花蓮縣,秀林鄉,富世村,Fushi Vil.,U,10015,U11,10015110,,3264
3129,10015110003,花蓮縣,秀林鄉,秀林村,Xiulin Vil.,U,10015,U11,10015110,,3265
3130,10015110004,花蓮縣,秀林鄉,水源村,Shuiyuan Vil.,U,10015,U11,10015110,,3266
3131,10015110005,花蓮縣,秀林鄉,銅門村,Tongmen Vil.,U,10015,U11,10015110,,3267
3132,10015110006,花蓮縣,秀林鄉,文蘭村,Wenlan Vil.,U,10015,U11,10015110,,3268
3133,10015110007,花蓮縣,秀林鄉,景美村,Jingmei Vil.,U,10015,U11,10015110,,3269
3134,10015110008,花蓮縣,秀林鄉,佳民村,Jiamin Vil.,U,10015,U11,10015110,,3270
3135,10015110009,花蓮縣,秀林鄉,和平村,Heping Vil.,U,10015,U11,10015110,,3271
3136,10015120001,花蓮縣,萬榮鄉,西林村,Xilin Vil.,U,10015,U12,10015120,,3272
3137,10015120002,花蓮縣,萬榮鄉,見晴村,Jianqing Vil.,U,10015,U12,10015120,,3273
3138,10015120003,花蓮縣,萬榮鄉,萬榮村,Wanrong Vil.,U,10015,U12,10015120,,3274
3139,10015120004,花蓮縣,萬榮鄉,明利村,Mingli Vil.,U,10015,U12,10015120,,3275
3140,10015120005,花蓮縣,萬榮鄉,馬遠村,Mayuan Vil.,U,10015,U12,10015120,,3276
3141,10015120006,花蓮縣,萬榮鄉,紅葉村,Hongye Vil.,U,10015,U12,10015120,,3277
3142,10015130001,花蓮縣,卓溪鄉,崙山村,Lunshan Vil.,U,10015,U13,10015130,,3278
3143,10015130002,花蓮縣,卓溪鄉,立山村,Lishan Vil.,U,10015,U13,10015130,,3279
3144,10015130003,花蓮縣,卓溪鄉,太平村,Taiping Vil.,U,10015,U13,10015130,,3280
3145,10015130004,花蓮縣,卓溪鄉,卓溪村,Zhuoxi Vil.,U,10015,U13,10015130,,3281
3146,10015130005,花蓮縣,卓溪鄉,卓清村,Zhuoqing Vil.,U,10015,U13,10015130,,3282
3147,10015130006,花蓮縣,卓溪鄉,古風村,Gufeng Vil.,U,10015,U13,10015130,,3283
3148,10016010002,澎湖縣,馬公市,復興里,Fuxing Vil.,X,10016,X01,10016010,,3284
3149,10016010003,澎湖縣,馬公市,長安里,Chang'an Vil.,X,10016,X01,10016010,,3285
3150,10016010004,澎湖縣,馬公市,中央里,Zhongyang Vil.,X,10016,X01,10016010,,3286
3151,10016010005,澎湖縣,馬公市,啟明里,Qiming Vil.,X,10016,X01,10016010,,3287
3152,10016010006,澎湖縣,馬公市,重慶里,Zhongqing Vil.,X,10016,X01,10016010,,3288
3153,10016010007,澎湖縣,馬公市,中興里,Zhongxing Vil.,X,10016,X01,10016010,,3289
3154,10016010008,澎湖縣,馬公市,光復里,Guangfu Vil.,X,10016,X01,10016010,,3290
3155,10016010009,澎湖縣,馬公市,光榮里,Guangrong Vil.,X,10016,X01,10016010,,3291
3156,10016010010,澎湖縣,馬公市,光明里,Guangming Vil.,X,10016,X01,10016010,,3292
3157,10016010011,澎湖縣,馬公市,朝陽里,Zhaoyang Vil.,X,10016,X01,10016010,,3293
3158,10016010012,澎湖縣,馬公市,陽明里,Yangming Vil.,X,10016,X01,10016010,,3294
3159,10016010013,澎湖縣,馬公市,重光里,Zhongguang Vil.,X,10016,X01,10016010,,3295
3160,10016010014,澎湖縣,馬公市,西衛里,Xiwei Vil.,X,10016,X01,10016010,,3296
3161,10016010015,澎湖縣,馬公市,西文里,Xiwen Vil.,X,10016,X01,10016010,,3297
3162,10016010016,澎湖縣,馬公市,東文里,Dongwen Vil.,X,10016,X01,10016010,,3298
3163,10016010017,澎湖縣,馬公市,案山里,Anshan Vil.,X,10016,X01,10016010,,3299
3164,10016010018,澎湖縣,馬公市,光華里,Guanghua Vil.,X,10016,X01,10016010,,3300
3165,10016010019,澎湖縣,馬公市,前寮里,Qianliao Vil.,X,10016,X01,10016010,,3301
3166,10016010020,澎湖縣,馬公市,石泉里,Shiquan Vil.,X,10016,X01,10016010,,3302
3167,10016010021,澎湖縣,馬公市,菜園里,Caiyuan Vil.,X,10016,X01,10016010,,3303
3168,10016010022,澎湖縣,馬公市,東衛里,Dongwei Vil.,X,10016,X01,10016010,,3304
3169,10016010023,澎湖縣,馬公市,安宅里,Anzhai Vil.,X,10016,X01,10016010,,3305
3170,10016010024,澎湖縣,馬公市,烏崁里,Wukan Vil.,X,10016,X01,10016010,,3306
3171,10016010025,澎湖縣,馬公市,興仁里,Xingren Vil.,X,10016,X01,10016010,,3307
3172,10016010026,澎湖縣,馬公市,鐵線里,Tiexian Vil.,X,10016,X01,10016010,,3308
3173,10016010027,澎湖縣,馬公市,山水里,Shanshui Vil.,X,10016,X01,10016010,,3309
3174,10016010028,澎湖縣,馬公市,鎖港里,Suogang Vil.,X,10016,X01,10016010,,3310
3175,10016010029,澎湖縣,馬公市,五德里,Wude Vil.,X,10016,X01,10016010,,3311
3176,10016010030,澎湖縣,馬公市,井垵里,Jing'an Vil.,X,10016,X01,10016010,,3312
3177,10016010031,澎湖縣,馬公市,[嵵]裡里,Shili Vil.,X,10016,X01,10016010,,3313
3178,10016010032,澎湖縣,馬公市,風櫃里,Fenggui Vil.,X,10016,X01,10016010,,3314
3179,10016010033,澎湖縣,馬公市,虎井里,Hujing Vil.,X,10016,X01,10016010,,3315
3180,10016010034,澎湖縣,馬公市,桶盤里,Tongpan Vil.,X,10016,X01,10016010,,3316
3181,10016020001,澎湖縣,湖西鄉,湖西村,Huxi Vil.,X,10016,X02,10016020,,3317
3182,10016020002,澎湖縣,湖西鄉,湖東村,Hudong Vil.,X,10016,X02,10016020,,3318
3183,10016020003,澎湖縣,湖西鄉,青螺村,Qingluo Vil.,X,10016,X02,10016020,,3319
3184,10016020004,澎湖縣,湖西鄉,白坑村,Baikeng Vil.,X,10016,X02,10016020,,3320
3185,10016020005,澎湖縣,湖西鄉,南寮村,Nanliao Vil.,X,10016,X02,10016020,,3321
3186,10016020006,澎湖縣,湖西鄉,北寮村,Beiliao Vil.,X,10016,X02,10016020,,3322
3187,10016020007,澎湖縣,湖西鄉,紅羅村,Hongluo Vil.,X,10016,X02,10016020,,3323
3188,10016020008,澎湖縣,湖西鄉,西溪村,Xixi Vil.,X,10016,X02,10016020,,3324
3189,10016020009,澎湖縣,湖西鄉,成功村,Chenggong Vil.,X,10016,X02,10016020,,3325
3190,10016020010,澎湖縣,湖西鄉,東石村,Dongshi Vil.,X,10016,X02,10016020,,3326
3191,10016020011,澎湖縣,湖西鄉,中西村,Zhongxi Vil.,X,10016,X02,10016020,,3327
3192,10016020012,澎湖縣,湖西鄉,潭邊村,Tanbian Vil.,X,10016,X02,10016020,,3328
3193,10016020013,澎湖縣,湖西鄉,鼎灣村,Dingwan Vil.,X,10016,X02,10016020,,3329
3194,10016020014,澎湖縣,湖西鄉,許家村,Xujia Vil.,X,10016,X02,10016020,,3330
3195,10016020015,澎湖縣,湖西鄉,沙港村,Shagang Vil.,X,10016,X02,10016020,,3331
3196,10016020016,澎湖縣,湖西鄉,城北村,Chengbei Vil.,X,10016,X02,10016020,,3332
3197,10016020017,澎湖縣,湖西鄉,太武村,Taiwu Vil.,X,10016,X02,10016020,,3333
3198,10016020018,澎湖縣,湖西鄉,隘門村,Aimen Vil.,X,10016,X02,10016020,,3334
3199,10016020019,澎湖縣,湖西鄉,林投村,Lintou Vil.,X,10016,X02,10016020,,3335
3200,10016020020,澎湖縣,湖西鄉,尖山村,Jianshan Vil.,X,10016,X02,10016020,,3336
3201,10016020021,澎湖縣,湖西鄉,龍門村,Longmen Vil.,X,10016,X02,10016020,,3337
3202,10016020022,澎湖縣,湖西鄉,菓葉村,Guoye Vil.,X,10016,X02,10016020,,3338
3203,10016020S01,澎湖縣,湖西鄉,,,X,10016,X02,10016020,未編定村里,3339
3203,10016020S02,澎湖縣,湖西鄉,,,X,10016,X02,10016020,未編定村里,3340
3203,10016020S03,澎湖縣,湖西鄉,,,X,10016,X02,10016020,未編定村里,3341
3203,10016020S04,澎湖縣,湖西鄉,,,X,10016,X02,10016020,未編定村里,3342
3203,10016020S05,澎湖縣,湖西鄉,,,X,10016,X02,10016020,未編定村里,3343
3203,10016020S06,澎湖縣,湖西鄉,,,X,10016,X02,10016020,未編定村里,3344
3203,10016020S07,澎湖縣,湖西鄉,,,X,10016,X02,10016020,未編定村里,3345
3203,10016020S08,澎湖縣,湖西鄉,,,X,10016,X02,10016020,未編定村里,3346
3204,10016030001,澎湖縣,白沙鄉,中屯村,Zhongtun Vil.,X,10016,X03,10016030,,3347
3205,10016030002,澎湖縣,白沙鄉,講美村,Jiangmei Vil.,X,10016,X03,10016030,,3348
3206,10016030003,澎湖縣,白沙鄉,城前村,Chengqian Vil.,X,10016,X03,10016030,,3349
3207,10016030004,澎湖縣,白沙鄉,鎮海村,Zhenhai Vil.,X,10016,X03,10016030,,3350
3208,10016030005,澎湖縣,白沙鄉,港子村,Gangzi Vil.,X,10016,X03,10016030,,3351
3209,10016030006,澎湖縣,白沙鄉,岐頭村,Qitou Vil.,X,10016,X03,10016030,,3352
3210,10016030007,澎湖縣,白沙鄉,小赤村,Xiaochi Vil.,X,10016,X03,10016030,,3353
3211,10016030008,澎湖縣,白沙鄉,赤崁村,Chikan Vil.,X,10016,X03,10016030,,3354
3212,10016030009,澎湖縣,白沙鄉,瓦硐村,Watong Vil.,X,10016,X03,10016030,,3355
3213,10016030010,澎湖縣,白沙鄉,後寮村,Houliao Vil.,X,10016,X03,10016030,,3356
3214,10016030011,澎湖縣,白沙鄉,通梁村,Tongliang Vil.,X,10016,X03,10016030,,3357
3215,10016030012,澎湖縣,白沙鄉,吉貝村,Jibei Vil.,X,10016,X03,10016030,,3358
3216,10016030013,澎湖縣,白沙鄉,鳥嶼村,Niaoyu Vil.,X,10016,X03,10016030,,3359
3217,10016030014,澎湖縣,白沙鄉,員貝村,Yuanbei Vil.,X,10016,X03,10016030,,3360
3218,10016030015,澎湖縣,白沙鄉,大倉村,Dacang Vil.,X,10016,X03,10016030,,3361
3219,10016030S01,澎湖縣,白沙鄉,,,X,10016,X03,10016030,未編定村里,3362
3220,10016040001,澎湖縣,西嶼鄉,橫礁村,Hengjiao Vil.,X,10016,X04,10016040,,3363
3221,10016040002,澎湖縣,西嶼鄉,合界村,Hejie Vil.,X,10016,X04,10016040,,3364
3222,10016040003,澎湖縣,西嶼鄉,小門村,Xiaomen Vil.,X,10016,X04,10016040,,3365
3223,10016040004,澎湖縣,西嶼鄉,竹灣村,Zhuwan Vil.,X,10016,X04,10016040,,3366
3224,10016040005,澎湖縣,西嶼鄉,大池村,Dachi Vil.,X,10016,X04,10016040,,3367
3225,10016040006,澎湖縣,西嶼鄉,二崁村,Erkan Vil.,X,10016,X04,10016040,,3368
3226,10016040007,澎湖縣,西嶼鄉,池東村,Chidong Vil.,X,10016,X04,10016040,,3369
3227,10016040008,澎湖縣,西嶼鄉,池西村,Chixi Vil.,X,10016,X04,10016040,,3370
3228,10016040009,澎湖縣,西嶼鄉,赤馬村,Chima Vil.,X,10016,X04,10016040,,3371
3229,10016040010,澎湖縣,西嶼鄉,內垵村,Nei'an Vil.,X,10016,X04,10016040,,3372
3230,10016040011,澎湖縣,西嶼鄉,外垵村,Wai'an Vil.,X,10016,X04,10016040,,3373
3231,10016050001,澎湖縣,望安鄉,東安村,Dong'an Vil.,X,10016,X05,10016050,,3374
3232,10016050002,澎湖縣,望安鄉,西安村,Xi'an Vil.,X,10016,X05,10016050,,3375
3233,10016050003,澎湖縣,望安鄉,中社村,Zhongshe Vil.,X,10016,X05,10016050,,3376
3234,10016050004,澎湖縣,望安鄉,水垵村,Shui'an Vil.,X,10016,X05,10016050,,3377
3235,10016050005,澎湖縣,望安鄉,將軍村,Jiangjun Vil.,X,10016,X05,10016050,,3378
3236,10016050006,澎湖縣,望安鄉,東坪村,Dongping Vil.,X,10016,X05,10016050,,3379
3237,10016050007,澎湖縣,望安鄉,西坪村,Xiping Vil.,X,10016,X05,10016050,,3380
3238,10016050008,澎湖縣,望安鄉,東吉村,Dongji Vil.,X,10016,X05,10016050,,3381
3239,10016050009,澎湖縣,望安鄉,花嶼村,Huayu Vil.,X,10016,X05,10016050,,3382
3240,10016050S01,澎湖縣,望安鄉,,,X,10016,X05,10016050,未編定村里,3383
3241,10016060001,澎湖縣,七美鄉,東湖村,Donghu Vil.,X,10016,X06,10016060,,3384
3242,10016060002,澎湖縣,七美鄉,西湖村,Xihu Vil.,X,10016,X06,10016060,,3385
3243,10016060003,澎湖縣,七美鄉,中和村,Zhonghe Vil.,X,10016,X06,10016060,,3386
3244,10016060004,澎湖縣,七美鄉,平和村,Pinghe Vil.,X,10016,X06,10016060,,3387
3245,10016060005,澎湖縣,七美鄉,海豐村,Haifeng Vil.,X,10016,X06,10016060,,3388
3246,10016060006,澎湖縣,七美鄉,南港村,Nangang Vil.,X,10016,X06,10016060,,3389
3247,10017010001,基隆市,中正區,德義里,Deyi Vil.,C,10017,C01,10017010,,3390
3248,10017010002,基隆市,中正區,正義里,Zhengyi Vil.,C,10017,C01,10017010,,3391
3249,10017010003,基隆市,中正區,信義里,Xinyi Vil.,C,10017,C01,10017010,,3392
3250,10017010004,基隆市,中正區,義重里,Yizhong Vil.,C,10017,C01,10017010,,3393
3251,10017010005,基隆市,中正區,港通里,Gangtong Vil.,C,10017,C01,10017010,,3394
3252,10017010006,基隆市,中正區,中船里,Zhongchuan Vil.,C,10017,C01,10017010,,3395
3253,10017010007,基隆市,中正區,正船里,Zhengchuan Vil.,C,10017,C01,10017010,,3396
3254,10017010008,基隆市,中正區,入船里,Ruchuan Vil.,C,10017,C01,10017010,,3397
3255,10017010009,基隆市,中正區,中砂里,Zhongsha Vil.,C,10017,C01,10017010,,3398
3256,10017010010,基隆市,中正區,正砂里,Zhengsha Vil.,C,10017,C01,10017010,,3399
3257,10017010011,基隆市,中正區,真砂里,Zhensha Vil.,C,10017,C01,10017010,,3400
3258,10017010012,基隆市,中正區,砂灣里,Shawan Vil.,C,10017,C01,10017010,,3401
3259,10017010013,基隆市,中正區,建國里,Jianguo Vil.,C,10017,C01,10017010,,3402
3260,10017010014,基隆市,中正區,中濱里,Zhongbin Vil.,C,10017,C01,10017010,,3403
3261,10017010015,基隆市,中正區,海濱里,Haibin Vil.,C,10017,C01,10017010,,3404
3262,10017010016,基隆市,中正區,社寮里,Sheliao Vil.,C,10017,C01,10017010,,3405
3263,10017010017,基隆市,中正區,和憲里,Hexian Vil.,C,10017,C01,10017010,,3406
3264,10017010018,基隆市,中正區,平寮里,Pingliao Vil.,C,10017,C01,10017010,,3407
3265,10017010019,基隆市,中正區,八斗里,Badou Vil.,C,10017,C01,10017010,,3408
3266,10017010020,基隆市,中正區,碧砂里,Bisha Vil.,C,10017,C01,10017010,,3409
3267,10017010021,基隆市,中正區,長潭里,Changtan Vil.,C,10017,C01,10017010,,3410
3268,10017010022,基隆市,中正區,砂子里,Shazi Vil.,C,10017,C01,10017010,,3411
3269,10017010023,基隆市,中正區,中正里,Zhongzheng Vil.,C,10017,C01,10017010,,3412
3270,10017010024,基隆市,中正區,正濱里,Zhengbin Vil.,C,10017,C01,10017010,,3413
3271,10017010025,基隆市,中正區,新豐里,Xinfeng Vil.,C,10017,C01,10017010,,3414
3272,10017010026,基隆市,中正區,新富里,Xinfu Vil.,C,10017,C01,10017010,,3415
3273,10017010P01,基隆市,中正區,,,C,10017,C01,10017010,未編定村里,3416
3273,10017010P02,基隆市,中正區,,,C,10017,C01,10017010,未編定村里,3417
3273,10017010S01,基隆市,中正區,,,C,10017,C01,10017010,未編定村里,3418
3273,10017010S02,基隆市,中正區,,,C,10017,C01,10017010,未編定村里,3419
3273,10017010S03,基隆市,中正區,,,C,10017,C01,10017010,未編定村里,3420
3273,10017010S04,基隆市,中正區,,,C,10017,C01,10017010,未編定村里,3421
3274,10017020001,基隆市,七堵區,長興里,Changxing Vil.,C,10017,C02,10017020,,3422
3275,10017020002,基隆市,七堵區,正光里,Zhengguang Vil.,C,10017,C02,10017020,,3423
3276,10017020003,基隆市,七堵區,富民里,Fumin Vil.,C,10017,C02,10017020,,3424
3277,10017020004,基隆市,七堵區,永平里,Yongping Vil.,C,10017,C02,10017020,,3425
3278,10017020005,基隆市,七堵區,永安里,Yong'an Vil.,C,10017,C02,10017020,,3426
3279,10017020006,基隆市,七堵區,八德里,Bade Vil.,C,10017,C02,10017020,,3427
3280,10017020007,基隆市,七堵區,自強里,Ziqiang Vil.,C,10017,C02,10017020,,3428
3281,10017020008,基隆市,七堵區,六堵里,Liudu Vil.,C,10017,C02,10017020,,3429
3282,10017020009,基隆市,七堵區,泰安里,Tai'an Vil.,C,10017,C02,10017020,,3430
3283,10017020010,基隆市,七堵區,堵北里,Dubei Vil.,C,10017,C02,10017020,,3431
3284,10017020011,基隆市,七堵區,堵南里,Dunan Vil.,C,10017,C02,10017020,,3432
3285,10017020012,基隆市,七堵區,瑪南里,Manan Vil.,C,10017,C02,10017020,,3433
3286,10017020013,基隆市,七堵區,瑪東里,Madong Vil.,C,10017,C02,10017020,,3434
3287,10017020014,基隆市,七堵區,瑪西里,Maxi Vil.,C,10017,C02,10017020,,3435
3288,10017020015,基隆市,七堵區,友一里,Youyi Vil.,C,10017,C02,10017020,,3436
3289,10017020016,基隆市,七堵區,友二里,Youer Vil.,C,10017,C02,10017020,,3437
3290,10017020017,基隆市,七堵區,正明里,Zhengming Vil.,C,10017,C02,10017020,,3438
3291,10017020018,基隆市,七堵區,百福里,Baifu Vil.,C,10017,C02,10017020,,3439
3292,10017020019,基隆市,七堵區,實踐里,Shijian Vil.,C,10017,C02,10017020,,3440
3293,10017020020,基隆市,七堵區,長安里,Chang'an Vil.,C,10017,C02,10017020,,3441
3294,10017030001,基隆市,暖暖區,八西里,Baxi Vil.,C,10017,C03,10017030,,3442
3295,10017030002,基隆市,暖暖區,八堵里,Badu Vil.,C,10017,C03,10017030,,3443
3296,10017030003,基隆市,暖暖區,八南里,Banan Vil.,C,10017,C03,10017030,,3444
3297,10017030004,基隆市,暖暖區,過港里,Guogang Vil.,C,10017,C03,10017030,,3445
3298,10017030005,基隆市,暖暖區,碇內里,Dingnei Vil.,C,10017,C03,10017030,,3446
3299,10017030006,基隆市,暖暖區,碇和里,Dinghe Vil.,C,10017,C03,10017030,,3447
3300,10017030007,基隆市,暖暖區,暖同里,Nuantong Vil.,C,10017,C03,10017030,,3448
3301,10017030008,基隆市,暖暖區,暖暖里,Nuannuan Vil.,C,10017,C03,10017030,,3449
3302,10017030009,基隆市,暖暖區,暖東里,Nuandong Vil.,C,10017,C03,10017030,,3450
3303,10017030010,基隆市,暖暖區,暖西里,Nuanxi Vil.,C,10017,C03,10017030,,3451
3304,10017030011,基隆市,暖暖區,八中里,Bazhong Vil.,C,10017,C03,10017030,,3452
3305,10017030012,基隆市,暖暖區,碇安里,Ding'an Vil.,C,10017,C03,10017030,,3453
3306,10017030013,基隆市,暖暖區,碇祥里,Dingxiang Vil.,C,10017,C03,10017030,,3454
3307,10017040001,基隆市,仁愛區,林泉里,Linquan Vil.,C,10017,C04,10017040,,3455
3308,10017040002,基隆市,仁愛區,花崗里,Huagang Vil.,C,10017,C04,10017040,,3456
3309,10017040003,基隆市,仁愛區,虹橋里,Hongqiao Vil.,C,10017,C04,10017040,,3457
3310,10017040004,基隆市,仁愛區,水錦里,Shuijin Vil.,C,10017,C04,10017040,,3458
3311,10017040005,基隆市,仁愛區,智仁里,Zhiren Vil.,C,10017,C04,10017040,,3459
3312,10017040006,基隆市,仁愛區,和明里,Heming Vil.,C,10017,C04,10017040,,3460
3313,10017040007,基隆市,仁愛區,忠勇里,Zhongyong Vil.,C,10017,C04,10017040,,3461
3314,10017040008,基隆市,仁愛區,玉田里,Yutian Vil.,C,10017,C04,10017040,,3462
3315,10017040009,基隆市,仁愛區,仁德里,Rende Vil.,C,10017,C04,10017040,,3463
3316,10017040010,基隆市,仁愛區,博愛里,Bo'ai Vil.,C,10017,C04,10017040,,3464
3317,10017040011,基隆市,仁愛區,福仁里,Furen Vil.,C,10017,C04,10017040,,3465
3318,10017040012,基隆市,仁愛區,誠仁里,Chengren Vil.,C,10017,C04,10017040,,3466
3319,10017040013,基隆市,仁愛區,吉仁里,Jiren Vil.,C,10017,C04,10017040,,3467
3320,10017040014,基隆市,仁愛區,育仁里,Yuren Vil.,C,10017,C04,10017040,,3468
3321,10017040015,基隆市,仁愛區,英仁里,Yingren Vil.,C,10017,C04,10017040,,3469
3322,10017040016,基隆市,仁愛區,龍門里,Longmen Vil.,C,10017,C04,10017040,,3470
3323,10017040017,基隆市,仁愛區,德厚里,Dehou Vil.,C,10017,C04,10017040,,3471
3324,10017040018,基隆市,仁愛區,曲水里,Qushui Vil.,C,10017,C04,10017040,,3472
3325,10017040019,基隆市,仁愛區,崇文里,Chongwen Vil.,C,10017,C04,10017040,,3473
3326,10017040020,基隆市,仁愛區,文安里,Wen'an Vil.,C,10017,C04,10017040,,3474
3327,10017040021,基隆市,仁愛區,兆連里,Zhaolian Vil.,C,10017,C04,10017040,,3475
3328,10017040022,基隆市,仁愛區,獅球里,Shiqiu Vil.,C,10017,C04,10017040,,3476
3329,10017040023,基隆市,仁愛區,書院里,Shuyuan Vil.,C,10017,C04,10017040,,3477
3330,10017040024,基隆市,仁愛區,朝棟里,Zhaodong Vil.,C,10017,C04,10017040,,3478
3331,10017040025,基隆市,仁愛區,明德里,Mingde Vil.,C,10017,C04,10017040,,3479
3332,10017040026,基隆市,仁愛區,同風里,Tongfeng Vil.,C,10017,C04,10017040,,3480
3333,10017040027,基隆市,仁愛區,文昌里,Wenchang Vil.,C,10017,C04,10017040,,3481
3334,10017040028,基隆市,仁愛區,新店里,Xindian Vil.,C,10017,C04,10017040,,3482
3335,10017040029,基隆市,仁愛區,光華里,Guanghua Vil.,C,10017,C04,10017040,,3483
3336,10017040P01,基隆市,仁愛區,,,C,10017,C04,10017040,未編定村里,3484
3337,10017050001,基隆市,中山區,新建里,Xinjian Vil.,C,10017,C05,10017050,,3485
3338,10017050002,基隆市,中山區,安民里,Anmin Vil.,C,10017,C05,10017050,,3486
3339,10017050003,基隆市,中山區,安平里,Anping Vil.,C,10017,C05,10017050,,3487
3340,10017050004,基隆市,中山區,中山里,Zhongshan Vil.,C,10017,C05,10017050,,3488
3341,10017050005,基隆市,中山區,民治里,Minzhi Vil.,C,10017,C05,10017050,,3489
3342,10017050006,基隆市,中山區,中興里,Zhongxing Vil.,C,10017,C05,10017050,,3490
3343,10017050007,基隆市,中山區,仁正里,Renzheng Vil.,C,10017,C05,10017050,,3491
3344,10017050008,基隆市,中山區,健民里,Jianmin Vil.,C,10017,C05,10017050,,3492
3345,10017050009,基隆市,中山區,通化里,Tonghua Vil.,C,10017,C05,10017050,,3493
3346,10017050010,基隆市,中山區,居仁里,Juren Vil.,C,10017,C05,10017050,,3494
3347,10017050011,基隆市,中山區,通明里,Tongming Vil.,C,10017,C05,10017050,,3495
3348,10017050012,基隆市,中山區,協和里,Xiehe Vil.,C,10017,C05,10017050,,3496
3349,10017050013,基隆市,中山區,文化里,Wenhua Vil.,C,10017,C05,10017050,,3497
3350,10017050014,基隆市,中山區,仙洞里,Xiandong Vil.,C,10017,C05,10017050,,3498
3351,10017050015,基隆市,中山區,太白里,Taibai Vil.,C,10017,C05,10017050,,3499
3352,10017050016,基隆市,中山區,西榮里,Xirong Vil.,C,10017,C05,10017050,,3500
3353,10017050017,基隆市,中山區,西華里,Xihua Vil.,C,10017,C05,10017050,,3501
3354,10017050018,基隆市,中山區,西定里,Xiding Vil.,C,10017,C05,10017050,,3502
3355,10017050019,基隆市,中山區,西康里,Xikang Vil.,C,10017,C05,10017050,,3503
3356,10017050020,基隆市,中山區,德和里,Dehe Vil.,C,10017,C05,10017050,,3504
3357,10017050021,基隆市,中山區,中和里,Zhonghe Vil.,C,10017,C05,10017050,,3505
3358,10017050022,基隆市,中山區,德安里,De'an Vil.,C,10017,C05,10017050,,3506
3359,10017050023,基隆市,中山區,和平里,Heping Vil.,C,10017,C05,10017050,,3507
3360,10017050024,基隆市,中山區,和慶里,Heqing Vil.,C,10017,C05,10017050,,3508
3361,10017050P01,基隆市,中山區,,,C,10017,C05,10017050,未編定村里,3509
3362,10017060001,基隆市,安樂區,西川里,Xichuan Vil.,C,10017,C06,10017060,,3510
3363,10017060002,基隆市,安樂區,定國里,Dingguo Vil.,C,10017,C06,10017060,,3511
3364,10017060003,基隆市,安樂區,新西里,Xinxi Vil.,C,10017,C06,10017060,,3512
3365,10017060004,基隆市,安樂區,定邦里,Dingbang Vil.,C,10017,C06,10017060,,3513
3366,10017060005,基隆市,安樂區,慈仁里,Ciren Vil.,C,10017,C06,10017060,,3514
3367,10017060006,基隆市,安樂區,干城里,Gancheng Vil.,C,10017,C06,10017060,,3515
3368,10017060007,基隆市,安樂區,永康里,Yongkang Vil.,C,10017,C06,10017060,,3516
3369,10017060008,基隆市,安樂區,嘉仁里,Jiaren Vil.,C,10017,C06,10017060,,3517
3370,10017060009,基隆市,安樂區,安和里,Anhe Vil.,C,10017,C06,10017060,,3518
3371,10017060010,基隆市,安樂區,樂一里,Leyi Vil.,C,10017,C06,10017060,,3519
3372,10017060011,基隆市,安樂區,外寮里,Wailiao Vil.,C,10017,C06,10017060,,3520
3373,10017060012,基隆市,安樂區,中崙里,Zhonglun Vil.,C,10017,C06,10017060,,3521
3374,10017060013,基隆市,安樂區,內寮里,Neiliao Vil.,C,10017,C06,10017060,,3522
3375,10017060014,基隆市,安樂區,新崙里,Xinlun Vil.,C,10017,C06,10017060,,3523
3376,10017060015,基隆市,安樂區,三民里,Sanmin Vil.,C,10017,C06,10017060,,3524
3377,10017060016,基隆市,安樂區,四維里,Siwei Vil.,C,10017,C06,10017060,,3525
3378,10017060017,基隆市,安樂區,五福里,Wufu Vil.,C,10017,C06,10017060,,3526
3379,10017060018,基隆市,安樂區,六合里,Liuhe Vil.,C,10017,C06,10017060,,3527
3380,10017060019,基隆市,安樂區,七賢里,Qixian Vil.,C,10017,C06,10017060,,3528
3381,10017060020,基隆市,安樂區,鶯歌里,Yingge Vil.,C,10017,C06,10017060,,3529
3382,10017060021,基隆市,安樂區,武崙里,Wulun Vil.,C,10017,C06,10017060,,3530
3383,10017060022,基隆市,安樂區,長樂里,Changle Vil.,C,10017,C06,10017060,,3531
3384,10017060023,基隆市,安樂區,興寮里,Xingliao Vil.,C,10017,C06,10017060,,3532
3385,10017060024,基隆市,安樂區,鶯安里,Ying'an Vil.,C,10017,C06,10017060,,3533
3386,10017060025,基隆市,安樂區,壯觀里,Zhuangguan Vil.,C,10017,C06,10017060,,3534
3387,10017070001,基隆市,信義區,仁壽里,Renshou Vil.,C,10017,C07,10017070,,3535
3388,10017070002,基隆市,信義區,仁義里,Renyi Vil.,C,10017,C07,10017070,,3536
3389,10017070003,基隆市,信義區,義昭里,Yizhao Vil.,C,10017,C07,10017070,,3537
3390,10017070004,基隆市,信義區,義幸里,Yixing Vil.,C,10017,C07,10017070,,3538
3391,10017070005,基隆市,信義區,義民里,Yimin Vil.,C,10017,C07,10017070,,3539
3392,10017070006,基隆市,信義區,義和里,Yihe Vil.,C,10017,C07,10017070,,3540
3393,10017070007,基隆市,信義區,智慧里,Zhihui Vil.,C,10017,C07,10017070,,3541
3394,10017070008,基隆市,信義區,智誠里,Zhicheng Vil.,C,10017,C07,10017070,,3542
3395,10017070009,基隆市,信義區,禮儀里,Liyi Vil.,C,10017,C07,10017070,,3543
3396,10017070010,基隆市,信義區,禮東里,Lidong Vil.,C,10017,C07,10017070,,3544
3397,10017070011,基隆市,信義區,信綠里,Xinlü Vil.,C,10017,C07,10017070,,3545
3398,10017070012,基隆市,信義區,東光里,Dongguang Vil.,C,10017,C07,10017070,,3546
3399,10017070013,基隆市,信義區,東明里,Dongming Vil.,C,10017,C07,10017070,,3547
3400,10017070014,基隆市,信義區,東安里,Dong'an Vil.,C,10017,C07,10017070,,3548
3401,10017070015,基隆市,信義區,孝岡里,Xiaogang Vil.,C,10017,C07,10017070,,3549
3402,10017070016,基隆市,信義區,東信里,Dongxin Vil.,C,10017,C07,10017070,,3550
3403,10017070017,基隆市,信義區,孝深里,Xiaoshen Vil.,C,10017,C07,10017070,,3551
3404,10017070018,基隆市,信義區,孝賢里,Xiaoxian Vil.,C,10017,C07,10017070,,3552
3405,10017070019,基隆市,信義區,孝德里,Xiaode Vil.,C,10017,C07,10017070,,3553
3406,10017070020,基隆市,信義區,孝忠里,Xiaozhong Vil.,C,10017,C07,10017070,,3554
3407,10018010001,新竹市,東區,南門里,Nanmen Vil.,O,10018,O01,10018010,,3555
3408,10018010002,新竹市,東區,福德里,Fude Vil.,O,10018,O01,10018010,,3556
3409,10018010003,新竹市,東區,南市里,Nanshi Vil.,O,10018,O01,10018010,,3557
3410,10018010004,新竹市,東區,關帝里,Guandi Vil.,O,10018,O01,10018010,,3558
3411,10018010005,新竹市,東區,東門里,Dongmen Vil.,O,10018,O01,10018010,,3559
3412,10018010006,新竹市,東區,榮光里,Rongguang Vil.,O,10018,O01,10018010,,3560
3413,10018010007,新竹市,東區,成功里,Chenggong Vil.,O,10018,O01,10018010,,3561
3414,10018010008,新竹市,東區,下竹里,Xiazhu Vil.,O,10018,O01,10018010,,3562
3415,10018010009,新竹市,東區,竹蓮里,Zhulian Vil.,O,10018,O01,10018010,,3563
3416,10018010010,新竹市,東區,寺前里,Siqian Vil.,O,10018,O01,10018010,,3564
3417,10018010011,新竹市,東區,育賢里,Yuxian Vil.,O,10018,O01,10018010,,3565
3418,10018010012,新竹市,東區,中正里,Zhongzheng Vil.,O,10018,O01,10018010,,3566
3419,10018010013,新竹市,東區,公園里,Gongyuan Vil.,O,10018,O01,10018010,,3567
3420,10018010014,新竹市,東區,頂竹里,Dingzhu Vil.,O,10018,O01,10018010,,3568
3421,10018010015,新竹市,東區,南大里,Nanda Vil.,O,10018,O01,10018010,,3569
3422,10018010016,新竹市,東區,振興里,Zhenxing Vil.,O,10018,O01,10018010,,3570
3423,10018010017,新竹市,東區,親仁里,Qinren Vil.,O,10018,O01,10018010,,3571
3424,10018010018,新竹市,東區,文華里,Wenhua Vil.,O,10018,O01,10018010,,3572
3425,10018010019,新竹市,東區,復中里,Fuzhong Vil.,O,10018,O01,10018010,,3573
3426,10018010020,新竹市,東區,三民里,Sanmin Vil.,O,10018,O01,10018010,,3574
3427,10018010021,新竹市,東區,東園里,Dongyuan Vil.,O,10018,O01,10018010,,3575
3428,10018010022,新竹市,東區,東勢里,Dongshi Vil.,O,10018,O01,10018010,,3576
3429,10018010023,新竹市,東區,光復里,Guangfu Vil.,O,10018,O01,10018010,,3577
3430,10018010024,新竹市,東區,豐功里,Fenggong Vil.,O,10018,O01,10018010,,3578
3431,10018010025,新竹市,東區,武功里,Wugong Vil.,O,10018,O01,10018010,,3579
3432,10018010026,新竹市,東區,綠水里,Lüshui Vil.,O,10018,O01,10018010,,3580
3433,10018010027,新竹市,東區,東山里,Dongshan Vil.,O,10018,O01,10018010,,3581
3434,10018010028,新竹市,東區,光鎮里,Guangzhen Vil.,O,10018,O01,10018010,,3582
3435,10018010029,新竹市,東區,新興里,Xinxing Vil.,O,10018,O01,10018010,,3583
3436,10018010030,新竹市,東區,柴橋里,Chaiqiao Vil.,O,10018,O01,10018010,,3584
3437,10018010031,新竹市,東區,高峰里,Gaofeng Vil.,O,10018,O01,10018010,,3585
3438,10018010032,新竹市,東區,仙宮里,Xiangong Vil.,O,10018,O01,10018010,,3586
3439,10018010033,新竹市,東區,光明里,Guangming Vil.,O,10018,O01,10018010,,3587
3440,10018010035,新竹市,東區,立功里,Ligong Vil.,O,10018,O01,10018010,,3588
3441,10018010036,新竹市,東區,軍功里,Jungong Vil.,O,10018,O01,10018010,,3589
3442,10018010037,新竹市,東區,建功里,Jiangong Vil.,O,10018,O01,10018010,,3590
3443,10018010038,新竹市,東區,前溪里,Qianxi Vil.,O,10018,O01,10018010,,3591
3444,10018010039,新竹市,東區,水源里,Shuiyuan Vil.,O,10018,O01,10018010,,3592
3445,10018010040,新竹市,東區,千甲里,Qianjia Vil.,O,10018,O01,10018010,,3593
3446,10018010041,新竹市,東區,埔頂里,Puding Vil.,O,10018,O01,10018010,,3594
3447,10018010042,新竹市,東區,龍山里,Longshan Vil.,O,10018,O01,10018010,,3595
3448,10018010043,新竹市,東區,新莊里,Xinzhuang Vil.,O,10018,O01,10018010,,3596
3449,10018010044,新竹市,東區,仙水里,Xianshui Vil.,O,10018,O01,10018010,,3597
3450,10018010045,新竹市,東區,金山里,Jinshan Vil.,O,10018,O01,10018010,,3598
3451,10018010046,新竹市,東區,關東里,Guandong Vil.,O,10018,O01,10018010,,3599
3452,10018010047,新竹市,東區,科園里,Keyuan Vil.,O,10018,O01,10018010,,3600
3453,10018010048,新竹市,東區,建華里,Jianhua Vil.,O,10018,O01,10018010,,3601
3454,10018010049,新竹市,東區,新光里,Xinguang Vil.,O,10018,O01,10018010,,3602
3455,10018010050,新竹市,東區,復興里,Fuxing Vil.,O,10018,O01,10018010,,3603
3456,10018010051,新竹市,東區,錦華里,Jinhua Vil.,O,10018,O01,10018010,,3604
3457,10018010052,新竹市,東區,湖濱里,Hubin Vil.,O,10018,O01,10018010,,3605
3458,10018010053,新竹市,東區,明湖里,Minghu Vil.,O,10018,O01,10018010,,3606
3459,10018010054,新竹市,東區,關新里,Guanxin Vil.,O,10018,O01,10018010,,3607
3460,10018020001,新竹市,北區,西門里,Ximen Vil.,O,10018,O02,10018020,,3608
3461,10018020002,新竹市,北區,仁德里,Rende Vil.,O,10018,O02,10018020,,3609
3462,10018020003,新竹市,北區,潛園里,Qianyuan Vil.,O,10018,O02,10018020,,3610
3463,10018020004,新竹市,北區,中央里,Zhongyang Vil.,O,10018,O02,10018020,,3611
3464,10018020005,新竹市,北區,崇禮里,Chongli Vil.,O,10018,O02,10018020,,3612
3465,10018020006,新竹市,北區,石坊里,Shifang Vil.,O,10018,O02,10018020,,3613
3466,10018020007,新竹市,北區,興南里,Xingnan Vil.,O,10018,O02,10018020,,3614
3467,10018020008,新竹市,北區,北門里,Beimen Vil.,O,10018,O02,10018020,,3615
3468,10018020009,新竹市,北區,中興里,Zhongxing Vil.,O,10018,O02,10018020,,3616
3469,10018020010,新竹市,北區,大同里,Datong Vil.,O,10018,O02,10018020,,3617
3470,10018020011,新竹市,北區,中山里,Zhongshan Vil.,O,10018,O02,10018020,,3618
3471,10018020012,新竹市,北區,長和里,Changhe Vil.,O,10018,O02,10018020,,3619
3472,10018020013,新竹市,北區,新民里,Xinmin Vil.,O,10018,O02,10018020,,3620
3473,10018020014,新竹市,北區,民富里,Minfu Vil.,O,10018,O02,10018020,,3621
3474,10018020015,新竹市,北區,水田里,Shuitian Vil.,O,10018,O02,10018020,,3622
3475,10018020016,新竹市,北區,文雅里,Wenya Vil.,O,10018,O02,10018020,,3623
3476,10018020017,新竹市,北區,光田里,Guangtian Vil.,O,10018,O02,10018020,,3624
3477,10018020018,新竹市,北區,士林里,Shilin Vil.,O,10018,O02,10018020,,3625
3478,10018020019,新竹市,北區,福林里,Fulin Vil.,O,10018,O02,10018020,,3626
3479,10018020020,新竹市,北區,古賢里,Guxian Vil.,O,10018,O02,10018020,,3627
3480,10018020021,新竹市,北區,湳雅里,Nanya Vil.,O,10018,O02,10018020,,3628
3481,10018020022,新竹市,北區,舊社里,Jiushe Vil.,O,10018,O02,10018020,,3629
3482,10018020023,新竹市,北區,武陵里,Wuling Vil.,O,10018,O02,10018020,,3630
3483,10018020024,新竹市,北區,南寮里,Nanliao Vil.,O,10018,O02,10018020,,3631
3484,10018020025,新竹市,北區,舊港里,Jiugang Vil.,O,10018,O02,10018020,,3632
3485,10018020026,新竹市,北區,康樂里,Kangle Vil.,O,10018,O02,10018020,,3633
3486,10018020027,新竹市,北區,港北里,Gangbei Vil.,O,10018,O02,10018020,,3634
3487,10018020028,新竹市,北區,中寮里,Zhongliao Vil.,O,10018,O02,10018020,,3635
3488,10018020029,新竹市,北區,海濱里,Haibin Vil.,O,10018,O02,10018020,,3636
3489,10018020030,新竹市,北區,客雅里,Keya Vil.,O,10018,O02,10018020,,3637
3490,10018020031,新竹市,北區,育英里,Yuying Vil.,O,10018,O02,10018020,,3638
3491,10018020032,新竹市,北區,曲溪里,Quxi Vil.,O,10018,O02,10018020,,3639
3492,10018020033,新竹市,北區,西雅里,Xiya Vil.,O,10018,O02,10018020,,3640
3493,10018020034,新竹市,北區,南勢里,Nanshi Vil.,O,10018,O02,10018020,,3641
3494,10018020035,新竹市,北區,大鵬里,Dapeng Vil.,O,10018,O02,10018020,,3642
3495,10018020036,新竹市,北區,境福里,Jingfu Vil.,O,10018,O02,10018020,,3643
3496,10018020037,新竹市,北區,磐石里,Panshi Vil.,O,10018,O02,10018020,,3644
3497,10018020038,新竹市,北區,新雅里,Xinya Vil.,O,10018,O02,10018020,,3645
3498,10018020039,新竹市,北區,光華里,Guanghua Vil.,O,10018,O02,10018020,,3646
3499,10018020040,新竹市,北區,金華里,Jinhua Vil.,O,10018,O02,10018020,,3647
3500,10018020041,新竹市,北區,金竹里,Jinzhu Vil.,O,10018,O02,10018020,,3648
3501,10018020042,新竹市,北區,湳中里,Nanzhong Vil.,O,10018,O02,10018020,,3649
3502,10018020043,新竹市,北區,金雅里,Jinya Vil.,O,10018,O02,10018020,,3650
3503,10018020044,新竹市,北區,台溪里,Taixi Vil.,O,10018,O02,10018020,,3651
3504,10018020045,新竹市,北區,中雅里,Zhongya Vil.,O,10018,O02,10018020,,3652
3505,10018020S01,新竹市,北區,,,O,10018,O02,10018020,未編定村里,3653
3506,10018030001,新竹市,香山區,港南里,Gangnan Vil.,O,10018,O03,10018030,,3654
3507,10018030002,新竹市,香山區,虎山里,Hushan Vil.,O,10018,O03,10018030,,3655
3508,10018030003,新竹市,香山區,虎林里,Hulin Vil.,O,10018,O03,10018030,,3656
3509,10018030004,新竹市,香山區,浸水里,Jinshui Vil.,O,10018,O03,10018030,,3657
3510,10018030005,新竹市,香山區,樹下里,Shuxia Vil.,O,10018,O03,10018030,,3658
3511,10018030006,新竹市,香山區,埔前里,Puqian Vil.,O,10018,O03,10018030,,3659
3512,10018030007,新竹市,香山區,中埔里,Zhongpu Vil.,O,10018,O03,10018030,,3660
3513,10018030008,新竹市,香山區,牛埔里,Niupu Vil.,O,10018,O03,10018030,,3661
3514,10018030009,新竹市,香山區,頂埔里,Dingpu Vil.,O,10018,O03,10018030,,3662
3515,10018030010,新竹市,香山區,東香里,Dongxiang Vil.,O,10018,O03,10018030,,3663
3516,10018030011,新竹市,香山區,香村里,Xiangcun Vil.,O,10018,O03,10018030,,3664
3517,10018030012,新竹市,香山區,香山里,Xiangshan Vil.,O,10018,O03,10018030,,3665
3518,10018030013,新竹市,香山區,大庄里,Dazhuang Vil.,O,10018,O03,10018030,,3666
3519,10018030014,新竹市,香山區,美山里,Meishan Vil.,O,10018,O03,10018030,,3667
3520,10018030015,新竹市,香山區,朝山里,Zhaoshan Vil.,O,10018,O03,10018030,,3668
3521,10018030016,新竹市,香山區,海山里,Haishan Vil.,O,10018,O03,10018030,,3669
3522,10018030017,新竹市,香山區,茄苳里,Jiadong Vil.,O,10018,O03,10018030,,3670
3523,10018030018,新竹市,香山區,大湖里,Dahu Vil.,O,10018,O03,10018030,,3671
3524,10018030019,新竹市,香山區,南隘里,Nan'ai Vil.,O,10018,O03,10018030,,3672
3525,10018030020,新竹市,香山區,中隘里,Zhong'ai Vil.,O,10018,O03,10018030,,3673
3526,10018030021,新竹市,香山區,內湖里,Neihu Vil.,O,10018,O03,10018030,,3674
3527,10018030022,新竹市,香山區,鹽水里,Yanshui Vil.,O,10018,O03,10018030,,3675
3528,10018030023,新竹市,香山區,南港里,Nangang Vil.,O,10018,O03,10018030,,3676
3529,10018030024,新竹市,香山區,頂福里,Dingfu Vil.,O,10018,O03,10018030,,3677
3530,10018030S01,新竹市,香山區,,,O,10018,O03,10018030,未編定村里,3678
3531,10020010001,嘉義市,東區,荖藤里,Laoteng Vil.,I,10020,I01,10020010,,3679
3532,10020010002,嘉義市,東區,後湖里,Houhu Vil.,I,10020,I01,10020010,,3680
3533,10020010003,嘉義市,東區,仁義里,Renyi Vil.,I,10020,I01,10020010,,3681
3534,10020010004,嘉義市,東區,中庄里,Zhongzhuang Vil.,I,10020,I01,10020010,,3682
3535,10020010005,嘉義市,東區,頂庄里,Dingzhuang Vil.,I,10020,I01,10020010,,3683
3536,10020010034,嘉義市,東區,圳頭里,Zuntou Vil.,I,10020,I01,10020010,,3684
3537,10020010035,嘉義市,東區,新店里,Xindian Vil.,I,10020,I01,10020010,,3685
3538,10020010036,嘉義市,東區,後庄里,Houzhuang Vil.,I,10020,I01,10020010,,3686
3539,10020010037,嘉義市,東區,王田里,Wangtian Vil.,I,10020,I01,10020010,,3687
3540,10020010038,嘉義市,東區,東川里,Dongchuan Vil.,I,10020,I01,10020010,,3688
3541,10020010039,嘉義市,東區,太平里,Taiping Vil.,I,10020,I01,10020010,,3689
3542,10020010041,嘉義市,東區,盧厝里,Lucuo Vil.,I,10020,I01,10020010,,3690
3543,10020010042,嘉義市,東區,鹿寮里,Luliao Vil.,I,10020,I01,10020010,,3691
3544,10020010043,嘉義市,東區,長竹里,Changzhu Vil.,I,10020,I01,10020010,,3692
3545,10020010044,嘉義市,東區,短竹里,Duanzhu Vil.,I,10020,I01,10020010,,3693
3546,10020010045,嘉義市,東區,新開里,Xinkai Vil.,I,10020,I01,10020010,,3694
3547,10020010046,嘉義市,東區,宣信里,Xuanxin Vil.,I,10020,I01,10020010,,3695
3548,10020010047,嘉義市,東區,興南里,Xingnan Vil.,I,10020,I01,10020010,,3696
3549,10020010048,嘉義市,東區,豐年里,Fengnian Vil.,I,10020,I01,10020010,,3697
3550,10020010049,嘉義市,東區,芳草里,Fangcao Vil.,I,10020,I01,10020010,,3698
3551,10020010050,嘉義市,東區,芳安里,Fang'an Vil.,I,10020,I01,10020010,,3699
3552,10020010051,嘉義市,東區,頂寮里,Dingliao Vil.,I,10020,I01,10020010,,3700
3553,10020010052,嘉義市,東區,安寮里,Anliao Vil.,I,10020,I01,10020010,,3701
3554,10020010053,嘉義市,東區,興安里,Xing'an Vil.,I,10020,I01,10020010,,3702
3555,10020010054,嘉義市,東區,興村里,Xingcun Vil.,I,10020,I01,10020010,,3703
3556,10020010055,嘉義市,東區,興仁里,Xingren Vil.,I,10020,I01,10020010,,3704
3557,10020010056,嘉義市,東區,過溝里,Guogou Vil.,I,10020,I01,10020010,,3705
3558,10020010057,嘉義市,東區,民族里,Minzu Vil.,I,10020,I01,10020010,,3706
3559,10020010058,嘉義市,東區,朝陽里,Zhaoyang Vil.,I,10020,I01,10020010,,3707
3560,10020010059,嘉義市,東區,華南里,Huanan Vil.,I,10020,I01,10020010,,3708
3561,10020010060,嘉義市,東區,東興里,Dongxing Vil.,I,10020,I01,10020010,,3709
3562,10020010061,嘉義市,東區,中山里,Zhongshan Vil.,I,10020,I01,10020010,,3710
3563,10020010062,嘉義市,東區,中央里,Zhongyang Vil.,I,10020,I01,10020010,,3711
3564,10020010063,嘉義市,東區,林森里,Linsen Vil.,I,10020,I01,10020010,,3712
3565,10020010064,嘉義市,東區,北門里,Beimen Vil.,I,10020,I01,10020010,,3713
3566,10020010065,嘉義市,東區,蘭潭里,Lantan Vil.,I,10020,I01,10020010,,3714
3567,10020010066,嘉義市,東區,文雅里,Wenya Vil.,I,10020,I01,10020010,,3715
3568,10020010067,嘉義市,東區,安業里,Anye Vil.,I,10020,I01,10020010,,3716
3569,10020010068,嘉義市,東區,義教里,Yijiao Vil.,I,10020,I01,10020010,,3717
3570,10020020001,嘉義市,西區,香湖里,Xianghu Vil.,I,10020,I02,10020020,,3718
3571,10020020002,嘉義市,西區,湖邊里,Hubian Vil.,I,10020,I02,10020020,,3719
3572,10020020003,嘉義市,西區,北榮里,Beirong Vil.,I,10020,I02,10020020,,3720
3573,10020020005,嘉義市,西區,重興里,Zhongxing Vil.,I,10020,I02,10020020,,3721
3574,10020020009,嘉義市,西區,竹圍里,Zhuwei Vil.,I,10020,I02,10020020,,3722
3575,10020020010,嘉義市,西區,新厝里,Xincuo Vil.,I,10020,I02,10020020,,3723
3576,10020020011,嘉義市,西區,保安里,Bao'an Vil.,I,10020,I02,10020020,,3724
3577,10020020012,嘉義市,西區,北湖里,Beihu Vil.,I,10020,I02,10020020,,3725
3578,10020020013,嘉義市,西區,下埤里,Xiapi Vil.,I,10020,I02,10020020,,3726
3579,10020020014,嘉義市,西區,竹村里,Zhucun Vil.,I,10020,I02,10020020,,3727
3580,10020020015,嘉義市,西區,大溪里,Daxi Vil.,I,10020,I02,10020020,,3728
3581,10020020016,嘉義市,西區,福全里,Fuquan Vil.,I,10020,I02,10020020,,3729
3582,10020020017,嘉義市,西區,西平里,Xiping Vil.,I,10020,I02,10020020,,3730
3583,10020020018,嘉義市,西區,磚[磘]里,Zhuanyao Vil.,I,10020,I02,10020020,,3731
3584,10020020019,嘉義市,西區,港坪里,Gangping Vil.,I,10020,I02,10020020,,3732
3585,10020020020,嘉義市,西區,頭港里,Tougang Vil.,I,10020,I02,10020020,,3733
3586,10020020021,嘉義市,西區,劉厝里,Liucuo Vil.,I,10020,I02,10020020,,3734
3587,10020020022,嘉義市,西區,新西里,Xinxi Vil.,I,10020,I02,10020020,,3735
3588,10020020031,嘉義市,西區,書院里,Shuyuan Vil.,I,10020,I02,10020020,,3736
3589,10020020045,嘉義市,西區,培元里,Peiyuan Vil.,I,10020,I02,10020020,,3737
3590,10020020046,嘉義市,西區,垂楊里,Chuiyang Vil.,I,10020,I02,10020020,,3738
3591,10020020047,嘉義市,西區,車店里,Chedian Vil.,I,10020,I02,10020020,,3739
3592,10020020048,嘉義市,西區,福民里,Fumin Vil.,I,10020,I02,10020020,,3740
3593,10020020049,嘉義市,西區,湖內里,Hunei Vil.,I,10020,I02,10020020,,3741
3594,10020020050,嘉義市,西區,美源里,Meiyuan Vil.,I,10020,I02,10020020,,3742
3595,10020020051,嘉義市,西區,育英里,Yuying Vil.,I,10020,I02,10020020,,3743
3596,10020020052,嘉義市,西區,致遠里,Zhiyuan Vil.,I,10020,I02,10020020,,3744
3597,10020020053,嘉義市,西區,光路里,Guanglu Vil.,I,10020,I02,10020020,,3745
3598,10020020054,嘉義市,西區,翠岱里,Cuidai Vil.,I,10020,I02,10020020,,3746
3599,10020020055,嘉義市,西區,自強里,Ziqiang Vil.,I,10020,I02,10020020,,3747
3600,10020020056,嘉義市,西區,永和里,Yonghe Vil.,I,10020,I02,10020020,,3748
3601,10020020057,嘉義市,西區,新富里,Xinfu Vil.,I,10020,I02,10020020,,3749
3602,10020020058,嘉義市,西區,文化里,Wenhua Vil.,I,10020,I02,10020020,,3750
3603,10020020059,嘉義市,西區,西榮里,Xirong Vil.,I,10020,I02,10020020,,3751
3604,10020020060,嘉義市,西區,國華里,Guohua Vil.,I,10020,I02,10020020,,3752
3605,10020020061,嘉義市,西區,番社里,Fanshe Vil.,I,10020,I02,10020020,,3753
3606,10020020062,嘉義市,西區,導明里,Daoming Vil.,I,10020,I02,10020020,,3754
3607,10020020063,嘉義市,西區,慶安里,Qing'an Vil.,I,10020,I02,10020020,,3755
3608,10020020064,嘉義市,西區,後驛里,Houyi Vil.,I,10020,I02,10020020,,3756
3609,10020020065,嘉義市,西區,福安里,Fu'an Vil.,I,10020,I02,10020020,,3757
3610,10020020066,嘉義市,西區,獅子里,Shizi Vil.,I,10020,I02,10020020,,3758
3611,10020020067,嘉義市,西區,紅瓦里,Hongwa Vil.,I,10020,I02,10020020,,3759
3612,10020020068,嘉義市,西區,保福里,Baofu Vil.,I,10020,I02,10020020,,3760
3613,10020020069,嘉義市,西區,保生里,Baosheng Vil.,I,10020,I02,10020020,,3761
3614,10020020070,嘉義市,西區,北新里,Beixin Vil.,I,10020,I02,10020020,,3762
3615,63000010002,臺北市,松山區,莊敬里,Zhuangjing Vil.,A,63000,A01,63000010,,3763
3616,63000010003,臺北市,松山區,東榮里,Dongrong Vil.,A,63000,A01,63000010,,3764
3617,63000010004,臺北市,松山區,三民里,Sanmin Vil.,A,63000,A01,63000010,,3765
3618,63000010005,臺北市,松山區,新益里,Xinyi Vil.,A,63000,A01,63000010,,3766
3619,63000010006,臺北市,松山區,富錦里,Fujin Vil.,A,63000,A01,63000010,,3767
3620,63000010007,臺北市,松山區,新東里,Xindong Vil.,A,63000,A01,63000010,,3768
3621,63000010008,臺北市,松山區,富泰里,Futai Vil.,A,63000,A01,63000010,,3769
3622,63000010009,臺北市,松山區,介壽里,Jieshou Vil.,A,63000,A01,63000010,,3770
3623,63000010010,臺北市,松山區,精忠里,Jingzhong Vil.,A,63000,A01,63000010,,3771
3624,63000010011,臺北市,松山區,東光里,Dongguang Vil.,A,63000,A01,63000010,,3772
3625,63000010012,臺北市,松山區,龍田里,Longtian Vil.,A,63000,A01,63000010,,3773
3626,63000010013,臺北市,松山區,東昌里,Dongchang Vil.,A,63000,A01,63000010,,3774
3627,63000010014,臺北市,松山區,東勢里,Dongshi Vil.,A,63000,A01,63000010,,3775
3628,63000010015,臺北市,松山區,中華里,Zhonghua Vil.,A,63000,A01,63000010,,3776
3629,63000010016,臺北市,松山區,民有里,Minyou Vil.,A,63000,A01,63000010,,3777
3630,63000010017,臺北市,松山區,民福里,Minfu Vil.,A,63000,A01,63000010,,3778
3631,63000010018,臺北市,松山區,慈祐里,Ciyou Vil.,A,63000,A01,63000010,,3779
3632,63000010019,臺北市,松山區,安平里,Anping Vil.,A,63000,A01,63000010,,3780
3633,63000010020,臺北市,松山區,鵬程里,Pengcheng Vil.,A,63000,A01,63000010,,3781
3634,63000010021,臺北市,松山區,自強里,Ziqiang Vil.,A,63000,A01,63000010,,3782
3635,63000010022,臺北市,松山區,吉祥里,Jixiang Vil.,A,63000,A01,63000010,,3783
3636,63000010024,臺北市,松山區,新聚里,Xinju Vil.,A,63000,A01,63000010,,3784
3637,63000010025,臺北市,松山區,復盛里,Fucheng Vil.,A,63000,A01,63000010,,3785
3638,63000010026,臺北市,松山區,中正里,Zhongzheng Vil.,A,63000,A01,63000010,,3786
3639,63000010027,臺北市,松山區,中崙里,Zhonglun Vil.,A,63000,A01,63000010,,3787
3640,63000010028,臺北市,松山區,美仁里,Meiren Vil.,A,63000,A01,63000010,,3788
3641,63000010029,臺北市,松山區,吉仁里,Jiren Vil.,A,63000,A01,63000010,,3789
3642,63000010030,臺北市,松山區,敦化里,Dunhua Vil.,A,63000,A01,63000010,,3790
3643,63000010031,臺北市,松山區,復源里,Fuyuan Vil.,A,63000,A01,63000010,,3791
3644,63000010032,臺北市,松山區,復建里,Fujian Vil.,A,63000,A01,63000010,,3792
3645,63000010033,臺北市,松山區,復勢里,Fushi Vil.,A,63000,A01,63000010,,3793
3646,63000010034,臺北市,松山區,福成里,Fucheng Vil.,A,63000,A01,63000010,,3794
3647,63000010035,臺北市,松山區,松基里,Songji Vil.,A,63000,A01,63000010,,3795
3648,63000020001,臺北市,信義區,西村里,Xicun Vil.,A,63000,A17,63000020,,3796
3649,63000020002,臺北市,信義區,正和里,Zhenghe Vil.,A,63000,A17,63000020,,3797
3650,63000020003,臺北市,信義區,興隆里,Xinglong Vil.,A,63000,A17,63000020,,3798
3651,63000020004,臺北市,信義區,中興里,Zhongxing Vil.,A,63000,A17,63000020,,3799
3652,63000020005,臺北市,信義區,新仁里,Xinren Vil.,A,63000,A17,63000020,,3800
3653,63000020006,臺北市,信義區,興雅里,Xingya Vil.,A,63000,A17,63000020,,3801
3654,63000020007,臺北市,信義區,敦厚里,Dunhou Vil.,A,63000,A17,63000020,,3802
3655,63000020008,臺北市,信義區,廣居里,Guangju Vil.,A,63000,A17,63000020,,3803
3656,63000020009,臺北市,信義區,安康里,Ankang Vil.,A,63000,A17,63000020,,3804
3657,63000020010,臺北市,信義區,六藝里,Liuyi Vil.,A,63000,A17,63000020,,3805
3658,63000020011,臺北市,信義區,雅祥里,Yaxiang Vil.,A,63000,A17,63000020,,3806
3659,63000020012,臺北市,信義區,五常里,Wuchang Vil.,A,63000,A17,63000020,,3807
3660,63000020013,臺北市,信義區,五全里,Wuquan Vil.,A,63000,A17,63000020,,3808
3661,63000020014,臺北市,信義區,永吉里,Yongji Vil.,A,63000,A17,63000020,,3809
3662,63000020015,臺北市,信義區,長春里,Changchun Vil.,A,63000,A17,63000020,,3810
3663,63000020016,臺北市,信義區,四育里,Siyu Vil.,A,63000,A17,63000020,,3811
3664,63000020017,臺北市,信義區,四維里,Siwei Vil.,A,63000,A17,63000020,,3812
3665,63000020018,臺北市,信義區,永春里,Yongchun Vil.,A,63000,A17,63000020,,3813
3666,63000020019,臺北市,信義區,富台里,Futai Vil.,A,63000,A17,63000020,,3814
3667,63000020020,臺北市,信義區,國業里,Guoye Vil.,A,63000,A17,63000020,,3815
3668,63000020021,臺北市,信義區,松隆里,Songlong Vil.,A,63000,A17,63000020,,3816
3669,63000020022,臺北市,信義區,松友里,Songyou Vil.,A,63000,A17,63000020,,3817
3670,63000020023,臺北市,信義區,松光里,Songguang Vil.,A,63000,A17,63000020,,3818
3671,63000020024,臺北市,信義區,中坡里,Zhongpo Vil.,A,63000,A17,63000020,,3819
3672,63000020025,臺北市,信義區,中行里,Zhongxing Vil.,A,63000,A17,63000020,,3820
3673,63000020026,臺北市,信義區,大道里,Dadao Vil.,A,63000,A17,63000020,,3821
3674,63000020027,臺北市,信義區,大仁里,Daren Vil.,A,63000,A17,63000020,,3822
3675,63000020028,臺北市,信義區,景新里,Jingxin Vil.,A,63000,A17,63000020,,3823
3676,63000020029,臺北市,信義區,惠安里,Hui'an Vil.,A,63000,A17,63000020,,3824
3677,63000020030,臺北市,信義區,三張里,Sanzhang Vil.,A,63000,A17,63000020,,3825
3678,63000020031,臺北市,信義區,三犁里,Sanli Vil.,A,63000,A17,63000020,,3826
3679,63000020032,臺北市,信義區,六合里,Liuhe Vil.,A,63000,A17,63000020,,3827
3680,63000020033,臺北市,信義區,泰和里,Taihe Vil.,A,63000,A17,63000020,,3828
3681,63000020034,臺北市,信義區,景聯里,Jinglian Vil.,A,63000,A17,63000020,,3829
3682,63000020035,臺北市,信義區,景勤里,Jingqin Vil.,A,63000,A17,63000020,,3830
3683,63000020036,臺北市,信義區,雙和里,Shuanghe Vil.,A,63000,A17,63000020,,3831
3684,63000020037,臺北市,信義區,嘉興里,Jiaxing Vil.,A,63000,A17,63000020,,3832
3685,63000020038,臺北市,信義區,黎順里,Lishun Vil.,A,63000,A17,63000020,,3833
3686,63000020039,臺北市,信義區,黎平里,Liping Vil.,A,63000,A17,63000020,,3834
3687,63000020040,臺北市,信義區,黎忠里,Lizhong Vil.,A,63000,A17,63000020,,3835
3688,63000020041,臺北市,信義區,黎安里,Li'an Vil.,A,63000,A17,63000020,,3836
3689,63000030001,臺北市,大安區,德安里,De'an Vil.,A,63000,A02,63000030,,3837
3690,63000030002,臺北市,大安區,仁慈里,Renci Vil.,A,63000,A02,63000030,,3838
3691,63000030003,臺北市,大安區,和安里,He'an Vil.,A,63000,A02,63000030,,3839
3692,63000030004,臺北市,大安區,民炤里,Minzhao Vil.,A,63000,A02,63000030,,3840
3693,63000030005,臺北市,大安區,仁愛里,Ren'ai Vil.,A,63000,A02,63000030,,3841
3694,63000030006,臺北市,大安區,義村里,Yicun Vil.,A,63000,A02,63000030,,3842
3695,63000030007,臺北市,大安區,民輝里,Minhui Vil.,A,63000,A02,63000030,,3843
3696,63000030008,臺北市,大安區,昌隆里,Changlong Vil.,A,63000,A02,63000030,,3844
3697,63000030009,臺北市,大安區,誠安里,Cheng'an Vil.,A,63000,A02,63000030,,3845
3698,63000030010,臺北市,大安區,光武里,Guangwu Vil.,A,63000,A02,63000030,,3846
3699,63000030011,臺北市,大安區,龍坡里,Longpo Vil.,A,63000,A02,63000030,,3847
3700,63000030012,臺北市,大安區,龍泉里,Longquan Vil.,A,63000,A02,63000030,,3848
3701,63000030013,臺北市,大安區,古風里,Gufeng Vil.,A,63000,A02,63000030,,3849
3702,63000030014,臺北市,大安區,古莊里,Guzhuang Vil.,A,63000,A02,63000030,,3850
3703,63000030015,臺北市,大安區,龍安里,Long'an Vil.,A,63000,A02,63000030,,3851
3704,63000030016,臺北市,大安區,錦安里,Jin'an Vil.,A,63000,A02,63000030,,3852
3705,63000030017,臺北市,大安區,福住里,Fuzhu Vil.,A,63000,A02,63000030,,3853
3706,63000030018,臺北市,大安區,永康里,Yongkang Vil.,A,63000,A02,63000030,,3854
3707,63000030019,臺北市,大安區,光明里,Guangming Vil.,A,63000,A02,63000030,,3855
3708,63000030020,臺北市,大安區,錦泰里,Jintai Vil.,A,63000,A02,63000030,,3856
3709,63000030021,臺北市,大安區,錦華里,Jinhua Vil.,A,63000,A02,63000030,,3857
3710,63000030022,臺北市,大安區,龍圖里,Longtu Vil.,A,63000,A02,63000030,,3858
3711,63000030023,臺北市,大安區,新龍里,Xinlong Vil.,A,63000,A02,63000030,,3859
3712,63000030026,臺北市,大安區,龍陣里,Longzhen Vil.,A,63000,A02,63000030,,3860
3713,63000030027,臺北市,大安區,龍雲里,Longyun Vil.,A,63000,A02,63000030,,3861
3714,63000030028,臺北市,大安區,龍生里,Longsheng Vil.,A,63000,A02,63000030,,3862
3715,63000030029,臺北市,大安區,住安里,Zhu'an Vil.,A,63000,A02,63000030,,3863
3716,63000030030,臺北市,大安區,義安里,Yi'an Vil.,A,63000,A02,63000030,,3864
3717,63000030031,臺北市,大安區,通化里,Tonghua Vil.,A,63000,A02,63000030,,3865
3718,63000030032,臺北市,大安區,通安里,Tong'an Vil.,A,63000,A02,63000030,,3866
3719,63000030033,臺北市,大安區,臨江里,Linjiang Vil.,A,63000,A02,63000030,,3867
3720,63000030034,臺北市,大安區,法治里,Fazhi Vil.,A,63000,A02,63000030,,3868
3721,63000030035,臺北市,大安區,全安里,Quan'an Vil.,A,63000,A02,63000030,,3869
3722,63000030036,臺北市,大安區,群賢里,Qunxian Vil.,A,63000,A02,63000030,,3870
3723,63000030037,臺北市,大安區,群英里,Qunying Vil.,A,63000,A02,63000030,,3871
3724,63000030038,臺北市,大安區,虎嘯里,Huxiao Vil.,A,63000,A02,63000030,,3872
3725,63000030039,臺北市,大安區,臥龍里,Wolong Vil.,A,63000,A02,63000030,,3873
3726,63000030040,臺北市,大安區,龍淵里,Longyuan Vil.,A,63000,A02,63000030,,3874
3727,63000030041,臺北市,大安區,龍門里,Longmen Vil.,A,63000,A02,63000030,,3875
3728,63000030043,臺北市,大安區,大學里,Daxue Vil.,A,63000,A02,63000030,,3876
3729,63000030044,臺北市,大安區,芳和里,Fanghe Vil.,A,63000,A02,63000030,,3877
3730,63000030046,臺北市,大安區,黎元里,Liyuan Vil.,A,63000,A02,63000030,,3878
3731,63000030047,臺北市,大安區,黎孝里,Lixiao Vil.,A,63000,A02,63000030,,3879
3732,63000030048,臺北市,大安區,黎和里,Lihe Vil.,A,63000,A02,63000030,,3880
3733,63000030049,臺北市,大安區,建安里,Jian'an Vil.,A,63000,A02,63000030,,3881
3734,63000030050,臺北市,大安區,建倫里,Jianlun Vil.,A,63000,A02,63000030,,3882
3735,63000030051,臺北市,大安區,敦安里,Dun'an Vil.,A,63000,A02,63000030,,3883
3736,63000030052,臺北市,大安區,正聲里,Zhengsheng Vil.,A,63000,A02,63000030,,3884
3737,63000030053,臺北市,大安區,敦煌里,Dunhuang Vil.,A,63000,A02,63000030,,3885
3738,63000030054,臺北市,大安區,華聲里,Huasheng Vil.,A,63000,A02,63000030,,3886
3739,63000030055,臺北市,大安區,車層里,Checeng Vil.,A,63000,A02,63000030,,3887
3740,63000030056,臺北市,大安區,光信里,Guangxin Vil.,A,63000,A02,63000030,,3888
3741,63000030057,臺北市,大安區,學府里,Xuefu Vil.,A,63000,A02,63000030,,3889
3742,63000040001,臺北市,中山區,正守里,Zhengshou Vil.,A,63000,A10,63000040,,3890
3743,63000040002,臺北市,中山區,正義里,Zhengyi Vil.,A,63000,A10,63000040,,3891
3744,63000040003,臺北市,中山區,正得里,Zhengde Vil.,A,63000,A10,63000040,,3892
3745,63000040004,臺北市,中山區,民安里,Min'an Vil.,A,63000,A10,63000040,,3893
3746,63000040005,臺北市,中山區,康樂里,Kangle Vil.,A,63000,A10,63000040,,3894
3747,63000040006,臺北市,中山區,中山里,Zhongshan Vil.,A,63000,A10,63000040,,3895
3748,63000040007,臺北市,中山區,聚盛里,Jucheng Vil.,A,63000,A10,63000040,,3896
3749,63000040008,臺北市,中山區,集英里,Jiying Vil.,A,63000,A10,63000040,,3897
3750,63000040009,臺北市,中山區,聚葉里,Juye Vil.,A,63000,A10,63000040,,3898
3751,63000040010,臺北市,中山區,恆安里,Heng'an Vil.,A,63000,A10,63000040,,3899
3752,63000040011,臺北市,中山區,晴光里,Qingguang Vil.,A,63000,A10,63000040,,3900
3753,63000040012,臺北市,中山區,圓山里,Yuanshan Vil.,A,63000,A10,63000040,,3901
3754,63000040013,臺北市,中山區,劍潭里,Jiantan Vil.,A,63000,A10,63000040,,3902
3755,63000040014,臺北市,中山區,大直里,Dazhi Vil.,A,63000,A10,63000040,,3903
3756,63000040015,臺北市,中山區,成功里,Chenggong Vil.,A,63000,A10,63000040,,3904
3757,63000040016,臺北市,中山區,永安里,Yong'an Vil.,A,63000,A10,63000040,,3905
3758,63000040017,臺北市,中山區,大佳里,Dajia Vil.,A,63000,A10,63000040,,3906
3759,63000040018,臺北市,中山區,新喜里,Xinxi Vil.,A,63000,A10,63000040,,3907
3760,63000040019,臺北市,中山區,新庄里,Xinzhuang Vil.,A,63000,A10,63000040,,3908
3761,63000040020,臺北市,中山區,新福里,Xinfu Vil.,A,63000,A10,63000040,,3909
3762,63000040021,臺北市,中山區,松江里,Songjiang Vil.,A,63000,A10,63000040,,3910
3763,63000040022,臺北市,中山區,新生里,Xinsheng Vil.,A,63000,A10,63000040,,3911
3764,63000040023,臺北市,中山區,中庄里,Zhongzhuang Vil.,A,63000,A10,63000040,,3912
3765,63000040024,臺北市,中山區,行政里,Xingzheng Vil.,A,63000,A10,63000040,,3913
3766,63000040025,臺北市,中山區,行仁里,Xingren Vil.,A,63000,A10,63000040,,3914
3767,63000040026,臺北市,中山區,行孝里,Xingxiao Vil.,A,63000,A10,63000040,,3915
3768,63000040027,臺北市,中山區,下埤里,Xiapi Vil.,A,63000,A10,63000040,,3916
3769,63000040028,臺北市,中山區,江寧里,Jiangning Vil.,A,63000,A10,63000040,,3917
3770,63000040029,臺北市,中山區,江山里,Jiangshan Vil.,A,63000,A10,63000040,,3918
3771,63000040030,臺北市,中山區,中吉里,Zhongji Vil.,A,63000,A10,63000040,,3919
3772,63000040031,臺北市,中山區,中原里,Zhongyuan Vil.,A,63000,A10,63000040,,3920
3773,63000040032,臺北市,中山區,興亞里,Xingya Vil.,A,63000,A10,63000040,,3921
3774,63000040033,臺北市,中山區,中央里,Zhongyang Vil.,A,63000,A10,63000040,,3922
3775,63000040034,臺北市,中山區,朱馥里,Zhufu Vil.,A,63000,A10,63000040,,3923
3776,63000040035,臺北市,中山區,龍洲里,Longzhou Vil.,A,63000,A10,63000040,,3924
3777,63000040036,臺北市,中山區,朱園里,Zhuyuan Vil.,A,63000,A10,63000040,,3925
3778,63000040037,臺北市,中山區,埤頭里,Pitou Vil.,A,63000,A10,63000040,,3926
3779,63000040038,臺北市,中山區,朱崙里,Zhulun Vil.,A,63000,A10,63000040,,3927
3780,63000040039,臺北市,中山區,力行里,Lixing Vil.,A,63000,A10,63000040,,3928
3781,63000040040,臺北市,中山區,復華里,Fuhua Vil.,A,63000,A10,63000040,,3929
3782,63000040041,臺北市,中山區,金泰里,Jintai Vil.,A,63000,A10,63000040,,3930
3783,63000040042,臺北市,中山區,北安里,Bei'an Vil.,A,63000,A10,63000040,,3931
3784,63000050001,臺北市,中正區,水源里,Shuiyuan Vil.,A,63000,A03,63000050,,3932
3785,63000050002,臺北市,中正區,富水里,Fushui Vil.,A,63000,A03,63000050,,3933
3786,63000050003,臺北市,中正區,文盛里,Wencheng Vil.,A,63000,A03,63000050,,3934
3787,63000050004,臺北市,中正區,林興里,Linxing Vil.,A,63000,A03,63000050,,3935
3788,63000050005,臺北市,中正區,河堤里,Heti Vil.,A,63000,A03,63000050,,3936
3789,63000050006,臺北市,中正區,頂東里,Dingdong Vil.,A,63000,A03,63000050,,3937
3790,63000050007,臺北市,中正區,網溪里,Wangxi Vil.,A,63000,A03,63000050,,3938
3791,63000050008,臺北市,中正區,板溪里,Banxi Vil.,A,63000,A03,63000050,,3939
3792,63000050009,臺北市,中正區,螢圃里,Yingpu Vil.,A,63000,A03,63000050,,3940
3793,63000050010,臺北市,中正區,螢雪里,Yingxue Vil.,A,63000,A03,63000050,,3941
3794,63000050011,臺北市,中正區,永功里,Yonggong Vil.,A,63000,A03,63000050,,3942
3795,63000050012,臺北市,中正區,永昌里,Yongchang Vil.,A,63000,A03,63000050,,3943
3796,63000050013,臺北市,中正區,龍興里,Longxing Vil.,A,63000,A03,63000050,,3944
3797,63000050014,臺北市,中正區,忠勤里,Zhongqin Vil.,A,63000,A03,63000050,,3945
3798,63000050015,臺北市,中正區,廈安里,Xia'an Vil.,A,63000,A03,63000050,,3946
3799,63000050016,臺北市,中正區,愛國里,Aiguo Vil.,A,63000,A03,63000050,,3947
3800,63000050017,臺北市,中正區,南門里,Nanmen Vil.,A,63000,A03,63000050,,3948
3801,63000050018,臺北市,中正區,龍光里,Longguang Vil.,A,63000,A03,63000050,,3949
3802,63000050019,臺北市,中正區,南福里,Nanfu Vil.,A,63000,A03,63000050,,3950
3803,63000050020,臺北市,中正區,龍福里,Longfu Vil.,A,63000,A03,63000050,,3951
3804,63000050021,臺北市,中正區,新營里,Xinying Vil.,A,63000,A03,63000050,,3952
3805,63000050022,臺北市,中正區,建國里,Jianguo Vil.,A,63000,A03,63000050,,3953
3806,63000050023,臺北市,中正區,光復里,Guangfu Vil.,A,63000,A03,63000050,,3954
3807,63000050024,臺北市,中正區,黎明里,Liming Vil.,A,63000,A03,63000050,,3955
3808,63000050025,臺北市,中正區,梅花里,Meihua Vil.,A,63000,A03,63000050,,3956
3809,63000050026,臺北市,中正區,幸福里,Xingfu Vil.,A,63000,A03,63000050,,3957
3810,63000050027,臺北市,中正區,幸市里,Xingshi Vil.,A,63000,A03,63000050,,3958
3811,63000050028,臺北市,中正區,東門里,Dongmen Vil.,A,63000,A03,63000050,,3959
3812,63000050029,臺北市,中正區,文北里,Wenbei Vil.,A,63000,A03,63000050,,3960
3813,63000050030,臺北市,中正區,文祥里,Wenxiang Vil.,A,63000,A03,63000050,,3961
3814,63000050031,臺北市,中正區,三愛里,San'ai Vil.,A,63000,A03,63000050,,3962
3815,63000060001,臺北市,大同區,玉泉里,Yuquan Vil.,A,63000,A09,63000060,,3963
3816,63000060002,臺北市,大同區,建明里,Jianming Vil.,A,63000,A09,63000060,,3964
3817,63000060003,臺北市,大同區,建功里,Jiangong Vil.,A,63000,A09,63000060,,3965
3818,63000060004,臺北市,大同區,建泰里,Jiantai Vil.,A,63000,A09,63000060,,3966
3819,63000060005,臺北市,大同區,永樂里,Yongle Vil.,A,63000,A09,63000060,,3967
3820,63000060006,臺北市,大同區,朝陽里,Zhaoyang Vil.,A,63000,A09,63000060,,3968
3821,63000060007,臺北市,大同區,星明里,Xingming Vil.,A,63000,A09,63000060,,3969
3822,63000060008,臺北市,大同區,光能里,Guangneng Vil.,A,63000,A09,63000060,,3970
3823,63000060009,臺北市,大同區,大有里,Dayou Vil.,A,63000,A09,63000060,,3971
3824,63000060010,臺北市,大同區,延平里,Yanping Vil.,A,63000,A09,63000060,,3972
3825,63000060011,臺北市,大同區,雙連里,Shuanglian Vil.,A,63000,A09,63000060,,3973
3826,63000060012,臺北市,大同區,南芳里,Nanfang Vil.,A,63000,A09,63000060,,3974
3827,63000060013,臺北市,大同區,民權里,Minquan Vil.,A,63000,A09,63000060,,3975
3828,63000060014,臺北市,大同區,景星里,Jingxing Vil.,A,63000,A09,63000060,,3976
3829,63000060015,臺北市,大同區,隆和里,Longhe Vil.,A,63000,A09,63000060,,3977
3830,63000060016,臺北市,大同區,蓬萊里,Penglai Vil.,A,63000,A09,63000060,,3978
3831,63000060017,臺北市,大同區,國順里,Guoshun Vil.,A,63000,A09,63000060,,3979
3832,63000060018,臺北市,大同區,國慶里,Guoqing Vil.,A,63000,A09,63000060,,3980
3833,63000060019,臺北市,大同區,揚雅里,Yangya Vil.,A,63000,A09,63000060,,3981
3834,63000060020,臺北市,大同區,斯文里,Siwen Vil.,A,63000,A09,63000060,,3982
3835,63000060021,臺北市,大同區,鄰江里,Linjiang Vil.,A,63000,A09,63000060,,3983
3836,63000060022,臺北市,大同區,至聖里,Zhisheng Vil.,A,63000,A09,63000060,,3984
3837,63000060024,臺北市,大同區,老師里,Laoshi Vil.,A,63000,A09,63000060,,3985
3838,63000060025,臺北市,大同區,重慶里,Zhongqing Vil.,A,63000,A09,63000060,,3986
3839,63000060026,臺北市,大同區,保安里,Bao'an Vil.,A,63000,A09,63000060,,3987
3840,63000070001,臺北市,萬華區,福星里,Fuxing Vil.,A,63000,A05,63000070,,3988
3841,63000070002,臺北市,萬華區,萬壽里,Wanshou Vil.,A,63000,A05,63000070,,3989
3842,63000070003,臺北市,萬華區,西門里,Ximen Vil.,A,63000,A05,63000070,,3990
3843,63000070004,臺北市,萬華區,新起里,Xinqi Vil.,A,63000,A05,63000070,,3991
3844,63000070005,臺北市,萬華區,菜園里,Caiyuan Vil.,A,63000,A05,63000070,,3992
3845,63000070006,臺北市,萬華區,青山里,Qingshan Vil.,A,63000,A05,63000070,,3993
3846,63000070007,臺北市,萬華區,富民里,Fumin Vil.,A,63000,A05,63000070,,3994
3847,63000070008,臺北市,萬華區,福音里,Fuyin Vil.,A,63000,A05,63000070,,3995
3848,63000070009,臺北市,萬華區,仁德里,Rende Vil.,A,63000,A05,63000070,,3996
3849,63000070010,臺北市,萬華區,富福里,Fufu Vil.,A,63000,A05,63000070,,3997
3850,63000070011,臺北市,萬華區,頂碩里,Dingshuo Vil.,A,63000,A05,63000070,,3998
3851,63000070012,臺北市,萬華區,雙園里,Shuangyuan Vil.,A,63000,A05,63000070,,3999
3852,63000070013,臺北市,萬華區,新忠里,Xinzhong Vil.,A,63000,A05,63000070,,4000
3853,63000070014,臺北市,萬華區,新和里,Xinhe Vil.,A,63000,A05,63000070,,4001
3854,63000070015,臺北市,萬華區,糖廍里,Tangbu Vil.,A,63000,A05,63000070,,4002
3855,63000070016,臺北市,萬華區,和平里,Heping Vil.,A,63000,A05,63000070,,4003
3856,63000070017,臺北市,萬華區,綠堤里,Lüti Vil.,A,63000,A05,63000070,,4004
3857,63000070018,臺北市,萬華區,華江里,Huajiang Vil.,A,63000,A05,63000070,,4005
3858,63000070019,臺北市,萬華區,柳鄉里,Liuxiang Vil.,A,63000,A05,63000070,,4006
3859,63000070020,臺北市,萬華區,日善里,Rishan Vil.,A,63000,A05,63000070,,4007
3860,63000070021,臺北市,萬華區,新安里,Xin'an Vil.,A,63000,A05,63000070,,4008
3861,63000070022,臺北市,萬華區,忠德里,Zhongde Vil.,A,63000,A05,63000070,,4009
3862,63000070023,臺北市,萬華區,孝德里,Xiaode Vil.,A,63000,A05,63000070,,4010
3863,63000070024,臺北市,萬華區,和德里,Hede Vil.,A,63000,A05,63000070,,4011
3864,63000070025,臺北市,萬華區,錦德里,Jinde Vil.,A,63000,A05,63000070,,4012
3865,63000070026,臺北市,萬華區,全德里,Quande Vil.,A,63000,A05,63000070,,4013
3866,63000070027,臺北市,萬華區,保德里,Baode Vil.,A,63000,A05,63000070,,4014
3867,63000070028,臺北市,萬華區,銘德里,Mingde Vil.,A,63000,A05,63000070,,4015
3868,63000070029,臺北市,萬華區,榮德里,Rongde Vil.,A,63000,A05,63000070,,4016
3869,63000070030,臺北市,萬華區,壽德里,Shoude Vil.,A,63000,A05,63000070,,4017
3870,63000070031,臺北市,萬華區,興德里,Xingde Vil.,A,63000,A05,63000070,,4018
3871,63000070032,臺北市,萬華區,華中里,Huazhong Vil.,A,63000,A05,63000070,,4019
3872,63000070033,臺北市,萬華區,日祥里,Rixiang Vil.,A,63000,A05,63000070,,4020
3873,63000070034,臺北市,萬華區,忠貞里,Zhongzhen Vil.,A,63000,A05,63000070,,4021
3874,63000070035,臺北市,萬華區,凌霄里,Lingxiao Vil.,A,63000,A05,63000070,,4022
3875,63000070036,臺北市,萬華區,騰雲里,Tengyun Vil.,A,63000,A05,63000070,,4023
3876,63000080001,臺北市,文山區,景行里,Jingxing Vil.,A,63000,A11,63000080,,4024
3877,63000080002,臺北市,文山區,景東里,Jingdong Vil.,A,63000,A11,63000080,,4025
3878,63000080003,臺北市,文山區,景美里,Jingmei Vil.,A,63000,A11,63000080,,4026
3879,63000080004,臺北市,文山區,景慶里,Jingqing Vil.,A,63000,A11,63000080,,4027
3880,63000080005,臺北市,文山區,景仁里,Jingren Vil.,A,63000,A11,63000080,,4028
3881,63000080006,臺北市,文山區,景華里,Jinghua Vil.,A,63000,A11,63000080,,4029
3882,63000080007,臺北市,文山區,萬有里,Wanyou Vil.,A,63000,A11,63000080,,4030
3883,63000080008,臺北市,文山區,萬祥里,Wanxiang Vil.,A,63000,A11,63000080,,4031
3884,63000080009,臺北市,文山區,萬隆里,Wanlong Vil.,A,63000,A11,63000080,,4032
3885,63000080010,臺北市,文山區,萬年里,Wannian Vil.,A,63000,A11,63000080,,4033
3886,63000080011,臺北市,文山區,萬和里,Wanhe Vil.,A,63000,A11,63000080,,4034
3887,63000080012,臺北市,文山區,萬盛里,Wancheng Vil.,A,63000,A11,63000080,,4035
3888,63000080013,臺北市,文山區,興豐里,Xingfeng Vil.,A,63000,A11,63000080,,4036
3889,63000080014,臺北市,文山區,興光里,Xingguang Vil.,A,63000,A11,63000080,,4037
3890,63000080015,臺北市,文山區,興家里,Xingjia Vil.,A,63000,A11,63000080,,4038
3891,63000080016,臺北市,文山區,興得里,Xingde Vil.,A,63000,A11,63000080,,4039
3892,63000080017,臺北市,文山區,興業里,Xingye Vil.,A,63000,A11,63000080,,4040
3893,63000080018,臺北市,文山區,興安里,Xing'an Vil.,A,63000,A11,63000080,,4041
3894,63000080019,臺北市,文山區,興福里,Xingfu Vil.,A,63000,A11,63000080,,4042
3895,63000080020,臺北市,文山區,興旺里,Xingwang Vil.,A,63000,A11,63000080,,4043
3896,63000080021,臺北市,文山區,興泰里,Xingtai Vil.,A,63000,A11,63000080,,4044
3897,63000080022,臺北市,文山區,興昌里,Xingchang Vil.,A,63000,A11,63000080,,4045
3898,63000080023,臺北市,文山區,試院里,Shiyuan Vil.,A,63000,A11,63000080,,4046
3899,63000080024,臺北市,文山區,華興里,Huaxing Vil.,A,63000,A11,63000080,,4047
3900,63000080025,臺北市,文山區,明義里,Mingyi Vil.,A,63000,A11,63000080,,4048
3901,63000080026,臺北市,文山區,明興里,Mingxing Vil.,A,63000,A11,63000080,,4049
3902,63000080027,臺北市,文山區,木柵里,Muzha Vil.,A,63000,A11,63000080,,4050
3903,63000080028,臺北市,文山區,木新里,Muxin Vil.,A,63000,A11,63000080,,4051
3904,63000080029,臺北市,文山區,順興里,Shunxing Vil.,A,63000,A11,63000080,,4052
3905,63000080030,臺北市,文山區,樟林里,Zhanglin Vil.,A,63000,A11,63000080,,4053
3906,63000080031,臺北市,文山區,樟新里,Zhangxin Vil.,A,63000,A11,63000080,,4054
3907,63000080032,臺北市,文山區,樟腳里,Zhangjiao Vil.,A,63000,A11,63000080,,4055
3908,63000080033,臺北市,文山區,萬芳里,Wanfang Vil.,A,63000,A11,63000080,,4056
3909,63000080034,臺北市,文山區,博嘉里,Bojia Vil.,A,63000,A11,63000080,,4057
3910,63000080035,臺北市,文山區,萬興里,Wanxing Vil.,A,63000,A11,63000080,,4058
3911,63000080036,臺北市,文山區,指南里,Zhinan Vil.,A,63000,A11,63000080,,4059
3912,63000080037,臺北市,文山區,老泉里,Laoquan Vil.,A,63000,A11,63000080,,4060
3913,63000080038,臺北市,文山區,忠順里,Zhongshun Vil.,A,63000,A11,63000080,,4061
3914,63000080039,臺北市,文山區,萬美里,Wanmei Vil.,A,63000,A11,63000080,,4062
3915,63000080040,臺北市,文山區,政大里,Zhengda Vil.,A,63000,A11,63000080,,4063
3916,63000080041,臺北市,文山區,樟文里,Zhangwen Vil.,A,63000,A11,63000080,,4064
3917,63000080042,臺北市,文山區,興邦里,Xingbang Vil.,A,63000,A11,63000080,,4065
3918,63000080043,臺北市,文山區,樟樹里,Zhangshu Vil.,A,63000,A11,63000080,,4066
3919,63000090001,臺北市,南港區,南港里,Nangang Vil.,A,63000,A13,63000090,,4067
3920,63000090002,臺北市,南港區,中南里,Zhongnan Vil.,A,63000,A13,63000090,,4068
3921,63000090003,臺北市,南港區,新富里,Xinfu Vil.,A,63000,A13,63000090,,4069
3922,63000090004,臺北市,南港區,三重里,Sanzhong Vil.,A,63000,A13,63000090,,4070
3923,63000090005,臺北市,南港區,東新里,Dongxin Vil.,A,63000,A13,63000090,,4071
3924,63000090006,臺北市,南港區,新光里,Xinguang Vil.,A,63000,A13,63000090,,4072
3925,63000090007,臺北市,南港區,東明里,Dongming Vil.,A,63000,A13,63000090,,4073
3926,63000090008,臺北市,南港區,西新里,Xixin Vil.,A,63000,A13,63000090,,4074
3927,63000090009,臺北市,南港區,玉成里,Yucheng Vil.,A,63000,A13,63000090,,4075
3928,63000090010,臺北市,南港區,合成里,Hecheng Vil.,A,63000,A13,63000090,,4076
3929,63000090011,臺北市,南港區,成福里,Chengfu Vil.,A,63000,A13,63000090,,4077
3930,63000090012,臺北市,南港區,萬福里,Wanfu Vil.,A,63000,A13,63000090,,4078
3931,63000090013,臺北市,南港區,鴻福里,Hongfu Vil.,A,63000,A13,63000090,,4079
3932,63000090014,臺北市,南港區,百福里,Baifu Vil.,A,63000,A13,63000090,,4080
3933,63000090015,臺北市,南港區,聯成里,Liancheng Vil.,A,63000,A13,63000090,,4081
3934,63000090016,臺北市,南港區,舊莊里,Jiuzhuang Vil.,A,63000,A13,63000090,,4082
3935,63000090017,臺北市,南港區,中研里,Zhongyan Vil.,A,63000,A13,63000090,,4083
3936,63000090018,臺北市,南港區,九如里,Jiuru Vil.,A,63000,A13,63000090,,4084
3937,63000090019,臺北市,南港區,仁福里,Renfu Vil.,A,63000,A13,63000090,,4085
3938,63000090020,臺北市,南港區,重陽里,Zhongyang Vil.,A,63000,A13,63000090,,4086
3939,63000100001,臺北市,內湖區,西湖里,Xihu Vil.,A,63000,A14,63000100,,4087
3940,63000100002,臺北市,內湖區,西康里,Xikang Vil.,A,63000,A14,63000100,,4088
3941,63000100003,臺北市,內湖區,西安里,Xi'an Vil.,A,63000,A14,63000100,,4089
3942,63000100005,臺北市,內湖區,港墘里,Gangqian Vil.,A,63000,A14,63000100,,4090
3943,63000100006,臺北市,內湖區,港都里,Gangdou Vil.,A,63000,A14,63000100,,4091
3944,63000100007,臺北市,內湖區,港富里,Gangfu Vil.,A,63000,A14,63000100,,4092
3945,63000100008,臺北市,內湖區,港華里,Ganghua Vil.,A,63000,A14,63000100,,4093
3946,63000100009,臺北市,內湖區,內湖里,Neihu Vil.,A,63000,A14,63000100,,4094
3947,63000100010,臺北市,內湖區,湖濱里,Hubin Vil.,A,63000,A14,63000100,,4095
3948,63000100011,臺北市,內湖區,紫星里,Zixing Vil.,A,63000,A14,63000100,,4096
3949,63000100012,臺北市,內湖區,大湖里,Dahu Vil.,A,63000,A14,63000100,,4097
3950,63000100013,臺北市,內湖區,金龍里,Jinlong Vil.,A,63000,A14,63000100,,4098
3951,63000100014,臺北市,內湖區,金瑞里,Jinrui Vil.,A,63000,A14,63000100,,4099
3952,63000100015,臺北市,內湖區,碧山里,Bishan Vil.,A,63000,A14,63000100,,4100
3953,63000100016,臺北市,內湖區,紫雲里,Ziyun Vil.,A,63000,A14,63000100,,4101
3954,63000100017,臺北市,內湖區,清白里,Qingbai Vil.,A,63000,A14,63000100,,4102
3955,63000100018,臺北市,內湖區,葫洲里,Huzhou Vil.,A,63000,A14,63000100,,4103
3956,63000100019,臺北市,內湖區,紫陽里,Ziyang Vil.,A,63000,A14,63000100,,4104
3957,63000100020,臺北市,內湖區,瑞陽里,Ruiyang Vil.,A,63000,A14,63000100,,4105
3958,63000100021,臺北市,內湖區,瑞光里,Ruiguang Vil.,A,63000,A14,63000100,,4106
3959,63000100022,臺北市,內湖區,五分里,Wufen Vil.,A,63000,A14,63000100,,4107
3960,63000100023,臺北市,內湖區,東湖里,Donghu Vil.,A,63000,A14,63000100,,4108
3961,63000100024,臺北市,內湖區,樂康里,Lekang Vil.,A,63000,A14,63000100,,4109
3962,63000100025,臺北市,內湖區,內溝里,Neigou Vil.,A,63000,A14,63000100,,4110
3963,63000100026,臺北市,內湖區,週美里,Zhoumei Vil.,A,63000,A14,63000100,,4111
3964,63000100027,臺北市,內湖區,行善里,Xingshan Vil.,A,63000,A14,63000100,,4112
3965,63000100028,臺北市,內湖區,石潭里,Shitan Vil.,A,63000,A14,63000100,,4113
3966,63000100029,臺北市,內湖區,湖興里,Huxing Vil.,A,63000,A14,63000100,,4114
3967,63000100030,臺北市,內湖區,湖元里,Huyuan Vil.,A,63000,A14,63000100,,4115
3968,63000100031,臺北市,內湖區,安湖里,Anhu Vil.,A,63000,A14,63000100,,4116
3969,63000100032,臺北市,內湖區,秀湖里,Xiuhu Vil.,A,63000,A14,63000100,,4117
3970,63000100033,臺北市,內湖區,安泰里,Antai Vil.,A,63000,A14,63000100,,4118
3971,63000100034,臺北市,內湖區,金湖里,Jinhu Vil.,A,63000,A14,63000100,,4119
3972,63000100035,臺北市,內湖區,康寧里,Kangning Vil.,A,63000,A14,63000100,,4120
3973,63000100036,臺北市,內湖區,明湖里,Minghu Vil.,A,63000,A14,63000100,,4121
3974,63000100037,臺北市,內湖區,蘆洲里,Luzhou Vil.,A,63000,A14,63000100,,4122
3975,63000100038,臺北市,內湖區,麗山里,Lishan Vil.,A,63000,A14,63000100,,4123
3976,63000100039,臺北市,內湖區,寶湖里,Baohu Vil.,A,63000,A14,63000100,,4124
3977,63000100040,臺北市,內湖區,南湖里,Nanhu Vil.,A,63000,A14,63000100,,4125
3978,63000110001,臺北市,士林區,仁勇里,Renyong Vil.,A,63000,A15,63000110,,4126
3979,63000110002,臺北市,士林區,義信里,Yixin Vil.,A,63000,A15,63000110,,4127
3980,63000110003,臺北市,士林區,福林里,Fulin Vil.,A,63000,A15,63000110,,4128
3981,63000110004,臺北市,士林區,福德里,Fude Vil.,A,63000,A15,63000110,,4129
3982,63000110005,臺北市,士林區,福志里,Fuzhi Vil.,A,63000,A15,63000110,,4130
3983,63000110006,臺北市,士林區,舊佳里,Jiujia Vil.,A,63000,A15,63000110,,4131
3984,63000110007,臺北市,士林區,福佳里,Fujia Vil.,A,63000,A15,63000110,,4132
3985,63000110008,臺北市,士林區,後港里,Hougang Vil.,A,63000,A15,63000110,,4133
3986,63000110009,臺北市,士林區,福中里,Fuzhong Vil.,A,63000,A15,63000110,,4134
3987,63000110010,臺北市,士林區,前港里,Qiangang Vil.,A,63000,A15,63000110,,4135
3988,63000110011,臺北市,士林區,百齡里,Bailing Vil.,A,63000,A15,63000110,,4136
3989,63000110012,臺北市,士林區,承德里,Chengde Vil.,A,63000,A15,63000110,,4137
3990,63000110013,臺北市,士林區,福華里,Fuhua Vil.,A,63000,A15,63000110,,4138
3991,63000110014,臺北市,士林區,明勝里,Mingsheng Vil.,A,63000,A15,63000110,,4139
3992,63000110015,臺北市,士林區,福順里,Fushun Vil.,A,63000,A15,63000110,,4140
3993,63000110016,臺北市,士林區,富光里,Fuguang Vil.,A,63000,A15,63000110,,4141
3994,63000110017,臺北市,士林區,葫蘆里,Hulu Vil.,A,63000,A15,63000110,,4142
3995,63000110018,臺北市,士林區,葫東里,Hudong Vil.,A,63000,A15,63000110,,4143
3996,63000110019,臺北市,士林區,社子里,Shezi Vil.,A,63000,A15,63000110,,4144
3997,63000110020,臺北市,士林區,社新里,Shexin Vil.,A,63000,A15,63000110,,4145
3998,63000110021,臺北市,士林區,社園里,Sheyuan Vil.,A,63000,A15,63000110,,4146
3999,63000110022,臺北市,士林區,永倫里,Yonglun Vil.,A,63000,A15,63000110,,4147
4000,63000110023,臺北市,士林區,福安里,Fu'an Vil.,A,63000,A15,63000110,,4148
4001,63000110024,臺北市,士林區,富洲里,Fuzhou Vil.,A,63000,A15,63000110,,4149
4002,63000110025,臺北市,士林區,岩山里,Yanshan Vil.,A,63000,A15,63000110,,4150
4003,63000110026,臺北市,士林區,名山里,Mingshan Vil.,A,63000,A15,63000110,,4151
4004,63000110027,臺北市,士林區,德行里,Dexing Vil.,A,63000,A15,63000110,,4152
4005,63000110028,臺北市,士林區,德華里,Dehua Vil.,A,63000,A15,63000110,,4153
4006,63000110029,臺北市,士林區,聖山里,Shengshan Vil.,A,63000,A15,63000110,,4154
4007,63000110030,臺北市,士林區,忠誠里,Zhongcheng Vil.,A,63000,A15,63000110,,4155
4008,63000110031,臺北市,士林區,芝山里,Zhishan Vil.,A,63000,A15,63000110,,4156
4009,63000110032,臺北市,士林區,東山里,Dongshan Vil.,A,63000,A15,63000110,,4157
4010,63000110033,臺北市,士林區,三玉里,Sanyu Vil.,A,63000,A15,63000110,,4158
4011,63000110034,臺北市,士林區,蘭雅里,Lanya Vil.,A,63000,A15,63000110,,4159
4012,63000110035,臺北市,士林區,蘭興里,Lanxing Vil.,A,63000,A15,63000110,,4160
4013,63000110036,臺北市,士林區,天福里,Tianfu Vil.,A,63000,A15,63000110,,4161
4014,63000110037,臺北市,士林區,天祿里,Tianlu Vil.,A,63000,A15,63000110,,4162
4015,63000110038,臺北市,士林區,天壽里,Tianshou Vil.,A,63000,A15,63000110,,4163
4016,63000110039,臺北市,士林區,天和里,Tianhe Vil.,A,63000,A15,63000110,,4164
4017,63000110040,臺北市,士林區,天山里,Tianshan Vil.,A,63000,A15,63000110,,4165
4018,63000110041,臺北市,士林區,天玉里,Tianyu Vil.,A,63000,A15,63000110,,4166
4019,63000110042,臺北市,士林區,天母里,Tianmu Vil.,A,63000,A15,63000110,,4167
4020,63000110043,臺北市,士林區,永福里,Yongfu Vil.,A,63000,A15,63000110,,4168
4021,63000110044,臺北市,士林區,公館里,Gongguan Vil.,A,63000,A15,63000110,,4169
4022,63000110045,臺北市,士林區,新安里,Xin'an Vil.,A,63000,A15,63000110,,4170
4023,63000110046,臺北市,士林區,陽明里,Yangming Vil.,A,63000,A15,63000110,,4171
4024,63000110047,臺北市,士林區,菁山里,Jingshan Vil.,A,63000,A15,63000110,,4172
4025,63000110048,臺北市,士林區,平等里,Pingdeng Vil.,A,63000,A15,63000110,,4173
4026,63000110049,臺北市,士林區,溪山里,Xishan Vil.,A,63000,A15,63000110,,4174
4027,63000110050,臺北市,士林區,翠山里,Cuishan Vil.,A,63000,A15,63000110,,4175
4028,63000110051,臺北市,士林區,臨溪里,Linxi Vil.,A,63000,A15,63000110,,4176
4029,63000120001,臺北市,北投區,建民里,Jianmin Vil.,A,63000,A16,63000120,,4177
4030,63000120002,臺北市,北投區,文林里,Wenlin Vil.,A,63000,A16,63000120,,4178
4031,63000120003,臺北市,北投區,石牌里,Shipai Vil.,A,63000,A16,63000120,,4179
4032,63000120004,臺北市,北投區,福興里,Fuxing Vil.,A,63000,A16,63000120,,4180
4033,63000120005,臺北市,北投區,榮光里,Rongguang Vil.,A,63000,A16,63000120,,4181
4034,63000120006,臺北市,北投區,榮華里,Ronghua Vil.,A,63000,A16,63000120,,4182
4035,63000120007,臺北市,北投區,裕民里,Yumin Vil.,A,63000,A16,63000120,,4183
4036,63000120008,臺北市,北投區,振華里,Zhenhua Vil.,A,63000,A16,63000120,,4184
4037,63000120009,臺北市,北投區,永和里,Yonghe Vil.,A,63000,A16,63000120,,4185
4038,63000120010,臺北市,北投區,永欣里,Yongxin Vil.,A,63000,A16,63000120,,4186
4039,63000120011,臺北市,北投區,永明里,Yongming Vil.,A,63000,A16,63000120,,4187
4040,63000120012,臺北市,北投區,東華里,Donghua Vil.,A,63000,A16,63000120,,4188
4041,63000120013,臺北市,北投區,吉利里,Jili Vil.,A,63000,A16,63000120,,4189
4042,63000120014,臺北市,北投區,吉慶里,Jiqing Vil.,A,63000,A16,63000120,,4190
4043,63000120015,臺北市,北投區,尊賢里,Zunxian Vil.,A,63000,A16,63000120,,4191
4044,63000120016,臺北市,北投區,立賢里,Lixian Vil.,A,63000,A16,63000120,,4192
4045,63000120017,臺北市,北投區,立農里,Linong Vil.,A,63000,A16,63000120,,4193
4046,63000120018,臺北市,北投區,八仙里,Baxian Vil.,A,63000,A16,63000120,,4194
4047,63000120019,臺北市,北投區,洲美里,Zhoumei Vil.,A,63000,A16,63000120,,4195
4048,63000120020,臺北市,北投區,奇岩里,Qiyan Vil.,A,63000,A16,63000120,,4196
4049,63000120021,臺北市,北投區,清江里,Qingjiang Vil.,A,63000,A16,63000120,,4197
4050,63000120022,臺北市,北投區,中央里,Zhongyang Vil.,A,63000,A16,63000120,,4198
4051,63000120023,臺北市,北投區,長安里,Chang'an Vil.,A,63000,A16,63000120,,4199
4052,63000120024,臺北市,北投區,大同里,Datong Vil.,A,63000,A16,63000120,,4200
4053,63000120025,臺北市,北投區,溫泉里,Wenquan Vil.,A,63000,A16,63000120,,4201
4054,63000120026,臺北市,北投區,林泉里,Linquan Vil.,A,63000,A16,63000120,,4202
4055,63000120027,臺北市,北投區,中心里,Zhongxin Vil.,A,63000,A16,63000120,,4203
4056,63000120028,臺北市,北投區,中庸里,Zhongyong Vil.,A,63000,A16,63000120,,4204
4057,63000120029,臺北市,北投區,開明里,Kaiming Vil.,A,63000,A16,63000120,,4205
4058,63000120030,臺北市,北投區,中和里,Zhonghe Vil.,A,63000,A16,63000120,,4206
4059,63000120031,臺北市,北投區,智仁里,Zhiren Vil.,A,63000,A16,63000120,,4207
4060,63000120032,臺北市,北投區,秀山里,Xiushan Vil.,A,63000,A16,63000120,,4208
4061,63000120033,臺北市,北投區,文化里,Wenhua Vil.,A,63000,A16,63000120,,4209
4062,63000120034,臺北市,北投區,豐年里,Fengnian Vil.,A,63000,A16,63000120,,4210
4063,63000120035,臺北市,北投區,稻香里,Daoxiang Vil.,A,63000,A16,63000120,,4211
4064,63000120036,臺北市,北投區,桃源里,Taoyuan Vil.,A,63000,A16,63000120,,4212
4065,63000120037,臺北市,北投區,一德里,Yide Vil.,A,63000,A16,63000120,,4213
4066,63000120038,臺北市,北投區,關渡里,Guandu Vil.,A,63000,A16,63000120,,4214
4067,63000120039,臺北市,北投區,泉源里,Quanyuan Vil.,A,63000,A16,63000120,,4215
4068,63000120040,臺北市,北投區,湖山里,Hushan Vil.,A,63000,A16,63000120,,4216
4069,63000120041,臺北市,北投區,大屯里,Datun Vil.,A,63000,A16,63000120,,4217
4070,63000120042,臺北市,北投區,湖田里,Hutian Vil.,A,63000,A16,63000120,,4218
4071,64000010001,高雄市,鹽埕區,藍橋里,Lanqiao Vil.,E,64000,E01,64000010,,4219
4072,64000010004,高雄市,鹽埕區,壽星里,Shouxing Vil.,E,64000,E01,64000010,,4220
4073,64000010005,高雄市,鹽埕區,中山里,Zhongshan Vil.,E,64000,E01,64000010,,4221
4074,64000010006,高雄市,鹽埕區,教仁里,Jiaoren Vil.,E,64000,E01,64000010,,4222
4075,64000010007,高雄市,鹽埕區,新樂里,Xinle Vil.,E,64000,E01,64000010,,4223
4076,64000010008,高雄市,鹽埕區,中原里,Zhongyuan Vil.,E,64000,E01,64000010,,4224
4077,64000010009,高雄市,鹽埕區,光明里,Guangming Vil.,E,64000,E01,64000010,,4225
4078,64000010010,高雄市,鹽埕區,育仁里,Yuren Vil.,E,64000,E01,64000010,,4226
4079,64000010011,高雄市,鹽埕區,河濱里,Hebin Vil.,E,64000,E01,64000010,,4227
4080,64000010012,高雄市,鹽埕區,沙地里,Shadi Vil.,E,64000,E01,64000010,,4228
4081,64000010013,高雄市,鹽埕區,南端里,Nanduan Vil.,E,64000,E01,64000010,,4229
4082,64000010014,高雄市,鹽埕區,港都里,Gangdou Vil.,E,64000,E01,64000010,,4230
4083,64000010015,高雄市,鹽埕區,江西里,Jiangxi Vil.,E,64000,E01,64000010,,4231
4084,64000010016,高雄市,鹽埕區,新豐里,Xinfeng Vil.,E,64000,E01,64000010,,4232
4085,64000010017,高雄市,鹽埕區,府北里,Fubei Vil.,E,64000,E01,64000010,,4233
4086,64000010018,高雄市,鹽埕區,陸橋里,Luqiao Vil.,E,64000,E01,64000010,,4234
4087,64000010019,高雄市,鹽埕區,瀨南里,Lainan Vil.,E,64000,E01,64000010,,4235
4088,64000010020,高雄市,鹽埕區,新化里,Xinhua Vil.,E,64000,E01,64000010,,4236
4089,64000010021,高雄市,鹽埕區,江南里,Jiangnan Vil.,E,64000,E01,64000010,,4237
4090,64000010022,高雄市,鹽埕區,北端里,Beiduan Vil.,E,64000,E01,64000010,,4238
4091,64000010S01,高雄市,鹽埕區,,,E,64000,E01,64000010,未編定村里,4239
4092,64000020001,高雄市,鼓山區,鼓峰里,Gufeng Vil.,E,64000,E02,64000020,,4240
4093,64000020002,高雄市,鼓山區,雄峰里,Xuengfeng Vil.,E,64000,E02,64000020,,4241
4094,64000020003,高雄市,鼓山區,前峰里,Qianfeng Vil.,E,64000,E02,64000020,,4242
4095,64000020004,高雄市,鼓山區,光榮里,Guangrong Vil.,E,64000,E02,64000020,,4243
4096,64000020005,高雄市,鼓山區,民族里,Minzu Vil.,E,64000,E02,64000020,,4244
4097,64000020006,高雄市,鼓山區,內惟里,Neiwei Vil.,E,64000,E02,64000020,,4245
4098,64000020007,高雄市,鼓山區,建國里,Jianguo Vil.,E,64000,E02,64000020,,4246
4099,64000020008,高雄市,鼓山區,忠正里,Zhongzheng Vil.,E,64000,E02,64000020,,4247
4100,64000020009,高雄市,鼓山區,自強里,Ziqiang Vil.,E,64000,E02,64000020,,4248
4101,64000020010,高雄市,鼓山區,龍井里,Longjing Vil.,E,64000,E02,64000020,,4249
4102,64000020011,高雄市,鼓山區,正德里,Zhengde Vil.,E,64000,E02,64000020,,4250
4103,64000020012,高雄市,鼓山區,平和里,Pinghe Vil.,E,64000,E02,64000020,,4251
4104,64000020013,高雄市,鼓山區,民強里,Minqiang Vil.,E,64000,E02,64000020,,4252
4105,64000020014,高雄市,鼓山區,厚生里,Housheng Vil.,E,64000,E02,64000020,,4253
4106,64000020015,高雄市,鼓山區,龍子里,Longzi Vil.,E,64000,E02,64000020,,4254
4107,64000020017,高雄市,鼓山區,明誠里,Mingcheng Vil.,E,64000,E02,64000020,,4255
4108,64000020018,高雄市,鼓山區,華豐里,Huafeng Vil.,E,64000,E02,64000020,,4256
4109,64000020019,高雄市,鼓山區,裕興里,Yuxing Vil.,E,64000,E02,64000020,,4257
4110,64000020020,高雄市,鼓山區,裕豐里,Yufeng Vil.,E,64000,E02,64000020,,4258
4111,64000020021,高雄市,鼓山區,鼓岩里,Guyan Vil.,E,64000,E02,64000020,,4259
4112,64000020022,高雄市,鼓山區,樹德里,Shude Vil.,E,64000,E02,64000020,,4260
4113,64000020023,高雄市,鼓山區,寶樹里,Baoshu Vil.,E,64000,E02,64000020,,4261
4114,64000020024,高雄市,鼓山區,興宗里,Xingzong Vil.,E,64000,E02,64000020,,4262
4115,64000020025,高雄市,鼓山區,光化里,Guanghua Vil.,E,64000,E02,64000020,,4263
4116,64000020026,高雄市,鼓山區,山下里,Shanxia Vil.,E,64000,E02,64000020,,4264
4117,64000020027,高雄市,鼓山區,河邊里,Hebian Vil.,E,64000,E02,64000020,,4265
4118,64000020028,高雄市,鼓山區,綠川里,Lüchuan Vil.,E,64000,E02,64000020,,4266
4119,64000020029,高雄市,鼓山區,登山里,Dengshan Vil.,E,64000,E02,64000020,,4267
4120,64000020030,高雄市,鼓山區,峰南里,Fengnan Vil.,E,64000,E02,64000020,,4268
4121,64000020031,高雄市,鼓山區,麗興里,Lixing Vil.,E,64000,E02,64000020,,4269
4122,64000020032,高雄市,鼓山區,新民里,Xinmin Vil.,E,64000,E02,64000020,,4270
4123,64000020033,高雄市,鼓山區,延平里,Yanping Vil.,E,64000,E02,64000020,,4271
4124,64000020034,高雄市,鼓山區,維生里,Weisheng Vil.,E,64000,E02,64000020,,4272
4125,64000020035,高雄市,鼓山區,惠安里,Hui'an Vil.,E,64000,E02,64000020,,4273
4126,64000020036,高雄市,鼓山區,壽山里,Shoushan Vil.,E,64000,E02,64000020,,4274
4127,64000020037,高雄市,鼓山區,哨船頭里,Shaochuantou Vil.,E,64000,E02,64000020,,4275
4128,64000020038,高雄市,鼓山區,桃源里,Taoyuan Vil.,E,64000,E02,64000020,,4276
4129,64000020039,高雄市,鼓山區,南美術館里,Nanmeishuguan Vil.,E,64000,E02,64000020,,4277
4130,64000020040,高雄市,鼓山區,北美術館里,Beimeishuguan Vil.,E,64000,E02,64000020,,4278
4131,64000020S01,高雄市,鼓山區,,,E,64000,E02,64000020,未編定村里,4279
4132,64000030001,高雄市,左營區,進學里,Jinxue Vil.,E,64000,E03,64000030,,4280
4133,64000030002,高雄市,左營區,尾西里,Weixi Vil.,E,64000,E03,64000030,,4281
4134,64000030003,高雄市,左營區,頂北里,Dingbei Vil.,E,64000,E03,64000030,,4282
4135,64000030004,高雄市,左營區,中北里,Zhongbei Vil.,E,64000,E03,64000030,,4283
4136,64000030006,高雄市,左營區,廟東里,Miaodong Vil.,E,64000,E03,64000030,,4284
4137,64000030007,高雄市,左營區,廟北里,Miaobei Vil.,E,64000,E03,64000030,,4285
4138,64000030008,高雄市,左營區,尾南里,Weinan Vil.,E,64000,E03,64000030,,4286
4139,64000030009,高雄市,左營區,尾北里,Weibei Vil.,E,64000,E03,64000030,,4287
4140,64000030011,高雄市,左營區,屏山里,Pingshan Vil.,E,64000,E03,64000030,,4288
4141,64000030013,高雄市,左營區,永清里,Yongqing Vil.,E,64000,E03,64000030,,4289
4142,64000030015,高雄市,左營區,莒光里,Juguang Vil.,E,64000,E03,64000030,,4290
4143,64000030016,高雄市,左營區,光輝里,Guanghui Vil.,E,64000,E03,64000030,,4291
4144,64000030017,高雄市,左營區,合群里,Hequn Vil.,E,64000,E03,64000030,,4292
4145,64000030019,高雄市,左營區,明建里,Mingjian Vil.,E,64000,E03,64000030,,4293
4146,64000030021,高雄市,左營區,頂西里,Dingxi Vil.,E,64000,E03,64000030,,4294
4147,64000030022,高雄市,左營區,聖后里,Shenghou Vil.,E,64000,E03,64000030,,4295
4148,64000030025,高雄市,左營區,城南里,Chengnan Vil.,E,64000,E03,64000030,,4296
4149,64000030026,高雄市,左營區,路東里,Ludong Vil.,E,64000,E03,64000030,,4297
4150,64000030029,高雄市,左營區,埤西里,Pixi Vil.,E,64000,E03,64000030,,4298
4151,64000030030,高雄市,左營區,埤北里,Pibei Vil.,E,64000,E03,64000030,,4299
4152,64000030031,高雄市,左營區,埤東里,Pidong Vil.,E,64000,E03,64000030,,4300
4153,64000030032,高雄市,左營區,海勝里,Haisheng Vil.,E,64000,E03,64000030,,4301
4154,64000030034,高雄市,左營區,崇實里,Chongshi Vil.,E,64000,E03,64000030,,4302
4155,64000030035,高雄市,左營區,自助里,Zizhu Vil.,E,64000,E03,64000030,,4303
4156,64000030036,高雄市,左營區,果貿里,Guomao Vil.,E,64000,E03,64000030,,4304
4157,64000030037,高雄市,左營區,果惠里,Guohui Vil.,E,64000,E03,64000030,,4305
4158,64000030038,高雄市,左營區,果峰里,Guofeng Vil.,E,64000,E03,64000030,,4306
4159,64000030039,高雄市,左營區,新下里,Xinxia Vil.,E,64000,E03,64000030,,4307
4160,64000030040,高雄市,左營區,新上里,Xinshang Vil.,E,64000,E03,64000030,,4308
4161,64000030041,高雄市,左營區,新中里,Xinzhong Vil.,E,64000,E03,64000030,,4309
4162,64000030042,高雄市,左營區,新光里,Xinguang Vil.,E,64000,E03,64000030,,4310
4163,64000030043,高雄市,左營區,菜公里,Caigong Vil.,E,64000,E03,64000030,,4311
4164,64000030044,高雄市,左營區,福山里,Fushan Vil.,E,64000,E03,64000030,,4312
4165,64000030045,高雄市,左營區,福愛里,Fu'ai Vil.,E,64000,E03,64000030,,4313
4166,64000030046,高雄市,左營區,福華里,Fuhua Vil.,E,64000,E03,64000030,,4314
4167,64000030047,高雄市,左營區,福榮里,Furong Vil.,E,64000,E03,64000030,,4315
4168,64000030048,高雄市,左營區,新超里,Xinchao Vil.,E,64000,E03,64000030,,4316
4169,64000030049,高雄市,左營區,菜福里,Caifu Vil.,E,64000,E03,64000030,,4317
4170,64000030050,高雄市,左營區,高鐵里,Gaotie Vil.,E,64000,E03,64000030,,4318
4171,64000030051,高雄市,左營區,廍後里,Buhou Vil.,E,64000,E03,64000030,,4319
4172,64000030052,高雄市,左營區,崇聖里,Chongsheng Vil.,E,64000,E03,64000030,,4320
4173,64000030S01,高雄市,左營區,,,E,64000,E03,64000030,未編定村里,4321
4174,64000040001,高雄市,楠梓區,清豐里,Qingfeng Vil.,E,64000,E04,64000040,,4322
4175,64000040002,高雄市,楠梓區,東寧里,Dongning Vil.,E,64000,E04,64000040,,4323
4176,64000040003,高雄市,楠梓區,五常里,Wuchang Vil.,E,64000,E04,64000040,,4324
4177,64000040004,高雄市,楠梓區,享平里,Xiangping Vil.,E,64000,E04,64000040,,4325
4178,64000040005,高雄市,楠梓區,中陽里,Zhongyang Vil.,E,64000,E04,64000040,,4326
4179,64000040006,高雄市,楠梓區,惠楠里,Huinan Vil.,E,64000,E04,64000040,,4327
4180,64000040007,高雄市,楠梓區,惠民里,Huimin Vil.,E,64000,E04,64000040,,4328
4181,64000040008,高雄市,楠梓區,惠豐里,Huifeng Vil.,E,64000,E04,64000040,,4329
4182,64000040009,高雄市,楠梓區,錦屏里,Jinping Vil.,E,64000,E04,64000040,,4330
4183,64000040010,高雄市,楠梓區,玉屏里,Yuping Vil.,E,64000,E04,64000040,,4331
4184,64000040011,高雄市,楠梓區,金田里,Jintian Vil.,E,64000,E04,64000040,,4332
4185,64000040012,高雄市,楠梓區,稔田里,Rentian Vil.,E,64000,E04,64000040,,4333
4186,64000040013,高雄市,楠梓區,瑞屏里,Ruiping Vil.,E,64000,E04,64000040,,4334
4187,64000040014,高雄市,楠梓區,翠屏里,Cuiping Vil.,E,64000,E04,64000040,,4335
4188,64000040016,高雄市,楠梓區,宏毅里,Hongyi Vil.,E,64000,E04,64000040,,4336
4189,64000040017,高雄市,楠梓區,宏榮里,Hongrong Vil.,E,64000,E04,64000040,,4337
4190,64000040018,高雄市,楠梓區,廣昌里,Guangchang Vil.,E,64000,E04,64000040,,4338
4191,64000040019,高雄市,楠梓區,久昌里,Jiuchang Vil.,E,64000,E04,64000040,,4339
4192,64000040020,高雄市,楠梓區,大昌里,Dachang Vil.,E,64000,E04,64000040,,4340
4193,64000040021,高雄市,楠梓區,福昌里,Fuchang Vil.,E,64000,E04,64000040,,4341
4194,64000040022,高雄市,楠梓區,盛昌里,Chengchang Vil.,E,64000,E04,64000040,,4342
4195,64000040023,高雄市,楠梓區,泰昌里,Taichang Vil.,E,64000,E04,64000040,,4343
4196,64000040024,高雄市,楠梓區,興昌里,Xingchang Vil.,E,64000,E04,64000040,,4344
4197,64000040025,高雄市,楠梓區,建昌里,Jianchang Vil.,E,64000,E04,64000040,,4345
4198,64000040026,高雄市,楠梓區,宏昌里,Hongchang Vil.,E,64000,E04,64000040,,4346
4199,64000040027,高雄市,楠梓區,和昌里,Hechang Vil.,E,64000,E04,64000040,,4347
4200,64000040028,高雄市,楠梓區,慶昌里,Qingchang Vil.,E,64000,E04,64000040,,4348
4201,64000040029,高雄市,楠梓區,隆昌里,Longchang Vil.,E,64000,E04,64000040,,4349
4202,64000040030,高雄市,楠梓區,秀昌里,Xiuchang Vil.,E,64000,E04,64000040,,4350
4203,64000040031,高雄市,楠梓區,裕昌里,Yuchang Vil.,E,64000,E04,64000040,,4351
4204,64000040032,高雄市,楠梓區,國昌里,Guochang Vil.,E,64000,E04,64000040,,4352
4205,64000040033,高雄市,楠梓區,加昌里,Jiachang Vil.,E,64000,E04,64000040,,4353
4206,64000040034,高雄市,楠梓區,仁昌里,Renchang Vil.,E,64000,E04,64000040,,4354
4207,64000040035,高雄市,楠梓區,藍田里,Lantian Vil.,E,64000,E04,64000040,,4355
4208,64000040036,高雄市,楠梓區,中興里,Zhongxing Vil.,E,64000,E04,64000040,,4356
4209,64000040037,高雄市,楠梓區,中和里,Zhonghe Vil.,E,64000,E04,64000040,,4357
4210,64000040038,高雄市,楠梓區,清翔里,Qingxiang Vil.,E,64000,E04,64000040,,4358
4211,64000040S01,高雄市,楠梓區,,,E,64000,E04,64000040,未編定村里,4359
4212,64000050001,高雄市,三民區,鼎金里,Dingjin Vil.,E,64000,E05,64000050,,4360
4213,64000050002,高雄市,三民區,鼎盛里,Dingcheng Vil.,E,64000,E05,64000050,,4361
4214,64000050003,高雄市,三民區,鼎強里,Dingqiang Vil.,E,64000,E05,64000050,,4362
4215,64000050004,高雄市,三民區,鼎力里,Dingli Vil.,E,64000,E05,64000050,,4363
4216,64000050005,高雄市,三民區,鼎西里,Dingxi Vil.,E,64000,E05,64000050,,4364
4217,64000050006,高雄市,三民區,鼎中里,Dingzhong Vil.,E,64000,E05,64000050,,4365
4218,64000050007,高雄市,三民區,鼎泰里,Dingtai Vil.,E,64000,E05,64000050,,4366
4219,64000050008,高雄市,三民區,本館里,Benguan Vil.,E,64000,E05,64000050,,4367
4220,64000050009,高雄市,三民區,本和里,Benhe Vil.,E,64000,E05,64000050,,4368
4221,64000050010,高雄市,三民區,本文里,Benwen Vil.,E,64000,E05,64000050,,4369
4222,64000050011,高雄市,三民區,本武里,Benwu Vil.,E,64000,E05,64000050,,4370
4223,64000050012,高雄市,三民區,本元里,Benyuan Vil.,E,64000,E05,64000050,,4371
4224,64000050013,高雄市,三民區,本安里,Ben'an Vil.,E,64000,E05,64000050,,4372
4225,64000050014,高雄市,三民區,本上里,Benshang Vil.,E,64000,E05,64000050,,4373
4226,64000050015,高雄市,三民區,本揚里,Benyang Vil.,E,64000,E05,64000050,,4374
4227,64000050016,高雄市,三民區,寶獅里,Baoshi Vil.,E,64000,E05,64000050,,4375
4228,64000050017,高雄市,三民區,寶德里,Baode Vil.,E,64000,E05,64000050,,4376
4229,64000050018,高雄市,三民區,寶泰里,Baotai Vil.,E,64000,E05,64000050,,4377
4230,64000050019,高雄市,三民區,寶興里,Baoxing Vil.,E,64000,E05,64000050,,4378
4231,64000050020,高雄市,三民區,寶中里,Baozhong Vil.,E,64000,E05,64000050,,4379
4232,64000050021,高雄市,三民區,寶華里,Baohua Vil.,E,64000,E05,64000050,,4380
4233,64000050022,高雄市,三民區,寶國里,Baoguo Vil.,E,64000,E05,64000050,,4381
4234,64000050023,高雄市,三民區,寶民里,Baomin Vil.,E,64000,E05,64000050,,4382
4235,64000050024,高雄市,三民區,寶慶里,Baoqing Vil.,E,64000,E05,64000050,,4383
4236,64000050025,高雄市,三民區,寶業里,Baoye Vil.,E,64000,E05,64000050,,4384
4237,64000050026,高雄市,三民區,寶盛里,Baocheng Vil.,E,64000,E05,64000050,,4385
4238,64000050027,高雄市,三民區,寶安里,Bao'an Vil.,E,64000,E05,64000050,,4386
4239,64000050028,高雄市,三民區,寶龍里,Baolong Vil.,E,64000,E05,64000050,,4387
4240,64000050029,高雄市,三民區,寶珠里,Baozhu Vil.,E,64000,E05,64000050,,4388
4241,64000050030,高雄市,三民區,寶玉里,Baoyu Vil.,E,64000,E05,64000050,,4389
4242,64000050031,高雄市,三民區,灣子里,Wanzi Vil.,E,64000,E05,64000050,,4390
4243,64000050032,高雄市,三民區,灣愛里,Wan'ai Vil.,E,64000,E05,64000050,,4391
4244,64000050033,高雄市,三民區,灣中里,Wanzhong Vil.,E,64000,E05,64000050,,4392
4245,64000050034,高雄市,三民區,灣華里,Wanhua Vil.,E,64000,E05,64000050,,4393
4246,64000050035,高雄市,三民區,灣勝里,Wansheng Vil.,E,64000,E05,64000050,,4394
4247,64000050036,高雄市,三民區,灣利里,Wanli Vil.,E,64000,E05,64000050,,4395
4248,64000050037,高雄市,三民區,灣復里,Wanfu Vil.,E,64000,E05,64000050,,4396
4249,64000050038,高雄市,三民區,正興里,Zhengxing Vil.,E,64000,E05,64000050,,4397
4250,64000050039,高雄市,三民區,正順里,Zhengshun Vil.,E,64000,E05,64000050,,4398
4251,64000050040,高雄市,三民區,灣興里,Wanxing Vil.,E,64000,E05,64000050,,4399
4252,64000050041,高雄市,三民區,灣成里,Wancheng Vil.,E,64000,E05,64000050,,4400
4253,64000050042,高雄市,三民區,安康里,Ankang Vil.,E,64000,E05,64000050,,4401
4254,64000050043,高雄市,三民區,安寧里,Anning Vil.,E,64000,E05,64000050,,4402
4255,64000050044,高雄市,三民區,安吉里,Anji Vil.,E,64000,E05,64000050,,4403
4256,64000050045,高雄市,三民區,安發里,Anfa Vil.,E,64000,E05,64000050,,4404
4257,64000050046,高雄市,三民區,安東里,Andong Vil.,E,64000,E05,64000050,,4405
4258,64000050047,高雄市,三民區,安和里,Anhe Vil.,E,64000,E05,64000050,,4406
4259,64000050048,高雄市,三民區,達德里,Dade Vil.,E,64000,E05,64000050,,4407
4260,64000050049,高雄市,三民區,達明里,Daming Vil.,E,64000,E05,64000050,,4408
4261,64000050050,高雄市,三民區,達仁里,Daren Vil.,E,64000,E05,64000050,,4409
4262,64000050051,高雄市,三民區,達勇里,Dayong Vil.,E,64000,E05,64000050,,4410
4263,64000050052,高雄市,三民區,同德里,Tongde Vil.,E,64000,E05,64000050,,4411
4264,64000050053,高雄市,三民區,德智里,Dezhi Vil.,E,64000,E05,64000050,,4412
4265,64000050054,高雄市,三民區,德仁里,Deren Vil.,E,64000,E05,64000050,,4413
4266,64000050055,高雄市,三民區,安生里,Ansheng Vil.,E,64000,E05,64000050,,4414
4267,64000050056,高雄市,三民區,德東里,Dedong Vil.,E,64000,E05,64000050,,4415
4268,64000050057,高雄市,三民區,德行里,Dexing Vil.,E,64000,E05,64000050,,4416
4269,64000050058,高雄市,三民區,精華里,Jinghua Vil.,E,64000,E05,64000050,,4417
4270,64000050059,高雄市,三民區,民享里,Minxiang Vil.,E,64000,E05,64000050,,4418
4271,64000050060,高雄市,三民區,安宜里,Anyi Vil.,E,64000,E05,64000050,,4419
4272,64000050061,高雄市,三民區,安泰里,Antai Vil.,E,64000,E05,64000050,,4420
4273,64000050062,高雄市,三民區,安邦里,Anbang Vil.,E,64000,E05,64000050,,4421
4274,64000050063,高雄市,三民區,十全里,Shiquan Vil.,E,64000,E05,64000050,,4422
4275,64000050064,高雄市,三民區,十美里,Shimei Vil.,E,64000,E05,64000050,,4423
4276,64000050065,高雄市,三民區,德北里,Debei Vil.,E,64000,E05,64000050,,4424
4277,64000050066,高雄市,三民區,立誠里,Licheng Vil.,E,64000,E05,64000050,,4425
4278,64000050067,高雄市,三民區,立業里,Liye Vil.,E,64000,E05,64000050,,4426
4279,64000050068,高雄市,三民區,港東里,Gangdong Vil.,E,64000,E05,64000050,,4427
4280,64000050069,高雄市,三民區,港新里,Gangxin Vil.,E,64000,E05,64000050,,4428
4281,64000050070,高雄市,三民區,港西里,Gangxi Vil.,E,64000,E05,64000050,,4429
4282,64000050072,高雄市,三民區,博愛里,Bo'ai Vil.,E,64000,E05,64000050,,4430
4283,64000050073,高雄市,三民區,博惠里,Bohui Vil.,E,64000,E05,64000050,,4431
4284,64000050074,高雄市,三民區,長明里,Changming Vil.,E,64000,E05,64000050,,4432
4285,64000050075,高雄市,三民區,建東里,Jiandong Vil.,E,64000,E05,64000050,,4433
4286,64000050076,高雄市,三民區,興德里,Xingde Vil.,E,64000,E05,64000050,,4434
4287,64000050077,高雄市,三民區,鳳南里,Fengnan Vil.,E,64000,E05,64000050,,4435
4288,64000050078,高雄市,三民區,鳳北里,Fengbei Vil.,E,64000,E05,64000050,,4436
4289,64000050079,高雄市,三民區,德西里,Dexi Vil.,E,64000,E05,64000050,,4437
4290,64000050081,高雄市,三民區,豐裕里,Fengyu Vil.,E,64000,E05,64000050,,4438
4291,64000050082,高雄市,三民區,川東里,Chuandong Vil.,E,64000,E05,64000050,,4439
4292,64000050083,高雄市,三民區,裕民里,Yumin Vil.,E,64000,E05,64000050,,4440
4293,64000050084,高雄市,三民區,力行里,Lixing Vil.,E,64000,E05,64000050,,4441
4294,64000050085,高雄市,三民區,千歲里,Qiansui Vil.,E,64000,E05,64000050,,4442
4295,64000050086,高雄市,三民區,立德里,Lide Vil.,E,64000,E05,64000050,,4443
4296,64000050087,高雄市,三民區,千北里,Qianbei Vil.,E,64000,E05,64000050,,4444
4297,64000050088,高雄市,三民區,千秋里,Qianqiu Vil.,E,64000,E05,64000050,,4445
4298,64000060001,高雄市,新興區,浩然里,Haoran Vil.,E,64000,E06,64000060,,4446
4299,64000060002,高雄市,新興區,振成里,Zhencheng Vil.,E,64000,E06,64000060,,4447
4300,64000060003,高雄市,新興區,德生里,Desheng Vil.,E,64000,E06,64000060,,4448
4301,64000060004,高雄市,新興區,振華里,Zhenhua Vil.,E,64000,E06,64000060,,4449
4302,64000060005,高雄市,新興區,正氣里,Zhengqi Vil.,E,64000,E06,64000060,,4450
4303,64000060006,高雄市,新興區,德政里,Dezheng Vil.,E,64000,E06,64000060,,4451
4304,64000060007,高雄市,新興區,仁聲里,Rensheng Vil.,E,64000,E06,64000060,,4452
4305,64000060008,高雄市,新興區,德望里,Dewang Vil.,E,64000,E06,64000060,,4453
4306,64000060009,高雄市,新興區,華聲里,Huasheng Vil.,E,64000,E06,64000060,,4454
4307,64000060010,高雄市,新興區,蕉園里,Jiaoyuan Vil.,E,64000,E06,64000060,,4455
4308,64000060011,高雄市,新興區,永寧里,Yongning Vil.,E,64000,E06,64000060,,4456
4309,64000060012,高雄市,新興區,玉衡里,Yuheng Vil.,E,64000,E06,64000060,,4457
4310,64000060013,高雄市,新興區,順昌里,Shunchang Vil.,E,64000,E06,64000060,,4458
4311,64000060014,高雄市,新興區,文昌里,Wenchang Vil.,E,64000,E06,64000060,,4459
4312,64000060015,高雄市,新興區,光耀里,Guangyao Vil.,E,64000,E06,64000060,,4460
4313,64000060016,高雄市,新興區,興昌里,Xingchang Vil.,E,64000,E06,64000060,,4461
4314,64000060017,高雄市,新興區,開平里,Kaiping Vil.,E,64000,E06,64000060,,4462
4315,64000060018,高雄市,新興區,成功里,Chenggong Vil.,E,64000,E06,64000060,,4463
4316,64000060019,高雄市,新興區,新江里,Xinjiang Vil.,E,64000,E06,64000060,,4464
4317,64000060020,高雄市,新興區,黎明里,Liming Vil.,E,64000,E06,64000060,,4465
4318,64000060021,高雄市,新興區,愛平里,Aiping Vil.,E,64000,E06,64000060,,4466
4319,64000060022,高雄市,新興區,南港里,Nangang Vil.,E,64000,E06,64000060,,4467
4320,64000060023,高雄市,新興區,中東里,Zhongdong Vil.,E,64000,E06,64000060,,4468
4321,64000060024,高雄市,新興區,明莊里,Mingzhuang Vil.,E,64000,E06,64000060,,4469
4322,64000060025,高雄市,新興區,大明里,Daming Vil.,E,64000,E06,64000060,,4470
4323,64000060026,高雄市,新興區,秋山里,Qiushan Vil.,E,64000,E06,64000060,,4471
4324,64000060027,高雄市,新興區,長驛里,Changyi Vil.,E,64000,E06,64000060,,4472
4325,64000060028,高雄市,新興區,建興里,Jianxing Vil.,E,64000,E06,64000060,,4473
4326,64000060029,高雄市,新興區,建華里,Jianhua Vil.,E,64000,E06,64000060,,4474
4327,64000060030,高雄市,新興區,漢民里,Hanmin Vil.,E,64000,E06,64000060,,4475
4328,64000060031,高雄市,新興區,榮治里,Rongzhi Vil.,E,64000,E06,64000060,,4476
4329,64000060032,高雄市,新興區,東坡里,Dongpo Vil.,E,64000,E06,64000060,,4477
4330,64000070001,高雄市,前金區,三川里,Sanchuan Vil.,E,64000,E07,64000070,,4478
4331,64000070002,高雄市,前金區,草江里,Caojiang Vil.,E,64000,E07,64000070,,4479
4332,64000070003,高雄市,前金區,長城里,Changcheng Vil.,E,64000,E07,64000070,,4480
4333,64000070004,高雄市,前金區,北金里,Beijin Vil.,E,64000,E07,64000070,,4481
4334,64000070005,高雄市,前金區,東金里,Dongjin Vil.,E,64000,E07,64000070,,4482
4335,64000070006,高雄市,前金區,新生里,Xinsheng Vil.,E,64000,E07,64000070,,4483
4336,64000070007,高雄市,前金區,後金里,Houjin Vil.,E,64000,E07,64000070,,4484
4337,64000070008,高雄市,前金區,長興里,Changxing Vil.,E,64000,E07,64000070,,4485
4338,64000070009,高雄市,前金區,青山里,Qingshan Vil.,E,64000,E07,64000070,,4486
4339,64000070010,高雄市,前金區,民生里,Minsheng Vil.,E,64000,E07,64000070,,4487
4340,64000070011,高雄市,前金區,復元里,Fuyuan Vil.,E,64000,E07,64000070,,4488
4341,64000070012,高雄市,前金區,林投里,Lintou Vil.,E,64000,E07,64000070,,4489
4342,64000070013,高雄市,前金區,國民里,Guomin Vil.,E,64000,E07,64000070,,4490
4343,64000070014,高雄市,前金區,社東里,Shedong Vil.,E,64000,E07,64000070,,4491
4344,64000070015,高雄市,前金區,社西里,Shexi Vil.,E,64000,E07,64000070,,4492
4345,64000070016,高雄市,前金區,博孝里,Boxiao Vil.,E,64000,E07,64000070,,4493
4346,64000070017,高雄市,前金區,長生里,Changsheng Vil.,E,64000,E07,64000070,,4494
4347,64000070018,高雄市,前金區,榮復里,Rongfu Vil.,E,64000,E07,64000070,,4495
4348,64000070019,高雄市,前金區,文西里,Wenxi Vil.,E,64000,E07,64000070,,4496
4349,64000070020,高雄市,前金區,文東里,Wendong Vil.,E,64000,E07,64000070,,4497
4350,64000080001,高雄市,苓雅區,博仁里,Boren Vil.,E,64000,E08,64000080,,4498
4351,64000080002,高雄市,苓雅區,苓洲里,Lingzhou Vil.,E,64000,E08,64000080,,4499
4352,64000080003,高雄市,苓雅區,苓昇里,Lingsheng Vil.,E,64000,E08,64000080,,4500
4353,64000080004,高雄市,苓雅區,苓中里,Lingzhong Vil.,E,64000,E08,64000080,,4501
4354,64000080005,高雄市,苓雅區,苓雅里,Lingya Vil.,E,64000,E08,64000080,,4502
4355,64000080006,高雄市,苓雅區,苓東里,Lingdong Vil.,E,64000,E08,64000080,,4503
4356,64000080007,高雄市,苓雅區,城北里,Chengbei Vil.,E,64000,E08,64000080,,4504
4357,64000080008,高雄市,苓雅區,城西里,Chengxi Vil.,E,64000,E08,64000080,,4505
4358,64000080009,高雄市,苓雅區,城東里,Chengdong Vil.,E,64000,E08,64000080,,4506
4359,64000080010,高雄市,苓雅區,意誠里,Yicheng Vil.,E,64000,E08,64000080,,4507
4360,64000080011,高雄市,苓雅區,鼓中里,Guzhong Vil.,E,64000,E08,64000080,,4508
4361,64000080012,高雄市,苓雅區,田西里,Tianxi Vil.,E,64000,E08,64000080,,4509
4362,64000080013,高雄市,苓雅區,人和里,Renhe Vil.,E,64000,E08,64000080,,4510
4363,64000080014,高雄市,苓雅區,仁政里,Renzheng Vil.,E,64000,E08,64000080,,4511
4364,64000080015,高雄市,苓雅區,廣澤里,Guangze Vil.,E,64000,E08,64000080,,4512
4365,64000080016,高雄市,苓雅區,美田里,Meitian Vil.,E,64000,E08,64000080,,4513
4366,64000080017,高雄市,苓雅區,華堂里,Huatang Vil.,E,64000,E08,64000080,,4514
4367,64000080018,高雄市,苓雅區,日中里,Rizhong Vil.,E,64000,E08,64000080,,4515
4368,64000080019,高雄市,苓雅區,普照里,Puzhao Vil.,E,64000,E08,64000080,,4516
4369,64000080020,高雄市,苓雅區,和煦里,Hexu Vil.,E,64000,E08,64000080,,4517
4370,64000080021,高雄市,苓雅區,晴朗里,Qinglang Vil.,E,64000,E08,64000080,,4518
4371,64000080022,高雄市,苓雅區,普天里,Putian Vil.,E,64000,E08,64000080,,4519
4372,64000080023,高雄市,苓雅區,林富里,Linfu Vil.,E,64000,E08,64000080,,4520
4373,64000080024,高雄市,苓雅區,林圍里,Linwei Vil.,E,64000,E08,64000080,,4521
4374,64000080025,高雄市,苓雅區,林安里,Lin'an Vil.,E,64000,E08,64000080,,4522
4375,64000080026,高雄市,苓雅區,光華里,Guanghua Vil.,E,64000,E08,64000080,,4523
4376,64000080027,高雄市,苓雅區,林興里,Linxing Vil.,E,64000,E08,64000080,,4524
4377,64000080028,高雄市,苓雅區,林華里,Linhua Vil.,E,64000,E08,64000080,,4525
4378,64000080029,高雄市,苓雅區,林西里,Linxi Vil.,E,64000,E08,64000080,,4526
4379,64000080030,高雄市,苓雅區,林中里,Linzhong Vil.,E,64000,E08,64000080,,4527
4380,64000080031,高雄市,苓雅區,林泉里,Linquan Vil.,E,64000,E08,64000080,,4528
4381,64000080032,高雄市,苓雅區,林南里,Linnan Vil.,E,64000,E08,64000080,,4529
4382,64000080033,高雄市,苓雅區,中正里,Zhongzheng Vil.,E,64000,E08,64000080,,4530
4383,64000080034,高雄市,苓雅區,尚義里,Shangyi Vil.,E,64000,E08,64000080,,4531
4384,64000080035,高雄市,苓雅區,同慶里,Tongqing Vil.,E,64000,E08,64000080,,4532
4385,64000080036,高雄市,苓雅區,凱旋里,Kaixuan Vil.,E,64000,E08,64000080,,4533
4386,64000080037,高雄市,苓雅區,安祥里,Anxiang Vil.,E,64000,E08,64000080,,4534
4387,64000080038,高雄市,苓雅區,奏捷里,Zoujie Vil.,E,64000,E08,64000080,,4535
4388,64000080039,高雄市,苓雅區,福壽里,Fushou Vil.,E,64000,E08,64000080,,4536
4389,64000080040,高雄市,苓雅區,福南里,Funan Vil.,E,64000,E08,64000080,,4537
4390,64000080041,高雄市,苓雅區,五權里,Wuquan Vil.,E,64000,E08,64000080,,4538
4391,64000080042,高雄市,苓雅區,民主里,Minzhu Vil.,E,64000,E08,64000080,,4539
4392,64000080043,高雄市,苓雅區,林德里,Linde Vil.,E,64000,E08,64000080,,4540
4393,64000080044,高雄市,苓雅區,林貴里,Lingui Vil.,E,64000,E08,64000080,,4541
4394,64000080045,高雄市,苓雅區,林榮里,Linrong Vil.,E,64000,E08,64000080,,4542
4395,64000080046,高雄市,苓雅區,英明里,Yingming Vil.,E,64000,E08,64000080,,4543
4396,64000080047,高雄市,苓雅區,林靖里,Linjing Vil.,E,64000,E08,64000080,,4544
4397,64000080048,高雄市,苓雅區,朝陽里,Zhaoyang Vil.,E,64000,E08,64000080,,4545
4398,64000080049,高雄市,苓雅區,福隆里,Fulong Vil.,E,64000,E08,64000080,,4546
4399,64000080050,高雄市,苓雅區,福祥里,Fuxiang Vil.,E,64000,E08,64000080,,4547
4400,64000080051,高雄市,苓雅區,福海里,Fuhai Vil.,E,64000,E08,64000080,,4548
4401,64000080052,高雄市,苓雅區,福康里,Fukang Vil.,E,64000,E08,64000080,,4549
4402,64000080053,高雄市,苓雅區,福人里,Furen Vil.,E,64000,E08,64000080,,4550
4403,64000080054,高雄市,苓雅區,福地里,Fudi Vil.,E,64000,E08,64000080,,4551
4404,64000080055,高雄市,苓雅區,福居里,Fuju Vil.,E,64000,E08,64000080,,4552
4405,64000080056,高雄市,苓雅區,福東里,Fudong Vil.,E,64000,E08,64000080,,4553
4406,64000080057,高雄市,苓雅區,福西里,Fuxi Vil.,E,64000,E08,64000080,,4554
4407,64000080058,高雄市,苓雅區,永康里,Yongkang Vil.,E,64000,E08,64000080,,4555
4408,64000080059,高雄市,苓雅區,正文里,Zhengwen Vil.,E,64000,E08,64000080,,4556
4409,64000080060,高雄市,苓雅區,正言里,Zhengyan Vil.,E,64000,E08,64000080,,4557
4410,64000080061,高雄市,苓雅區,正大里,Zhengda Vil.,E,64000,E08,64000080,,4558
4411,64000080062,高雄市,苓雅區,五福里,Wufu Vil.,E,64000,E08,64000080,,4559
4412,64000080063,高雄市,苓雅區,正心里,Zhengxin Vil.,E,64000,E08,64000080,,4560
4413,64000080064,高雄市,苓雅區,正道里,Zhengdao Vil.,E,64000,E08,64000080,,4561
4414,64000080065,高雄市,苓雅區,正義里,Zhengyi Vil.,E,64000,E08,64000080,,4562
4415,64000080066,高雄市,苓雅區,正仁里,Zhengren Vil.,E,64000,E08,64000080,,4563
4416,64000080067,高雄市,苓雅區,文昌里,Wenchang Vil.,E,64000,E08,64000080,,4564
4417,64000080068,高雄市,苓雅區,建軍里,Jianjun Vil.,E,64000,E08,64000080,,4565
4418,64000080069,高雄市,苓雅區,衛武里,Weiwu Vil.,E,64000,E08,64000080,,4566
4419,64000080S01,高雄市,苓雅區,,,E,64000,E08,64000080,未編定村里,4567
4420,64000090001,高雄市,前鎮區,草衙里,Caoya Vil.,E,64000,E09,64000090,,4568
4421,64000090002,高雄市,前鎮區,明孝里,Mingxiao Vil.,E,64000,E09,64000090,,4569
4422,64000090003,高雄市,前鎮區,明正里,Mingzheng Vil.,E,64000,E09,64000090,,4570
4423,64000090004,高雄市,前鎮區,明義里,Mingyi Vil.,E,64000,E09,64000090,,4571
4424,64000090005,高雄市,前鎮區,仁愛里,Ren'ai Vil.,E,64000,E09,64000090,,4572
4425,64000090006,高雄市,前鎮區,德昌里,Dechang Vil.,E,64000,E09,64000090,,4573
4426,64000090007,高雄市,前鎮區,平等里,Pingdeng Vil.,E,64000,E09,64000090,,4574
4427,64000090008,高雄市,前鎮區,平昌里,Pingchang Vil.,E,64000,E09,64000090,,4575
4428,64000090009,高雄市,前鎮區,明禮里,Mingli Vil.,E,64000,E09,64000090,,4576
4429,64000090010,高雄市,前鎮區,信義里,Xinyi Vil.,E,64000,E09,64000090,,4577
4430,64000090011,高雄市,前鎮區,信德里,Xinde Vil.,E,64000,E09,64000090,,4578
4431,64000090012,高雄市,前鎮區,明道里,Mingdao Vil.,E,64000,E09,64000090,,4579
4432,64000090013,高雄市,前鎮區,興化里,Xinghua Vil.,E,64000,E09,64000090,,4580
4433,64000090014,高雄市,前鎮區,興仁里,Xingren Vil.,E,64000,E09,64000090,,4581
4434,64000090015,高雄市,前鎮區,前鎮里,Qianzhen Vil.,E,64000,E09,64000090,,4582
4435,64000090016,高雄市,前鎮區,鎮東里,Zhendong Vil.,E,64000,E09,64000090,,4583
4436,64000090017,高雄市,前鎮區,鎮榮里,Zhenrong Vil.,E,64000,E09,64000090,,4584
4437,64000090018,高雄市,前鎮區,鎮昌里,Zhenchang Vil.,E,64000,E09,64000090,,4585
4438,64000090019,高雄市,前鎮區,鎮海里,Zhenhai Vil.,E,64000,E09,64000090,,4586
4439,64000090020,高雄市,前鎮區,鎮陽里,Zhenyang Vil.,E,64000,E09,64000090,,4587
4440,64000090021,高雄市,前鎮區,興邦里,Xingbang Vil.,E,64000,E09,64000090,,4588
4441,64000090022,高雄市,前鎮區,鎮中里,Zhenzhong Vil.,E,64000,E09,64000090,,4589
4442,64000090023,高雄市,前鎮區,鎮北里,Zhenbei Vil.,E,64000,E09,64000090,,4590
4443,64000090024,高雄市,前鎮區,忠純里,Zhongchun Vil.,E,64000,E09,64000090,,4591
4444,64000090025,高雄市,前鎮區,忠誠里,Zhongcheng Vil.,E,64000,E09,64000090,,4592
4445,64000090028,高雄市,前鎮區,西山里,Xishan Vil.,E,64000,E09,64000090,,4593
4446,64000090029,高雄市,前鎮區,民權里,Minquan Vil.,E,64000,E09,64000090,,4594
4447,64000090030,高雄市,前鎮區,建隆里,Jianlong Vil.,E,64000,E09,64000090,,4595
4448,64000090031,高雄市,前鎮區,振興里,Zhenxing Vil.,E,64000,E09,64000090,,4596
4449,64000090032,高雄市,前鎮區,良和里,Lianghe Vil.,E,64000,E09,64000090,,4597
4450,64000090033,高雄市,前鎮區,西甲里,Xijia Vil.,E,64000,E09,64000090,,4598
4451,64000090034,高雄市,前鎮區,盛興里,Chengxing Vil.,E,64000,E09,64000090,,4599
4452,64000090035,高雄市,前鎮區,盛豐里,Chengfeng Vil.,E,64000,E09,64000090,,4600
4453,64000090036,高雄市,前鎮區,興中里,Xingzhong Vil.,E,64000,E09,64000090,,4601
4454,64000090037,高雄市,前鎮區,興東里,Xingdong Vil.,E,64000,E09,64000090,,4602
4455,64000090038,高雄市,前鎮區,忠孝里,Zhongxiao Vil.,E,64000,E09,64000090,,4603
4456,64000090039,高雄市,前鎮區,復國里,Fuguo Vil.,E,64000,E09,64000090,,4604
4457,64000090040,高雄市,前鎮區,竹內里,Zhunei Vil.,E,64000,E09,64000090,,4605
4458,64000090041,高雄市,前鎮區,竹東里,Zhudong Vil.,E,64000,E09,64000090,,4606
4459,64000090042,高雄市,前鎮區,竹南里,Zhunan Vil.,E,64000,E09,64000090,,4607
4460,64000090043,高雄市,前鎮區,竹北里,Zhubei Vil.,E,64000,E09,64000090,,4608
4461,64000090044,高雄市,前鎮區,竹西里,Zhuxi Vil.,E,64000,E09,64000090,,4609
4462,64000090045,高雄市,前鎮區,竹中里,Zhuzhong Vil.,E,64000,E09,64000090,,4610
4463,64000090046,高雄市,前鎮區,瑞竹里,Ruizhu Vil.,E,64000,E09,64000090,,4611
4464,64000090047,高雄市,前鎮區,瑞南里,Ruinan Vil.,E,64000,E09,64000090,,4612
4465,64000090048,高雄市,前鎮區,瑞豐里,Ruifeng Vil.,E,64000,E09,64000090,,4613
4466,64000090049,高雄市,前鎮區,瑞祥里,Ruixiang Vil.,E,64000,E09,64000090,,4614
4467,64000090050,高雄市,前鎮區,瑞東里,Ruidong Vil.,E,64000,E09,64000090,,4615
4468,64000090051,高雄市,前鎮區,瑞和里,Ruihe Vil.,E,64000,E09,64000090,,4616
4469,64000090052,高雄市,前鎮區,瑞平里,Ruiping Vil.,E,64000,E09,64000090,,4617
4470,64000090053,高雄市,前鎮區,瑞隆里,Ruilong Vil.,E,64000,E09,64000090,,4618
4471,64000090054,高雄市,前鎮區,瑞北里,Ruibei Vil.,E,64000,E09,64000090,,4619
4472,64000090055,高雄市,前鎮區,瑞西里,Ruixi Vil.,E,64000,E09,64000090,,4620
4473,64000090056,高雄市,前鎮區,瑞崗里,Ruigang Vil.,E,64000,E09,64000090,,4621
4474,64000090057,高雄市,前鎮區,瑞興里,Ruixing Vil.,E,64000,E09,64000090,,4622
4475,64000090058,高雄市,前鎮區,瑞誠里,Ruicheng Vil.,E,64000,E09,64000090,,4623
4476,64000090059,高雄市,前鎮區,瑞文里,Ruiwen Vil.,E,64000,E09,64000090,,4624
4477,64000090060,高雄市,前鎮區,瑞華里,Ruihua Vil.,E,64000,E09,64000090,,4625
4478,64000090061,高雄市,前鎮區,瑞昌里,Ruichang Vil.,E,64000,E09,64000090,,4626
4479,64000090S01,高雄市,前鎮區,,,E,64000,E09,64000090,未編定村里,4627
4480,64000100001,高雄市,旗津區,旗下里,Qixia Vil.,E,64000,E10,64000100,,4628
4481,64000100002,高雄市,旗津區,永安里,Yong'an Vil.,E,64000,E10,64000100,,4629
4482,64000100003,高雄市,旗津區,振興里,Zhenxing Vil.,E,64000,E10,64000100,,4630
4483,64000100004,高雄市,旗津區,慈愛里,Ci'ai Vil.,E,64000,E10,64000100,,4631
4484,64000100005,高雄市,旗津區,復興里,Fuxing Vil.,E,64000,E10,64000100,,4632
4485,64000100006,高雄市,旗津區,中華里,Zhonghua Vil.,E,64000,E10,64000100,,4633
4486,64000100007,高雄市,旗津區,實踐里,Shijian Vil.,E,64000,E10,64000100,,4634
4487,64000100008,高雄市,旗津區,北汕里,Beishan Vil.,E,64000,E10,64000100,,4635
4488,64000100009,高雄市,旗津區,南汕里,Nanshan Vil.,E,64000,E10,64000100,,4636
4489,64000100010,高雄市,旗津區,上竹里,Shangzhu Vil.,E,64000,E10,64000100,,4637
4490,64000100011,高雄市,旗津區,中洲里,Zhongzhou Vil.,E,64000,E10,64000100,,4638
4491,64000100012,高雄市,旗津區,安順里,Anshun Vil.,E,64000,E10,64000100,,4639
4492,64000100013,高雄市,旗津區,中興里,Zhongxing Vil.,E,64000,E10,64000100,,4640
4493,64000100I01,高雄市,旗津區,,,E,64000,E10,64000100,未編定村里,4641
4493,64000100I02,高雄市,旗津區,,,E,64000,E10,64000100,未編定村里,4642
4493,64000100S01,高雄市,旗津區,,,E,64000,E10,64000100,未編定村里,4643
4494,64000110001,高雄市,小港區,小港里,Xiaogang Vil.,E,64000,E11,64000110,,4644
4495,64000110002,高雄市,小港區,港口里,Gangkou Vil.,E,64000,E11,64000110,,4645
4496,64000110003,高雄市,小港區,港正里,Gangzheng Vil.,E,64000,E11,64000110,,4646
4497,64000110004,高雄市,小港區,港墘里,Gangqian Vil.,E,64000,E11,64000110,,4647
4498,64000110005,高雄市,小港區,港明里,Gangming Vil.,E,64000,E11,64000110,,4648
4499,64000110006,高雄市,小港區,港后里,Ganghou Vil.,E,64000,E11,64000110,,4649
4500,64000110007,高雄市,小港區,港南里,Gangnan Vil.,E,64000,E11,64000110,,4650
4501,64000110008,高雄市,小港區,港興里,Gangxing Vil.,E,64000,E11,64000110,,4651
4502,64000110009,高雄市,小港區,鳳宮里,Fenggong Vil.,E,64000,E11,64000110,,4652
4503,64000110010,高雄市,小港區,店鎮里,Dianzhen Vil.,E,64000,E11,64000110,,4653
4504,64000110011,高雄市,小港區,大苓里,Daling Vil.,E,64000,E11,64000110,,4654
4505,64000110012,高雄市,小港區,二苓里,Erling Vil.,E,64000,E11,64000110,,4655
4506,64000110013,高雄市,小港區,三苓里,Sanling Vil.,E,64000,E11,64000110,,4656
4507,64000110014,高雄市,小港區,正苓里,Zhengling Vil.,E,64000,E11,64000110,,4657
4508,64000110015,高雄市,小港區,順苓里,Shunling Vil.,E,64000,E11,64000110,,4658
4509,64000110016,高雄市,小港區,六苓里,Liuling Vil.,E,64000,E11,64000110,,4659
4510,64000110017,高雄市,小港區,宏亮里,Hongliang Vil.,E,64000,E11,64000110,,4660
4511,64000110018,高雄市,小港區,山東里,Shandong Vil.,E,64000,E11,64000110,,4661
4512,64000110019,高雄市,小港區,青島里,Qingdao Vil.,E,64000,E11,64000110,,4662
4513,64000110020,高雄市,小港區,濟南里,Jinan Vil.,E,64000,E11,64000110,,4663
4514,64000110021,高雄市,小港區,泰山里,Taishan Vil.,E,64000,E11,64000110,,4664
4515,64000110022,高雄市,小港區,山明里,Shanming Vil.,E,64000,E11,64000110,,4665
4516,64000110023,高雄市,小港區,高松里,Gaosong Vil.,E,64000,E11,64000110,,4666
4517,64000110024,高雄市,小港區,松金里,Songjin Vil.,E,64000,E11,64000110,,4667
4518,64000110025,高雄市,小港區,松山里,Songshan Vil.,E,64000,E11,64000110,,4668
4519,64000110026,高雄市,小港區,大坪里,Daping Vil.,E,64000,E11,64000110,,4669
4520,64000110027,高雄市,小港區,坪頂里,Pingding Vil.,E,64000,E11,64000110,,4670
4521,64000110028,高雄市,小港區,孔宅里,Kongzhai Vil.,E,64000,E11,64000110,,4671
4522,64000110029,高雄市,小港區,廈莊里,Xiazhuang Vil.,E,64000,E11,64000110,,4672
4523,64000110030,高雄市,小港區,合作里,Hezuo Vil.,E,64000,E11,64000110,,4673
4524,64000110031,高雄市,小港區,桂林里,Guilin Vil.,E,64000,E11,64000110,,4674
4525,64000110032,高雄市,小港區,中厝里,Zhongcuo Vil.,E,64000,E11,64000110,,4675
4526,64000110033,高雄市,小港區,鳳鳴里,Fengming Vil.,E,64000,E11,64000110,,4676
4527,64000110034,高雄市,小港區,龍鳳里,Longfeng Vil.,E,64000,E11,64000110,,4677
4528,64000110035,高雄市,小港區,鳳森里,Fengsen Vil.,E,64000,E11,64000110,,4678
4529,64000110036,高雄市,小港區,鳳林里,Fenglin Vil.,E,64000,E11,64000110,,4679
4530,64000110037,高雄市,小港區,鳳興里,Fengxing Vil.,E,64000,E11,64000110,,4680
4531,64000110038,高雄市,小港區,鳳源里,Fengyuan Vil.,E,64000,E11,64000110,,4681
4532,64000110S01,高雄市,小港區,,,E,64000,E11,64000110,未編定村里,4682
4533,64000120002,高雄市,鳳山區,成功里,Chenggong Vil.,E,64000,E12,64000120,,4683
4534,64000120003,高雄市,鳳山區,光明里,Guangming Vil.,E,64000,E12,64000120,,4684
4535,64000120004,高雄市,鳳山區,興中里,Xingzhong Vil.,E,64000,E12,64000120,,4685
4536,64000120005,高雄市,鳳山區,南興里,Nanxing Vil.,E,64000,E12,64000120,,4686
4537,64000120006,高雄市,鳳山區,和德里,Hede Vil.,E,64000,E12,64000120,,4687
4538,64000120007,高雄市,鳳山區,鳳崗里,Fenggang Vil.,E,64000,E12,64000120,,4688
4539,64000120008,高雄市,鳳山區,中和里,Zhonghe Vil.,E,64000,E12,64000120,,4689
4540,64000120009,高雄市,鳳山區,鎮北里,Zhenbei Vil.,E,64000,E12,64000120,,4690
4541,64000120010,高雄市,鳳山區,縣衙里,Xianya Vil.,E,64000,E12,64000120,,4691
4542,64000120011,高雄市,鳳山區,文英里,Wenying Vil.,E,64000,E12,64000120,,4692
4543,64000120012,高雄市,鳳山區,鎮西里,Zhenxi Vil.,E,64000,E12,64000120,,4693
4544,64000120013,高雄市,鳳山區,鎮東里,Zhendong Vil.,E,64000,E12,64000120,,4694
4545,64000120014,高雄市,鳳山區,埤頂里,Piding Vil.,E,64000,E12,64000120,,4695
4546,64000120015,高雄市,鳳山區,中正里,Zhongzheng Vil.,E,64000,E12,64000120,,4696
4547,64000120016,高雄市,鳳山區,鎮南里,Zhennan Vil.,E,64000,E12,64000120,,4697
4548,64000120017,高雄市,鳳山區,老爺里,Laoye Vil.,E,64000,E12,64000120,,4698
4549,64000120018,高雄市,鳳山區,瑞竹里,Ruizhu Vil.,E,64000,E12,64000120,,4699
4550,64000120019,高雄市,鳳山區,忠義里,Zhongyi Vil.,E,64000,E12,64000120,,4700
4551,64000120020,高雄市,鳳山區,誠義里,Chengyi Vil.,E,64000,E12,64000120,,4701
4552,64000120021,高雄市,鳳山區,新興里,Xinxing Vil.,E,64000,E12,64000120,,4702
4553,64000120022,高雄市,鳳山區,海光里,Haiguang Vil.,E,64000,E12,64000120,,4703
4554,64000120024,高雄市,鳳山區,忠誠里,Zhongcheng Vil.,E,64000,E12,64000120,,4704
4555,64000120025,高雄市,鳳山區,新甲里,Xinjia Vil.,E,64000,E12,64000120,,4705
4556,64000120026,高雄市,鳳山區,武漢里,Wuhan Vil.,E,64000,E12,64000120,,4706
4557,64000120027,高雄市,鳳山區,正義里,Zhengyi Vil.,E,64000,E12,64000120,,4707
4558,64000120028,高雄市,鳳山區,一甲里,Yijia Vil.,E,64000,E12,64000120,,4708
4559,64000120029,高雄市,鳳山區,福興里,Fuxing Vil.,E,64000,E12,64000120,,4709
4560,64000120030,高雄市,鳳山區,東門里,Dongmen Vil.,E,64000,E12,64000120,,4710
4561,64000120031,高雄市,鳳山區,瑞興里,Ruixing Vil.,E,64000,E12,64000120,,4711
4562,64000120032,高雄市,鳳山區,天興里,Tianxing Vil.,E,64000,E12,64000120,,4712
4563,64000120033,高雄市,鳳山區,新強里,Xinqiang Vil.,E,64000,E12,64000120,,4713
4564,64000120034,高雄市,鳳山區,國泰里,Guotai Vil.,E,64000,E12,64000120,,4714
4565,64000120035,高雄市,鳳山區,鳳東里,Fengdong Vil.,E,64000,E12,64000120,,4715
4566,64000120036,高雄市,鳳山區,新富里,Xinfu Vil.,E,64000,E12,64000120,,4716
4567,64000120037,高雄市,鳳山區,國光里,Guoguang Vil.,E,64000,E12,64000120,,4717
4568,64000120038,高雄市,鳳山區,國隆里,Guolong Vil.,E,64000,E12,64000120,,4718
4569,64000120039,高雄市,鳳山區,文德里,Wende Vil.,E,64000,E12,64000120,,4719
4570,64000120040,高雄市,鳳山區,過埤里,Guopi Vil.,E,64000,E12,64000120,,4720
4571,64000120041,高雄市,鳳山區,曹公里,Caogong Vil.,E,64000,E12,64000120,,4721
4572,64000120042,高雄市,鳳山區,興仁里,Xingren Vil.,E,64000,E12,64000120,,4722
4573,64000120043,高雄市,鳳山區,五福里,Wufu Vil.,E,64000,E12,64000120,,4723
4574,64000120044,高雄市,鳳山區,忠孝里,Zhongxiao Vil.,E,64000,E12,64000120,,4724
4575,64000120045,高雄市,鳳山區,生明里,Shengming Vil.,E,64000,E12,64000120,,4725
4576,64000120046,高雄市,鳳山區,和興里,Hexing Vil.,E,64000,E12,64000120,,4726
4577,64000120047,高雄市,鳳山區,協和里,Xiehe Vil.,E,64000,E12,64000120,,4727
4578,64000120048,高雄市,鳳山區,文山里,Wenshan Vil.,E,64000,E12,64000120,,4728
4579,64000120049,高雄市,鳳山區,福誠里,Fucheng Vil.,E,64000,E12,64000120,,4729
4580,64000120050,高雄市,鳳山區,誠德里,Chengde Vil.,E,64000,E12,64000120,,4730
4581,64000120051,高雄市,鳳山區,三民里,Sanmin Vil.,E,64000,E12,64000120,,4731
4582,64000120053,高雄市,鳳山區,北門里,Beimen Vil.,E,64000,E12,64000120,,4732
4583,64000120054,高雄市,鳳山區,富甲里,Fujia Vil.,E,64000,E12,64000120,,4733
4584,64000120055,高雄市,鳳山區,南成里,Nancheng Vil.,E,64000,E12,64000120,,4734
4585,64000120056,高雄市,鳳山區,文華里,Wenhua Vil.,E,64000,E12,64000120,,4735
4586,64000120057,高雄市,鳳山區,大德里,Dade Vil.,E,64000,E12,64000120,,4736
4587,64000120058,高雄市,鳳山區,武松里,Wusong Vil.,E,64000,E12,64000120,,4737
4588,64000120059,高雄市,鳳山區,文衡里,Wenheng Vil.,E,64000,E12,64000120,,4738
4589,64000120060,高雄市,鳳山區,文福里,Wenfu Vil.,E,64000,E12,64000120,,4739
4590,64000120061,高雄市,鳳山區,誠信里,Chengxin Vil.,E,64000,E12,64000120,,4740
4591,64000120062,高雄市,鳳山區,誠智里,Chengzhi Vil.,E,64000,E12,64000120,,4741
4592,64000120063,高雄市,鳳山區,國富里,Guofu Vil.,E,64000,E12,64000120,,4742
4593,64000120064,高雄市,鳳山區,武慶里,Wuqing Vil.,E,64000,E12,64000120,,4743
4594,64000120065,高雄市,鳳山區,海洋里,Haiyang Vil.,E,64000,E12,64000120,,4744
4595,64000120066,高雄市,鳳山區,新武里,Xinwu Vil.,E,64000,E12,64000120,,4745
4596,64000120067,高雄市,鳳山區,新樂里,Xinle Vil.,E,64000,E12,64000120,,4746
4597,64000120068,高雄市,鳳山區,新泰里,Xintai Vil.,E,64000,E12,64000120,,4747
4598,64000120069,高雄市,鳳山區,中崙里,Zhonglun Vil.,E,64000,E12,64000120,,4748
4599,64000120070,高雄市,鳳山區,中榮里,Zhongrong Vil.,E,64000,E12,64000120,,4749
4600,64000120071,高雄市,鳳山區,中民里,Zhongmin Vil.,E,64000,E12,64000120,,4750
4601,64000120072,高雄市,鳳山區,二甲里,Erjia Vil.,E,64000,E12,64000120,,4751
4602,64000120073,高雄市,鳳山區,龍成里,Longcheng Vil.,E,64000,E12,64000120,,4752
4603,64000120074,高雄市,鳳山區,富榮里,Furong Vil.,E,64000,E12,64000120,,4753
4604,64000120075,高雄市,鳳山區,善美里,Shanmei Vil.,E,64000,E12,64000120,,4754
4605,64000120076,高雄市,鳳山區,南和里,Nanhe Vil.,E,64000,E12,64000120,,4755
4606,64000120077,高雄市,鳳山區,福祥里,Fuxiang Vil.,E,64000,E12,64000120,,4756
4607,64000120078,高雄市,鳳山區,保安里,Bao'an Vil.,E,64000,E12,64000120,,4757
4608,64000130001,高雄市,林園區,東林里,Donglin Vil.,E,64000,E13,64000130,,4758
4609,64000130002,高雄市,林園區,林園里,Linyuan Vil.,E,64000,E13,64000130,,4759
4610,64000130003,高雄市,林園區,溪州里,Xizhou Vil.,E,64000,E13,64000130,,4760
4611,64000130004,高雄市,林園區,潭頭里,Tantou Vil.,E,64000,E13,64000130,,4761
4612,64000130005,高雄市,林園區,中厝里,Zhongcuo Vil.,E,64000,E13,64000130,,4762
4613,64000130006,高雄市,林園區,中門里,Zhongmen Vil.,E,64000,E13,64000130,,4763
4614,64000130007,高雄市,林園區,頂厝里,Dingcuo Vil.,E,64000,E13,64000130,,4764
4615,64000130008,高雄市,林園區,港埔里,Gangpu Vil.,E,64000,E13,64000130,,4765
4616,64000130009,高雄市,林園區,西溪里,Xixi Vil.,E,64000,E13,64000130,,4766
4617,64000130010,高雄市,林園區,港嘴里,Gangzui Vil.,E,64000,E13,64000130,,4767
4618,64000130011,高雄市,林園區,北汕里,Beishan Vil.,E,64000,E13,64000130,,4768
4619,64000130012,高雄市,林園區,林內里,Linnei Vil.,E,64000,E13,64000130,,4769
4620,64000130013,高雄市,林園區,王公里,Wanggong Vil.,E,64000,E13,64000130,,4770
4621,64000130014,高雄市,林園區,林家里,Linjia Vil.,E,64000,E13,64000130,,4771
4622,64000130015,高雄市,林園區,龔厝里,Gongcuo Vil.,E,64000,E13,64000130,,4772
4623,64000130016,高雄市,林園區,鳳芸里,Fengyun Vil.,E,64000,E13,64000130,,4773
4624,64000130017,高雄市,林園區,中芸里,Zhongyun Vil.,E,64000,E13,64000130,,4774
4625,64000130018,高雄市,林園區,東汕里,Dongshan Vil.,E,64000,E13,64000130,,4775
4626,64000130019,高雄市,林園區,西汕里,Xishan Vil.,E,64000,E13,64000130,,4776
4627,64000130020,高雄市,林園區,仁愛里,Ren'ai Vil.,E,64000,E13,64000130,,4777
4628,64000130021,高雄市,林園區,文賢里,Wenxian Vil.,E,64000,E13,64000130,,4778
4629,64000130022,高雄市,林園區,廣應里,Guangying Vil.,E,64000,E13,64000130,,4779
4630,64000130023,高雄市,林園區,五福里,Wufu Vil.,E,64000,E13,64000130,,4780
4631,64000130024,高雄市,林園區,中汕里,Zhongshan Vil.,E,64000,E13,64000130,,4781
4632,64000140001,高雄市,大寮區,拷潭里,Kaotan Vil.,E,64000,E14,64000140,,4782
4633,64000140002,高雄市,大寮區,內坑里,Neikeng Vil.,E,64000,E14,64000140,,4783
4634,64000140003,高雄市,大寮區,大寮里,Daliao Vil.,E,64000,E14,64000140,,4784
4635,64000140004,高雄市,大寮區,上寮里,Shangliao Vil.,E,64000,E14,64000140,,4785
4636,64000140005,高雄市,大寮區,三隆里,Sanlong Vil.,E,64000,E14,64000140,,4786
4637,64000140006,高雄市,大寮區,琉球里,Liuqiu Vil.,E,64000,E14,64000140,,4787
4638,64000140007,高雄市,大寮區,翁園里,Wengyuan Vil.,E,64000,E14,64000140,,4788
4639,64000140008,高雄市,大寮區,前庄里,Qianzhuang Vil.,E,64000,E14,64000140,,4789
4640,64000140009,高雄市,大寮區,中庄里,Zhongzhuang Vil.,E,64000,E14,64000140,,4790
4641,64000140010,高雄市,大寮區,後庄里,Houzhuang Vil.,E,64000,E14,64000140,,4791
4642,64000140011,高雄市,大寮區,義仁里,Yiren Vil.,E,64000,E14,64000140,,4792
4643,64000140012,高雄市,大寮區,新厝里,Xincuo Vil.,E,64000,E14,64000140,,4793
4644,64000140013,高雄市,大寮區,過溪里,Guoxi Vil.,E,64000,E14,64000140,,4794
4645,64000140014,高雄市,大寮區,潮寮里,Chaoliao Vil.,E,64000,E14,64000140,,4795
4646,64000140015,高雄市,大寮區,會結里,Huijie Vil.,E,64000,E14,64000140,,4796
4647,64000140016,高雄市,大寮區,會社里,Huishe Vil.,E,64000,E14,64000140,,4797
4648,64000140017,高雄市,大寮區,山頂里,Shanding Vil.,E,64000,E14,64000140,,4798
4649,64000140018,高雄市,大寮區,忠義里,Zhongyi Vil.,E,64000,E14,64000140,,4799
4650,64000140019,高雄市,大寮區,永芳里,Yongfang Vil.,E,64000,E14,64000140,,4800
4651,64000140020,高雄市,大寮區,義和里,Yihe Vil.,E,64000,E14,64000140,,4801
4652,64000140021,高雄市,大寮區,溪寮里,Xiliao Vil.,E,64000,E14,64000140,,4802
4653,64000140022,高雄市,大寮區,江山里,Jiangshan Vil.,E,64000,E14,64000140,,4803
4654,64000140023,高雄市,大寮區,昭明里,Zhaoming Vil.,E,64000,E14,64000140,,4804
4655,64000140025,高雄市,大寮區,中興里,Zhongxing Vil.,E,64000,E14,64000140,,4805
4656,64000150001,高雄市,大樹區,竹寮里,Zhuliao Vil.,E,64000,E15,64000150,,4806
4657,64000150002,高雄市,大樹區,九曲里,Jiuqu Vil.,E,64000,E15,64000150,,4807
4658,64000150003,高雄市,大樹區,久堂里,Jiutang Vil.,E,64000,E15,64000150,,4808
4659,64000150004,高雄市,大樹區,水安里,Shui'an Vil.,E,64000,E15,64000150,,4809
4660,64000150005,高雄市,大樹區,水寮里,Shuiliao Vil.,E,64000,E15,64000150,,4810
4661,64000150006,高雄市,大樹區,檨腳里,Shejiao Vil.,E,64000,E15,64000150,,4811
4662,64000150007,高雄市,大樹區,興山里,Xingshan Vil.,E,64000,E15,64000150,,4812
4663,64000150008,高雄市,大樹區,和山里,Heshan Vil.,E,64000,E15,64000150,,4813
4664,64000150009,高雄市,大樹區,姑山里,Gushan Vil.,E,64000,E15,64000150,,4814
4665,64000150010,高雄市,大樹區,大坑里,Dakeng Vil.,E,64000,E15,64000150,,4815
4666,64000150011,高雄市,大樹區,井腳里,Jingjiao Vil.,E,64000,E15,64000150,,4816
4667,64000150012,高雄市,大樹區,小坪里,Xiaoping Vil.,E,64000,E15,64000150,,4817
4668,64000150013,高雄市,大樹區,龍目里,Longmu Vil.,E,64000,E15,64000150,,4818
4669,64000150014,高雄市,大樹區,大樹里,Dashu Vil.,E,64000,E15,64000150,,4819
4670,64000150015,高雄市,大樹區,三和里,Sanhe Vil.,E,64000,E15,64000150,,4820
4671,64000150016,高雄市,大樹區,溪埔里,Xipu Vil.,E,64000,E15,64000150,,4821
4672,64000150017,高雄市,大樹區,興田里,Xingtian Vil.,E,64000,E15,64000150,,4822
4673,64000150018,高雄市,大樹區,統嶺里,Tongling Vil.,E,64000,E15,64000150,,4823
4674,64000160001,高雄市,大社區,嘉誠里,Jiacheng Vil.,E,64000,E16,64000160,,4824
4675,64000160002,高雄市,大社區,保社里,Baoshe Vil.,E,64000,E16,64000160,,4825
4676,64000160003,高雄市,大社區,大社里,Dashe Vil.,E,64000,E16,64000160,,4826
4677,64000160004,高雄市,大社區,翠屏里,Cuiping Vil.,E,64000,E16,64000160,,4827
4678,64000160005,高雄市,大社區,三奶里,Sannai Vil.,E,64000,E16,64000160,,4828
4679,64000160006,高雄市,大社區,觀音里,Guanyin Vil.,E,64000,E16,64000160,,4829
4680,64000160007,高雄市,大社區,神農里,Shennong Vil.,E,64000,E16,64000160,,4830
4681,64000160008,高雄市,大社區,中里里,Zhongli Vil.,E,64000,E16,64000160,,4831
4682,64000160009,高雄市,大社區,保安里,Bao'an Vil.,E,64000,E16,64000160,,4832
4683,64000170001,高雄市,仁武區,大灣里,Dawan Vil.,E,64000,E17,64000170,,4833
4684,64000170002,高雄市,仁武區,灣內里,Wannei Vil.,E,64000,E17,64000170,,4834
4685,64000170003,高雄市,仁武區,考潭里,Kaotan Vil.,E,64000,E17,64000170,,4835
4686,64000170004,高雄市,仁武區,烏林里,Wulin Vil.,E,64000,E17,64000170,,4836
4687,64000170005,高雄市,仁武區,仁福里,Renfu Vil.,E,64000,E17,64000170,,4837
4688,64000170006,高雄市,仁武區,仁武里,Renwu Vil.,E,64000,E17,64000170,,4838
4689,64000170007,高雄市,仁武區,文武里,Wenwu Vil.,E,64000,E17,64000170,,4839
4690,64000170008,高雄市,仁武區,竹後里,Zhuhou Vil.,E,64000,E17,64000170,,4840
4691,64000170009,高雄市,仁武區,八卦里,Bagua Vil.,E,64000,E17,64000170,,4841
4692,64000170010,高雄市,仁武區,高楠里,Gaonan Vil.,E,64000,E17,64000170,,4842
4693,64000170011,高雄市,仁武區,後安里,Hou'an Vil.,E,64000,E17,64000170,,4843
4694,64000170012,高雄市,仁武區,中華里,Zhonghua Vil.,E,64000,E17,64000170,,4844
4695,64000170013,高雄市,仁武區,五和里,Wuhe Vil.,E,64000,E17,64000170,,4845
4696,64000170014,高雄市,仁武區,仁和里,Renhe Vil.,E,64000,E17,64000170,,4846
4697,64000170015,高雄市,仁武區,赤山里,Chishan Vil.,E,64000,E17,64000170,,4847
4698,64000170016,高雄市,仁武區,仁慈里,Renci Vil.,E,64000,E17,64000170,,4848
4699,64000170017,高雄市,仁武區,八德里,Bade Vil.,E,64000,E17,64000170,,4849
4700,64000180001,高雄市,鳥松區,鳥松里,Niaosong Vil.,E,64000,E18,64000180,,4850
4701,64000180002,高雄市,鳥松區,夢裡里,Mengli Vil.,E,64000,E18,64000180,,4851
4702,64000180003,高雄市,鳥松區,大華里,Dahua Vil.,E,64000,E18,64000180,,4852
4703,64000180004,高雄市,鳥松區,坔埔里,Dipu Vil.,E,64000,E18,64000180,,4853
4704,64000180005,高雄市,鳥松區,仁美里,Renmei Vil.,E,64000,E18,64000180,,4854
4705,64000180006,高雄市,鳥松區,大竹里,Dazhu Vil.,E,64000,E18,64000180,,4855
4706,64000180007,高雄市,鳥松區,華美里,Huamei Vil.,E,64000,E18,64000180,,4856
4707,64000190001,高雄市,岡山區,平安里,Ping'an Vil.,E,64000,E19,64000190,,4857
4708,64000190002,高雄市,岡山區,岡山里,Gangshan Vil.,E,64000,E19,64000190,,4858
4709,64000190003,高雄市,岡山區,壽天里,Shoutian Vil.,E,64000,E19,64000190,,4859
4710,64000190004,高雄市,岡山區,維仁里,Weiren Vil.,E,64000,E19,64000190,,4860
4711,64000190005,高雄市,岡山區,後紅里,Houhong Vil.,E,64000,E19,64000190,,4861
4712,64000190006,高雄市,岡山區,大遼里,Daliao Vil.,E,64000,E19,64000190,,4862
4713,64000190007,高雄市,岡山區,忠孝里,Zhongxiao Vil.,E,64000,E19,64000190,,4863
4714,64000190008,高雄市,岡山區,和平里,Heping Vil.,E,64000,E19,64000190,,4864
4715,64000190009,高雄市,岡山區,前峰里,Qianfeng Vil.,E,64000,E19,64000190,,4865
4716,64000190010,高雄市,岡山區,劉厝里,Liucuo Vil.,E,64000,E19,64000190,,4866
4717,64000190011,高雄市,岡山區,協和里,Xiehe Vil.,E,64000,E19,64000190,,4867
4718,64000190012,高雄市,岡山區,後協里,Houxie Vil.,E,64000,E19,64000190,,4868
4719,64000190013,高雄市,岡山區,信義里,Xinyi Vil.,E,64000,E19,64000190,,4869
4720,64000190014,高雄市,岡山區,潭底里,Tandi Vil.,E,64000,E19,64000190,,4870
4721,64000190015,高雄市,岡山區,三和里,Sanhe Vil.,E,64000,E19,64000190,,4871
4722,64000190016,高雄市,岡山區,仁壽里,Renshou Vil.,E,64000,E19,64000190,,4872
4723,64000190017,高雄市,岡山區,碧紅里,Bihong Vil.,E,64000,E19,64000190,,4873
4724,64000190018,高雄市,岡山區,程香里,Chengxiang Vil.,E,64000,E19,64000190,,4874
4725,64000190019,高雄市,岡山區,竹圍里,Zhuwei Vil.,E,64000,E19,64000190,,4875
4726,64000190020,高雄市,岡山區,台上里,Taishang Vil.,E,64000,E19,64000190,,4876
4727,64000190021,高雄市,岡山區,灣裡里,Wanli Vil.,E,64000,E19,64000190,,4877
4728,64000190022,高雄市,岡山區,白米里,Baimi Vil.,E,64000,E19,64000190,,4878
4729,64000190023,高雄市,岡山區,石潭里,Shitan Vil.,E,64000,E19,64000190,,4879
4730,64000190024,高雄市,岡山區,福興里,Fuxing Vil.,E,64000,E19,64000190,,4880
4731,64000190025,高雄市,岡山區,本洲里,Benzhou Vil.,E,64000,E19,64000190,,4881
4732,64000190026,高雄市,岡山區,嘉興里,Jiaxing Vil.,E,64000,E19,64000190,,4882
4733,64000190027,高雄市,岡山區,嘉峰里,Jiafeng Vil.,E,64000,E19,64000190,,4883
4734,64000190028,高雄市,岡山區,華崗里,Huagang Vil.,E,64000,E19,64000190,,4884
4735,64000190029,高雄市,岡山區,大莊里,Dazhuang Vil.,E,64000,E19,64000190,,4885
4736,64000190030,高雄市,岡山區,協榮里,Xierong Vil.,E,64000,E19,64000190,,4886
4737,64000190031,高雄市,岡山區,為隨里,Weisui Vil.,E,64000,E19,64000190,,4887
4738,64000190032,高雄市,岡山區,壽峰里,Shoufeng Vil.,E,64000,E19,64000190,,4888
4739,64000190033,高雄市,岡山區,仁義里,Renyi Vil.,E,64000,E19,64000190,,4889
4740,64000190S01,高雄市,岡山區,,,E,64000,E19,64000190,未編定村里,4890
4741,64000200001,高雄市,橋頭區,橋頭里,Qiaotou Vil.,E,64000,E20,64000200,,4891
4742,64000200002,高雄市,橋頭區,橋南里,Qiaonan Vil.,E,64000,E20,64000200,,4892
4743,64000200003,高雄市,橋頭區,仕隆里,Shilong Vil.,E,64000,E20,64000200,,4893
4744,64000200004,高雄市,橋頭區,仕豐里,Shifeng Vil.,E,64000,E20,64000200,,4894
4745,64000200005,高雄市,橋頭區,芋寮里,Yuliao Vil.,E,64000,E20,64000200,,4895
4746,64000200006,高雄市,橋頭區,東林里,Donglin Vil.,E,64000,E20,64000200,,4896
4747,64000200007,高雄市,橋頭區,西林里,Xilin Vil.,E,64000,E20,64000200,,4897
4748,64000200008,高雄市,橋頭區,白樹里,Baishu Vil.,E,64000,E20,64000200,,4898
4749,64000200009,高雄市,橋頭區,筆秀里,Bixiu Vil.,E,64000,E20,64000200,,4899
4750,64000200010,高雄市,橋頭區,新莊里,Xinzhuang Vil.,E,64000,E20,64000200,,4900
4751,64000200011,高雄市,橋頭區,甲北里,Jiabei Vil.,E,64000,E20,64000200,,4901
4752,64000200012,高雄市,橋頭區,甲南里,Jianan Vil.,E,64000,E20,64000200,,4902
4753,64000200013,高雄市,橋頭區,頂鹽里,Dingyan Vil.,E,64000,E20,64000200,,4903
4754,64000200014,高雄市,橋頭區,中崎里,Zhongqi Vil.,E,64000,E20,64000200,,4904
4755,64000200015,高雄市,橋頭區,仕和里,Shihe Vil.,E,64000,E20,64000200,,4905
4756,64000200016,高雄市,橋頭區,德松里,Desong Vil.,E,64000,E20,64000200,,4906
4757,64000200017,高雄市,橋頭區,三德里,Sande Vil.,E,64000,E20,64000200,,4907
4758,64000210001,高雄市,燕巢區,尖山里,Jianshan Vil.,E,64000,E21,64000210,,4908
4759,64000210002,高雄市,燕巢區,瓊林里,Qionglin Vil.,E,64000,E21,64000210,,4909
4760,64000210003,高雄市,燕巢區,安招里,Anzhao Vil.,E,64000,E21,64000210,,4910
4761,64000210004,高雄市,燕巢區,角宿里,Jiaosu Vil.,E,64000,E21,64000210,,4911
4762,64000210005,高雄市,燕巢區,鳳雄里,Fengxueng Vil.,E,64000,E21,64000210,,4912
4763,64000210006,高雄市,燕巢區,金山里,Jinshan Vil.,E,64000,E21,64000210,,4913
4764,64000210007,高雄市,燕巢區,東燕里,Dongyan Vil.,E,64000,E21,64000210,,4914
4765,64000210008,高雄市,燕巢區,南燕里,Nanyan Vil.,E,64000,E21,64000210,,4915
4766,64000210009,高雄市,燕巢區,西燕里,Xiyan Vil.,E,64000,E21,64000210,,4916
4767,64000210010,高雄市,燕巢區,橫山里,Hengshan Vil.,E,64000,E21,64000210,,4917
4768,64000210011,高雄市,燕巢區,深水里,Shenshui Vil.,E,64000,E21,64000210,,4918
4769,64000220001,高雄市,田寮區,鹿埔里,Lupu Vil.,E,64000,E22,64000220,,4919
4770,64000220002,高雄市,田寮區,南安里,Nan'an Vil.,E,64000,E22,64000220,,4920
4771,64000220003,高雄市,田寮區,大同里,Datong Vil.,E,64000,E22,64000220,,4921
4772,64000220004,高雄市,田寮區,田寮里,Tianliao Vil.,E,64000,E22,64000220,,4922
4773,64000220005,高雄市,田寮區,七星里,Qixing Vil.,E,64000,E22,64000220,,4923
4774,64000220006,高雄市,田寮區,崇德里,Chongde Vil.,E,64000,E22,64000220,,4924
4775,64000220007,高雄市,田寮區,西德里,Xide Vil.,E,64000,E22,64000220,,4925
4776,64000220008,高雄市,田寮區,三和里,Sanhe Vil.,E,64000,E22,64000220,,4926
4777,64000220009,高雄市,田寮區,古亭里,Guting Vil.,E,64000,E22,64000220,,4927
4778,64000220010,高雄市,田寮區,新興里,Xinxing Vil.,E,64000,E22,64000220,,4928
4779,64000230001,高雄市,阿蓮區,石安里,Shi'an Vil.,E,64000,E23,64000230,,4929
4780,64000230002,高雄市,阿蓮區,中路里,Zhonglu Vil.,E,64000,E23,64000230,,4930
4781,64000230003,高雄市,阿蓮區,峯山里,Fengshan Vil.,E,64000,E23,64000230,,4931
4782,64000230004,高雄市,阿蓮區,港後里,Ganghou Vil.,E,64000,E23,64000230,,4932
4783,64000230005,高雄市,阿蓮區,崗山里,Gangshan Vil.,E,64000,E23,64000230,,4933
4784,64000230006,高雄市,阿蓮區,阿蓮里,Alian Vil.,E,64000,E23,64000230,,4934
4785,64000230007,高雄市,阿蓮區,清蓮里,Qinglian Vil.,E,64000,E23,64000230,,4935
4786,64000230008,高雄市,阿蓮區,和蓮里,Helian Vil.,E,64000,E23,64000230,,4936
4787,64000230009,高雄市,阿蓮區,青旗里,Qingqi Vil.,E,64000,E23,64000230,,4937
4788,64000230010,高雄市,阿蓮區,復安里,Fu'an Vil.,E,64000,E23,64000230,,4938
4789,64000230011,高雄市,阿蓮區,玉庫里,Yuku Vil.,E,64000,E23,64000230,,4939
4790,64000230012,高雄市,阿蓮區,南蓮里,Nanlian Vil.,E,64000,E23,64000230,,4940
4791,64000240001,高雄市,路竹區,竹滬里,Zhuhu Vil.,E,64000,E24,64000240,,4941
4792,64000240002,高雄市,路竹區,頂寮里,Dingliao Vil.,E,64000,E24,64000240,,4942
4793,64000240003,高雄市,路竹區,新達里,Xinda Vil.,E,64000,E24,64000240,,4943
4794,64000240004,高雄市,路竹區,後鄉里,Houxiang Vil.,E,64000,E24,64000240,,4944
4795,64000240005,高雄市,路竹區,北嶺里,Beiling Vil.,E,64000,E24,64000240,,4945
4796,64000240006,高雄市,路竹區,社西里,Shexi Vil.,E,64000,E24,64000240,,4946
4797,64000240007,高雄市,路竹區,甲北里,Jiabei Vil.,E,64000,E24,64000240,,4947
4798,64000240008,高雄市,路竹區,甲南里,Jianan Vil.,E,64000,E24,64000240,,4948
4799,64000240009,高雄市,路竹區,下坑里,Xiakeng Vil.,E,64000,E24,64000240,,4949
4800,64000240010,高雄市,路竹區,竹園里,Zhuyuan Vil.,E,64000,E24,64000240,,4950
4801,64000240011,高雄市,路竹區,竹東里,Zhudong Vil.,E,64000,E24,64000240,,4951
4802,64000240012,高雄市,路竹區,竹西里,Zhuxi Vil.,E,64000,E24,64000240,,4952
4803,64000240013,高雄市,路竹區,文北里,Wenbei Vil.,E,64000,E24,64000240,,4953
4804,64000240014,高雄市,路竹區,文南里,Wennan Vil.,E,64000,E24,64000240,,4954
4805,64000240015,高雄市,路竹區,三爺里,Sanye Vil.,E,64000,E24,64000240,,4955
4806,64000240016,高雄市,路竹區,鴨寮里,Yaliao Vil.,E,64000,E24,64000240,,4956
4807,64000240017,高雄市,路竹區,社東里,Shedong Vil.,E,64000,E24,64000240,,4957
4808,64000240018,高雄市,路竹區,社中里,Shezhong Vil.,E,64000,E24,64000240,,4958
4809,64000240019,高雄市,路竹區,竹南里,Zhunan Vil.,E,64000,E24,64000240,,4959
4810,64000240020,高雄市,路竹區,社南里,Shenan Vil.,E,64000,E24,64000240,,4960
4811,64000250001,高雄市,湖內區,海山里,Haishan Vil.,E,64000,E25,64000250,,4961
4812,64000250002,高雄市,湖內區,劉家里,Liujia Vil.,E,64000,E25,64000250,,4962
4813,64000250003,高雄市,湖內區,太爺里,Taiye Vil.,E,64000,E25,64000250,,4963
4814,64000250004,高雄市,湖內區,公舘里,Gongguan Vil.,E,64000,E25,64000250,,4964
4815,64000250005,高雄市,湖內區,葉厝里,Yecuo Vil.,E,64000,E25,64000250,,4965
4816,64000250006,高雄市,湖內區,大湖里,Dahu Vil.,E,64000,E25,64000250,,4966
4817,64000250007,高雄市,湖內區,田尾里,Tianwei Vil.,E,64000,E25,64000250,,4967
4818,64000250008,高雄市,湖內區,湖內里,Hunei Vil.,E,64000,E25,64000250,,4968
4819,64000250009,高雄市,湖內區,海埔里,Haipu Vil.,E,64000,E25,64000250,,4969
4820,64000250010,高雄市,湖內區,文賢里,Wenxian Vil.,E,64000,E25,64000250,,4970
4821,64000250011,高雄市,湖內區,中賢里,Zhongxian Vil.,E,64000,E25,64000250,,4971
4822,64000250012,高雄市,湖內區,逸賢里,Yixian Vil.,E,64000,E25,64000250,,4972
4823,64000250013,高雄市,湖內區,忠興里,Zhongxing Vil.,E,64000,E25,64000250,,4973
4824,64000250014,高雄市,湖內區,湖東里,Hudong Vil.,E,64000,E25,64000250,,4974
4825,64000260001,高雄市,茄萣區,福德里,Fude Vil.,E,64000,E26,64000260,,4975
4826,64000260002,高雄市,茄萣區,萬福里,Wanfu Vil.,E,64000,E26,64000260,,4976
4827,64000260003,高雄市,茄萣區,白雲里,Baiyun Vil.,E,64000,E26,64000260,,4977
4828,64000260004,高雄市,茄萣區,嘉賜里,Jiasi Vil.,E,64000,E26,64000260,,4978
4829,64000260005,高雄市,茄萣區,嘉安里,Jia'an Vil.,E,64000,E26,64000260,,4979
4830,64000260006,高雄市,茄萣區,嘉定里,Jiading Vil.,E,64000,E26,64000260,,4980
4831,64000260007,高雄市,茄萣區,保定里,Baoding Vil.,E,64000,E26,64000260,,4981
4832,64000260008,高雄市,茄萣區,光定里,Guangding Vil.,E,64000,E26,64000260,,4982
4833,64000260009,高雄市,茄萣區,大定里,Dading Vil.,E,64000,E26,64000260,,4983
4834,64000260010,高雄市,茄萣區,吉定里,Jiding Vil.,E,64000,E26,64000260,,4984
4835,64000260011,高雄市,茄萣區,嘉樂里,Jiale Vil.,E,64000,E26,64000260,,4985
4836,64000260012,高雄市,茄萣區,嘉泰里,Jiatai Vil.,E,64000,E26,64000260,,4986
4837,64000260013,高雄市,茄萣區,嘉福里,Jiafu Vil.,E,64000,E26,64000260,,4987
4838,64000260014,高雄市,茄萣區,和協里,Hexie Vil.,E,64000,E26,64000260,,4988
4839,64000260015,高雄市,茄萣區,崎漏里,Qilou Vil.,E,64000,E26,64000260,,4989
4840,64000270001,高雄市,永安區,永安里,Yong'an Vil.,E,64000,E27,64000270,,4990
4841,64000270002,高雄市,永安區,永華里,Yonghua Vil.,E,64000,E27,64000270,,4991
4842,64000270003,高雄市,永安區,新港里,Xingang Vil.,E,64000,E27,64000270,,4992
4843,64000270004,高雄市,永安區,鹽田里,Yantian Vil.,E,64000,E27,64000270,,4993
4844,64000270005,高雄市,永安區,保寧里,Baoning Vil.,E,64000,E27,64000270,,4994
4845,64000270006,高雄市,永安區,維新里,Weixin Vil.,E,64000,E27,64000270,,4995
4846,64000280001,高雄市,彌陀區,光和里,Guanghe Vil.,E,64000,E28,64000280,,4996
4847,64000280002,高雄市,彌陀區,彌靖里,Mijing Vil.,E,64000,E28,64000280,,4997
4848,64000280003,高雄市,彌陀區,彌仁里,Miren Vil.,E,64000,E28,64000280,,4998
4849,64000280004,高雄市,彌陀區,彌壽里,Mishou Vil.,E,64000,E28,64000280,,4999
4850,64000280005,高雄市,彌陀區,彌陀里,Mituo Vil.,E,64000,E28,64000280,,5000
4851,64000280006,高雄市,彌陀區,舊港里,Jiugang Vil.,E,64000,E28,64000280,,5001
4852,64000280007,高雄市,彌陀區,文安里,Wen'an Vil.,E,64000,E28,64000280,,5002
4853,64000280008,高雄市,彌陀區,鹽埕里,Yancheng Vil.,E,64000,E28,64000280,,5003
4854,64000280009,高雄市,彌陀區,過港里,Guogang Vil.,E,64000,E28,64000280,,5004
4855,64000280010,高雄市,彌陀區,海尾里,Haiwei Vil.,E,64000,E28,64000280,,5005
4856,64000280011,高雄市,彌陀區,漯底里,Leidi Vil.,E,64000,E28,64000280,,5006
4857,64000280012,高雄市,彌陀區,南寮里,Nanliao Vil.,E,64000,E28,64000280,,5007
4858,64000290001,高雄市,梓官區,梓信里,Zixin Vil.,E,64000,E29,64000290,,5008
4859,64000290002,高雄市,梓官區,梓義里,Ziyi Vil.,E,64000,E29,64000290,,5009
4860,64000290003,高雄市,梓官區,梓和里,Zihe Vil.,E,64000,E29,64000290,,5010
4861,64000290004,高雄市,梓官區,梓平里,Ziping Vil.,E,64000,E29,64000290,,5011
4862,64000290005,高雄市,梓官區,中崙里,Zhonglun Vil.,E,64000,E29,64000290,,5012
4863,64000290006,高雄市,梓官區,赤崁里,Chikan Vil.,E,64000,E29,64000290,,5013
4864,64000290007,高雄市,梓官區,禮蚵里,Like Vil.,E,64000,E29,64000290,,5014
4865,64000290008,高雄市,梓官區,智蚵里,Zhike Vil.,E,64000,E29,64000290,,5015
4866,64000290009,高雄市,梓官區,信蚵里,Xinke Vil.,E,64000,E29,64000290,,5016
4867,64000290010,高雄市,梓官區,同安里,Tong'an Vil.,E,64000,E29,64000290,,5017
4868,64000290011,高雄市,梓官區,大舍里,Dashe Vil.,E,64000,E29,64000290,,5018
4869,64000290012,高雄市,梓官區,赤東里,Chidong Vil.,E,64000,E29,64000290,,5019
4870,64000290013,高雄市,梓官區,赤西里,Chixi Vil.,E,64000,E29,64000290,,5020
4871,64000290014,高雄市,梓官區,茄苳里,Jiadong Vil.,E,64000,E29,64000290,,5021
4872,64000290015,高雄市,梓官區,典寶里,Dianbao Vil.,E,64000,E29,64000290,,5022
4873,64000300001,高雄市,旗山區,太平里,Taiping Vil.,E,64000,E30,64000300,,5023
4874,64000300002,高雄市,旗山區,大德里,Dade Vil.,E,64000,E30,64000300,,5024
4875,64000300003,高雄市,旗山區,湄洲里,Meizhou Vil.,E,64000,E30,64000300,,5025
4876,64000300004,高雄市,旗山區,圓富里,Yuanfu Vil.,E,64000,E30,64000300,,5026
4877,64000300005,高雄市,旗山區,中正里,Zhongzheng Vil.,E,64000,E30,64000300,,5027
4878,64000300006,高雄市,旗山區,大林里,Dalin Vil.,E,64000,E30,64000300,,5028
4879,64000300007,高雄市,旗山區,上洲里,Shangzhou Vil.,E,64000,E30,64000300,,5029
4880,64000300008,高雄市,旗山區,新光里,Xinguang Vil.,E,64000,E30,64000300,,5030
4881,64000300009,高雄市,旗山區,南勝里,Nansheng Vil.,E,64000,E30,64000300,,5031
4882,64000300010,高雄市,旗山區,中寮里,Zhongliao Vil.,E,64000,E30,64000300,,5032
4883,64000300011,高雄市,旗山區,東平里,Dongping Vil.,E,64000,E30,64000300,,5033
4884,64000300012,高雄市,旗山區,東昌里,Dongchang Vil.,E,64000,E30,64000300,,5034
4885,64000300013,高雄市,旗山區,竹峰里,Zhufeng Vil.,E,64000,E30,64000300,,5035
4886,64000300014,高雄市,旗山區,瑞吉里,Ruiji Vil.,E,64000,E30,64000300,,5036
4887,64000300015,高雄市,旗山區,永和里,Yonghe Vil.,E,64000,E30,64000300,,5037
4888,64000300016,高雄市,旗山區,三協里,Sanxie Vil.,E,64000,E30,64000300,,5038
4889,64000300017,高雄市,旗山區,鯤洲里,Kunzhou Vil.,E,64000,E30,64000300,,5039
4890,64000300018,高雄市,旗山區,大山里,Dashan Vil.,E,64000,E30,64000300,,5040
4891,64000300019,高雄市,旗山區,中洲里,Zhongzhou Vil.,E,64000,E30,64000300,,5041
4892,64000300020,高雄市,旗山區,南洲里,Nanzhou Vil.,E,64000,E30,64000300,,5042
4893,64000300021,高雄市,旗山區,廣福里,Guangfu Vil.,E,64000,E30,64000300,,5043
4894,64000310001,高雄市,美濃區,福安里,Fu'an Vil.,E,64000,E31,64000310,,5044
4895,64000310002,高雄市,美濃區,合和里,Hehe Vil.,E,64000,E31,64000310,,5045
4896,64000310003,高雄市,美濃區,祿興里,Luxing Vil.,E,64000,E31,64000310,,5046
4897,64000310004,高雄市,美濃區,中壇里,Zhongtan Vil.,E,64000,E31,64000310,,5047
4898,64000310005,高雄市,美濃區,德興里,Dexing Vil.,E,64000,E31,64000310,,5048
4899,64000310006,高雄市,美濃區,龍山里,Longshan Vil.,E,64000,E31,64000310,,5049
4900,64000310007,高雄市,美濃區,獅山里,Shishan Vil.,E,64000,E31,64000310,,5050
4901,64000310008,高雄市,美濃區,龍肚里,Longdu Vil.,E,64000,E31,64000310,,5051
4902,64000310009,高雄市,美濃區,廣德里,Guangde Vil.,E,64000,E31,64000310,,5052
4903,64000310010,高雄市,美濃區,興隆里,Xinglong Vil.,E,64000,E31,64000310,,5053
4904,64000310011,高雄市,美濃區,中圳里,Zhongzun Vil.,E,64000,E31,64000310,,5054
4905,64000310012,高雄市,美濃區,東門里,Dongmen Vil.,E,64000,E31,64000310,,5055
4906,64000310013,高雄市,美濃區,泰安里,Tai'an Vil.,E,64000,E31,64000310,,5056
4907,64000310014,高雄市,美濃區,瀰濃里,Minong Vil.,E,64000,E31,64000310,,5057
4908,64000310015,高雄市,美濃區,清水里,Qingshui Vil.,E,64000,E31,64000310,,5058
4909,64000310016,高雄市,美濃區,吉洋里,Jiyang Vil.,E,64000,E31,64000310,,5059
4910,64000310017,高雄市,美濃區,吉和里,Jihe Vil.,E,64000,E31,64000310,,5060
4911,64000310018,高雄市,美濃區,吉東里,Jidong Vil.,E,64000,E31,64000310,,5061
4912,64000310019,高雄市,美濃區,廣林里,Guanglin Vil.,E,64000,E31,64000310,,5062
4913,64000320001,高雄市,六龜區,新威里,Xinwei Vil.,E,64000,E32,64000320,,5063
4914,64000320002,高雄市,六龜區,新興里,Xinxing Vil.,E,64000,E32,64000320,,5064
4915,64000320003,高雄市,六龜區,新寮里,Xinliao Vil.,E,64000,E32,64000320,,5065
4916,64000320004,高雄市,六龜區,新發里,Xinfa Vil.,E,64000,E32,64000320,,5066
4917,64000320005,高雄市,六龜區,荖濃里,Laonong Vil.,E,64000,E32,64000320,,5067
4918,64000320006,高雄市,六龜區,六龜里,Liugui Vil.,E,64000,E32,64000320,,5068
4919,64000320007,高雄市,六龜區,義寶里,Yibao Vil.,E,64000,E32,64000320,,5069
4920,64000320008,高雄市,六龜區,興龍里,Xinglong Vil.,E,64000,E32,64000320,,5070
4921,64000320009,高雄市,六龜區,中興里,Zhongxing Vil.,E,64000,E32,64000320,,5071
4922,64000320010,高雄市,六龜區,寶來里,Baolai Vil.,E,64000,E32,64000320,,5072
4923,64000320011,高雄市,六龜區,文武里,Wenwu Vil.,E,64000,E32,64000320,,5073
4924,64000320012,高雄市,六龜區,大津里,Dajin Vil.,E,64000,E32,64000320,,5074
4925,64000330001,高雄市,甲仙區,東安里,Dong'an Vil.,E,64000,E33,64000330,,5075
4926,64000330002,高雄市,甲仙區,西安里,Xi'an Vil.,E,64000,E33,64000330,,5076
4927,64000330003,高雄市,甲仙區,和安里,He'an Vil.,E,64000,E33,64000330,,5077
4928,64000330004,高雄市,甲仙區,大田里,Datian Vil.,E,64000,E33,64000330,,5078
4929,64000330005,高雄市,甲仙區,寶隆里,Baolong Vil.,E,64000,E33,64000330,,5079
4930,64000330006,高雄市,甲仙區,關山里,Guanshan Vil.,E,64000,E33,64000330,,5080
4931,64000330007,高雄市,甲仙區,小林里,Xiaolin Vil.,E,64000,E33,64000330,,5081
4932,64000340001,高雄市,杉林區,杉林里,Shanlin Vil.,E,64000,E34,64000340,,5082
4933,64000340002,高雄市,杉林區,木梓里,Muzi Vil.,E,64000,E34,64000340,,5083
4934,64000340003,高雄市,杉林區,集來里,Jilai Vil.,E,64000,E34,64000340,,5084
4935,64000340004,高雄市,杉林區,新庄里,Xinzhuang Vil.,E,64000,E34,64000340,,5085
4936,64000340005,高雄市,杉林區,上平里,Shangping Vil.,E,64000,E34,64000340,,5086
4937,64000340006,高雄市,杉林區,月眉里,Yuemei Vil.,E,64000,E34,64000340,,5087
4938,64000340007,高雄市,杉林區,月美里,Yuemei Vil.,E,64000,E34,64000340,,5088
4939,64000340008,高雄市,杉林區,大愛里,Da'ai Vil.,E,64000,E34,64000340,,5089
4940,64000350001,高雄市,內門區,溝坪里,Gouping Vil.,E,64000,E35,64000350,,5090
4941,64000350002,高雄市,內門區,金竹里,Jinzhu Vil.,E,64000,E35,64000350,,5091
4942,64000350003,高雄市,內門區,永富里,Yongfu Vil.,E,64000,E35,64000350,,5092
4943,64000350004,高雄市,內門區,永吉里,Yongji Vil.,E,64000,E35,64000350,,5093
4944,64000350005,高雄市,內門區,永興里,Yongxing Vil.,E,64000,E35,64000350,,5094
4945,64000350006,高雄市,內門區,石坑里,Shikeng Vil.,E,64000,E35,64000350,,5095
4946,64000350007,高雄市,內門區,內門里,Neimen Vil.,E,64000,E35,64000350,,5096
4947,64000350008,高雄市,內門區,內豊里,Neili Vil.,E,64000,E35,64000350,,5097
4948,64000350009,高雄市,內門區,觀亭里,Guanting Vil.,E,64000,E35,64000350,,5098
4949,64000350010,高雄市,內門區,中埔里,Zhongpu Vil.,E,64000,E35,64000350,,5099
4950,64000350011,高雄市,內門區,內東里,Neidong Vil.,E,64000,E35,64000350,,5100
4951,64000350012,高雄市,內門區,內南里,Neinan Vil.,E,64000,E35,64000350,,5101
4952,64000350013,高雄市,內門區,東埔里,Dongpu Vil.,E,64000,E35,64000350,,5102
4953,64000350014,高雄市,內門區,三平里,Sanping Vil.,E,64000,E35,64000350,,5103
4954,64000350015,高雄市,內門區,木柵里,Muzha Vil.,E,64000,E35,64000350,,5104
4955,64000350016,高雄市,內門區,內興里,Neixing Vil.,E,64000,E35,64000350,,5105
4956,64000350017,高雄市,內門區,瑞山里,Ruishan Vil.,E,64000,E35,64000350,,5106
4957,64000350018,高雄市,內門區,光興里,Guangxing Vil.,E,64000,E35,64000350,,5107
4958,64000360001,高雄市,茂林區,茂林里,Maolin Vil.,E,64000,E36,64000360,,5108
4959,64000360002,高雄市,茂林區,萬山里,Wanshan Vil.,E,64000,E36,64000360,,5109
4960,64000360003,高雄市,茂林區,多納里,Duona Vil.,E,64000,E36,64000360,,5110
4961,64000370001,高雄市,桃源區,桃源里,Taoyuan Vil.,E,64000,E37,64000370,,5111
4962,64000370002,高雄市,桃源區,寶山里,Baoshan Vil.,E,64000,E37,64000370,,5112
4963,64000370003,高雄市,桃源區,建山里,Jianshan Vil.,E,64000,E37,64000370,,5113
4964,64000370004,高雄市,桃源區,高中里,Gaozhong Vil.,E,64000,E37,64000370,,5114
4965,64000370005,高雄市,桃源區,勤和里,Qinhe Vil.,E,64000,E37,64000370,,5115
4966,64000370006,高雄市,桃源區,復興里,Fuxing Vil.,E,64000,E37,64000370,,5116
4967,64000370007,高雄市,桃源區,拉芙蘭里,Lafulan Vil.,E,64000,E37,64000370,,5117
4968,64000370008,高雄市,桃源區,梅山里,Meishan Vil.,E,64000,E37,64000370,,5118
4969,64000380001,高雄市,那瑪夏區,達卡努瓦里,Dakanuwa Vil.,E,64000,E38,64000380,,5119
4970,64000380002,高雄市,那瑪夏區,瑪雅里,Maya Vil.,E,64000,E38,64000380,,5120
4971,64000380003,高雄市,那瑪夏區,南沙魯里,Nanshalu Vil.,E,64000,E38,64000380,,5121
4972,64000380004,高雄市,那瑪夏區,瑪星哈蘭里,Maxinghalan Vil.,E,64000,E38,64000380,,5122
4973,65000010001,新北市,板橋區,留侯里,Liuhou Vil.,F,65000,F14,65000010,,5123
4974,65000010002,新北市,板橋區,流芳里,Liufang Vil.,F,65000,F14,65000010,,5124
4975,65000010003,新北市,板橋區,赤松里,Chisong Vil.,F,65000,F14,65000010,,5125
4976,65000010004,新北市,板橋區,黃石里,Huangshi Vil.,F,65000,F14,65000010,,5126
4977,65000010005,新北市,板橋區,挹秀里,Yixiu Vil.,F,65000,F14,65000010,,5127
4978,65000010006,新北市,板橋區,湳興里,Nanxing Vil.,F,65000,F14,65000010,,5128
4979,65000010007,新北市,板橋區,新興里,Xinxing Vil.,F,65000,F14,65000010,,5129
4980,65000010008,新北市,板橋區,社後里,Shehou Vil.,F,65000,F14,65000010,,5130
4981,65000010009,新北市,板橋區,香社里,Xiangshe Vil.,F,65000,F14,65000010,,5131
4982,65000010010,新北市,板橋區,中正里,Zhongzheng Vil.,F,65000,F14,65000010,,5132
4983,65000010011,新北市,板橋區,自強里,Ziqiang Vil.,F,65000,F14,65000010,,5133
4984,65000010012,新北市,板橋區,自立里,Zili Vil.,F,65000,F14,65000010,,5134
4985,65000010013,新北市,板橋區,光華里,Guanghua Vil.,F,65000,F14,65000010,,5135
4986,65000010014,新北市,板橋區,國光里,Guoguang Vil.,F,65000,F14,65000010,,5136
4987,65000010015,新北市,板橋區,港尾里,Gangwei Vil.,F,65000,F14,65000010,,5137
4988,65000010016,新北市,板橋區,金華里,Jinhua Vil.,F,65000,F14,65000010,,5138
4989,65000010017,新北市,板橋區,港德里,Gangde Vil.,F,65000,F14,65000010,,5139
4990,65000010018,新北市,板橋區,民權里,Minquan Vil.,F,65000,F14,65000010,,5140
4991,65000010019,新北市,板橋區,建國里,Jianguo Vil.,F,65000,F14,65000010,,5141
4992,65000010020,新北市,板橋區,漢生里,Hansheng Vil.,F,65000,F14,65000010,,5142
4993,65000010021,新北市,板橋區,公舘里,Gongguan Vil.,F,65000,F14,65000010,,5143
4994,65000010022,新北市,板橋區,新民里,Xinmin Vil.,F,65000,F14,65000010,,5144
4995,65000010023,新北市,板橋區,幸福里,Xingfu Vil.,F,65000,F14,65000010,,5145
4996,65000010024,新北市,板橋區,忠誠里,Zhongcheng Vil.,F,65000,F14,65000010,,5146
4997,65000010025,新北市,板橋區,百壽里,Baishou Vil.,F,65000,F14,65000010,,5147
4998,65000010026,新北市,板橋區,介壽里,Jieshou Vil.,F,65000,F14,65000010,,5148
4999,65000010027,新北市,板橋區,新埔里,Xinpu Vil.,F,65000,F14,65000010,,5149
5000,65000010028,新北市,板橋區,華江里,Huajiang Vil.,F,65000,F14,65000010,,5150
5001,65000010029,新北市,板橋區,江翠里,Jiangcui Vil.,F,65000,F14,65000010,,5151
5002,65000010030,新北市,板橋區,純翠里,Chuncui Vil.,F,65000,F14,65000010,,5152
5003,65000010031,新北市,板橋區,溪頭里,Xitou Vil.,F,65000,F14,65000010,,5153
5004,65000010032,新北市,板橋區,聯翠里,Liancui Vil.,F,65000,F14,65000010,,5154
5005,65000010033,新北市,板橋區,宏翠里,Hongcui Vil.,F,65000,F14,65000010,,5155
5006,65000010034,新北市,板橋區,仁翠里,Rencui Vil.,F,65000,F14,65000010,,5156
5007,65000010035,新北市,板橋區,新翠里,Xincui Vil.,F,65000,F14,65000010,,5157
5008,65000010036,新北市,板橋區,吉翠里,Jicui Vil.,F,65000,F14,65000010,,5158
5009,65000010037,新北市,板橋區,德翠里,Decui Vil.,F,65000,F14,65000010,,5159
5010,65000010038,新北市,板橋區,滿翠里,Mancui Vil.,F,65000,F14,65000010,,5160
5011,65000010039,新北市,板橋區,明翠里,Mingcui Vil.,F,65000,F14,65000010,,5161
5012,65000010040,新北市,板橋區,松翠里,Songcui Vil.,F,65000,F14,65000010,,5162
5013,65000010041,新北市,板橋區,柏翠里,Bocui Vil.,F,65000,F14,65000010,,5163
5014,65000010042,新北市,板橋區,龍翠里,Longcui Vil.,F,65000,F14,65000010,,5164
5015,65000010043,新北市,板橋區,華翠里,Huacui Vil.,F,65000,F14,65000010,,5165
5016,65000010044,新北市,板橋區,忠翠里,Zhongcui Vil.,F,65000,F14,65000010,,5166
5017,65000010045,新北市,板橋區,嵐翠里,Lancui Vil.,F,65000,F14,65000010,,5167
5018,65000010046,新北市,板橋區,文翠里,Wencui Vil.,F,65000,F14,65000010,,5168
5019,65000010047,新北市,板橋區,青翠里,Qingcui Vil.,F,65000,F14,65000010,,5169
5020,65000010048,新北市,板橋區,懷翠里,Huaicui Vil.,F,65000,F14,65000010,,5170
5021,65000010049,新北市,板橋區,福翠里,Fucui Vil.,F,65000,F14,65000010,,5171
5022,65000010050,新北市,板橋區,港嘴里,Gangzui Vil.,F,65000,F14,65000010,,5172
5023,65000010051,新北市,板橋區,振興里,Zhenxing Vil.,F,65000,F14,65000010,,5173
5024,65000010052,新北市,板橋區,振義里,Zhenyi Vil.,F,65000,F14,65000010,,5174
5025,65000010053,新北市,板橋區,光復里,Guangfu Vil.,F,65000,F14,65000010,,5175
5026,65000010054,新北市,板橋區,埔墘里,Puqian Vil.,F,65000,F14,65000010,,5176
5027,65000010055,新北市,板橋區,長壽里,Changshou Vil.,F,65000,F14,65000010,,5177
5028,65000010056,新北市,板橋區,福壽里,Fushou Vil.,F,65000,F14,65000010,,5178
5029,65000010057,新北市,板橋區,海山里,Haishan Vil.,F,65000,F14,65000010,,5179
5030,65000010058,新北市,板橋區,九如里,Jiuru Vil.,F,65000,F14,65000010,,5180
5031,65000010059,新北市,板橋區,玉光里,Yuguang Vil.,F,65000,F14,65000010,,5181
5032,65000010060,新北市,板橋區,光仁里,Guangren Vil.,F,65000,F14,65000010,,5182
5033,65000010061,新北市,板橋區,埤墘里,Piqian Vil.,F,65000,F14,65000010,,5183
5034,65000010062,新北市,板橋區,永安里,Yong'an Vil.,F,65000,F14,65000010,,5184
5035,65000010063,新北市,板橋區,雙玉里,Shuangyu Vil.,F,65000,F14,65000010,,5185
5036,65000010064,新北市,板橋區,廣新里,Guangxin Vil.,F,65000,F14,65000010,,5186
5037,65000010065,新北市,板橋區,深丘里,Shenqiu Vil.,F,65000,F14,65000010,,5187
5038,65000010066,新北市,板橋區,香丘里,Xiangqiu Vil.,F,65000,F14,65000010,,5188
5039,65000010067,新北市,板橋區,西安里,Xi'an Vil.,F,65000,F14,65000010,,5189
5040,65000010068,新北市,板橋區,東丘里,Dongqiu Vil.,F,65000,F14,65000010,,5190
5041,65000010069,新北市,板橋區,長安里,Chang'an Vil.,F,65000,F14,65000010,,5191
5042,65000010070,新北市,板橋區,福丘里,Fuqiu Vil.,F,65000,F14,65000010,,5192
5043,65000010071,新北市,板橋區,福祿里,Fulu Vil.,F,65000,F14,65000010,,5193
5044,65000010072,新北市,板橋區,民族里,Minzu Vil.,F,65000,F14,65000010,,5194
5045,65000010073,新北市,板橋區,國泰里,Guotai Vil.,F,65000,F14,65000010,,5195
5046,65000010074,新北市,板橋區,福德里,Fude Vil.,F,65000,F14,65000010,,5196
5047,65000010075,新北市,板橋區,景星里,Jingxing Vil.,F,65000,F14,65000010,,5197
5048,65000010076,新北市,板橋區,福星里,Fuxing Vil.,F,65000,F14,65000010,,5198
5049,65000010077,新北市,板橋區,鄉雲里,Xiangyun Vil.,F,65000,F14,65000010,,5199
5050,65000010078,新北市,板橋區,廣德里,Guangde Vil.,F,65000,F14,65000010,,5200
5051,65000010079,新北市,板橋區,大豐里,Dafeng Vil.,F,65000,F14,65000010,,5201
5052,65000010080,新北市,板橋區,重慶里,Chongqing Vil.,F,65000,F14,65000010,,5202
5053,65000010081,新北市,板橋區,仁愛里,Ren'ai Vil.,F,65000,F14,65000010,,5203
5054,65000010082,新北市,板橋區,和平里,Heping Vil.,F,65000,F14,65000010,,5204
5055,65000010083,新北市,板橋區,廣福里,Guangfu Vil.,F,65000,F14,65000010,,5205
5056,65000010084,新北市,板橋區,華興里,Huaxing Vil.,F,65000,F14,65000010,,5206
5057,65000010085,新北市,板橋區,華貴里,Huagui Vil.,F,65000,F14,65000010,,5207
5058,65000010086,新北市,板橋區,華德里,Huade Vil.,F,65000,F14,65000010,,5208
5059,65000010087,新北市,板橋區,華東里,Huadong Vil.,F,65000,F14,65000010,,5209
5060,65000010088,新北市,板橋區,信義里,Xinyi Vil.,F,65000,F14,65000010,,5210
5061,65000010089,新北市,板橋區,浮洲里,Fuzhou Vil.,F,65000,F14,65000010,,5211
5062,65000010090,新北市,板橋區,華中里,Huazhong Vil.,F,65000,F14,65000010,,5212
5063,65000010091,新北市,板橋區,僑中里,Qiaozhong Vil.,F,65000,F14,65000010,,5213
5064,65000010092,新北市,板橋區,中山里,Zhongshan Vil.,F,65000,F14,65000010,,5214
5065,65000010093,新北市,板橋區,復興里,Fuxing Vil.,F,65000,F14,65000010,,5215
5066,65000010094,新北市,板橋區,大安里,Da'an Vil.,F,65000,F14,65000010,,5216
5067,65000010095,新北市,板橋區,福安里,Fu'an Vil.,F,65000,F14,65000010,,5217
5068,65000010096,新北市,板橋區,聚安里,Ju'an Vil.,F,65000,F14,65000010,,5218
5069,65000010097,新北市,板橋區,龍安里,Long'an Vil.,F,65000,F14,65000010,,5219
5070,65000010098,新北市,板橋區,崑崙里,Kunlun Vil.,F,65000,F14,65000010,,5220
5071,65000010099,新北市,板橋區,溪洲里,Xizhou Vil.,F,65000,F14,65000010,,5221
5072,65000010100,新北市,板橋區,溪北里,Xibei Vil.,F,65000,F14,65000010,,5222
5073,65000010101,新北市,板橋區,香雅里,Xiangya Vil.,F,65000,F14,65000010,,5223
5074,65000010102,新北市,板橋區,新生里,Xinsheng Vil.,F,65000,F14,65000010,,5224
5075,65000010103,新北市,板橋區,文德里,Wende Vil.,F,65000,F14,65000010,,5225
5076,65000010104,新北市,板橋區,文化里,Wenhua Vil.,F,65000,F14,65000010,,5226
5077,65000010105,新北市,板橋區,新海里,Xinhai Vil.,F,65000,F14,65000010,,5227
5078,65000010106,新北市,板橋區,莒光里,Juguang Vil.,F,65000,F14,65000010,,5228
5079,65000010107,新北市,板橋區,富貴里,Fugui Vil.,F,65000,F14,65000010,,5229
5080,65000010108,新北市,板橋區,正泰里,Zhengtai Vil.,F,65000,F14,65000010,,5230
5081,65000010109,新北市,板橋區,民生里,Minsheng Vil.,F,65000,F14,65000010,,5231
5082,65000010110,新北市,板橋區,後埔里,Houpu Vil.,F,65000,F14,65000010,,5232
5083,65000010111,新北市,板橋區,華福里,Huafu Vil.,F,65000,F14,65000010,,5233
5084,65000010112,新北市,板橋區,堂春里,Tangchun Vil.,F,65000,F14,65000010,,5234
5085,65000010113,新北市,板橋區,成和里,Chenghe Vil.,F,65000,F14,65000010,,5235
5086,65000010114,新北市,板橋區,光榮里,Guangrong Vil.,F,65000,F14,65000010,,5236
5087,65000010115,新北市,板橋區,民安里,Min'an Vil.,F,65000,F14,65000010,,5237
5088,65000010116,新北市,板橋區,陽明里,Yangming Vil.,F,65000,F14,65000010,,5238
5089,65000010117,新北市,板橋區,朝陽里,Chaoyang Vil.,F,65000,F14,65000010,,5239
5090,65000010118,新北市,板橋區,松柏里,Songbo Vil.,F,65000,F14,65000010,,5240
5091,65000010119,新北市,板橋區,文聖里,Wensheng Vil.,F,65000,F14,65000010,,5241
5092,65000010120,新北市,板橋區,居仁里,Juren Vil.,F,65000,F14,65000010,,5242
5093,65000010121,新北市,板橋區,莊敬里,Zhuangjing Vil.,F,65000,F14,65000010,,5243
5094,65000010122,新北市,板橋區,東安里,Dong'an Vil.,F,65000,F14,65000010,,5244
5095,65000010123,新北市,板橋區,五權里,Wuquan Vil.,F,65000,F14,65000010,,5245
5096,65000010124,新北市,板橋區,溪福里,Xifu Vil.,F,65000,F14,65000010,,5246
5097,65000010125,新北市,板橋區,大觀里,Daguan Vil.,F,65000,F14,65000010,,5247
5098,65000010126,新北市,板橋區,歡園里,Huanyuan Vil.,F,65000,F14,65000010,,5248
5099,65000020001,新北市,三重區,大有里,Dayou Vil.,F,65000,F05,65000020,,5249
5100,65000020002,新北市,三重區,二重里,Erchong Vil.,F,65000,F05,65000020,,5250
5101,65000020003,新北市,三重區,頂崁里,Dingkan Vil.,F,65000,F05,65000020,,5251
5102,65000020004,新北市,三重區,谷王里,Guwang Vil.,F,65000,F05,65000020,,5252
5103,65000020005,新北市,三重區,中興里,Zhongxing Vil.,F,65000,F05,65000020,,5253
5104,65000020006,新北市,三重區,德厚里,Dehou Vil.,F,65000,F05,65000020,,5254
5105,65000020007,新北市,三重區,成功里,Chenggong Vil.,F,65000,F05,65000020,,5255
5106,65000020008,新北市,三重區,福祉里,Fuzhi Vil.,F,65000,F05,65000020,,5256
5107,65000020009,新北市,三重區,福民里,Fumin Vil.,F,65000,F05,65000020,,5257
5108,65000020010,新北市,三重區,過田里,Guotian Vil.,F,65000,F05,65000020,,5258
5109,65000020011,新北市,三重區,錦田里,Jintian Vil.,F,65000,F05,65000020,,5259
5110,65000020012,新北市,三重區,重明里,Chongming Vil.,F,65000,F05,65000020,,5260
5111,65000020013,新北市,三重區,光田里,Guangtian Vil.,F,65000,F05,65000020,,5261
5112,65000020014,新北市,三重區,光陽里,Guangyang Vil.,F,65000,F05,65000020,,5262
5113,65000020015,新北市,三重區,田心里,Tianxin Vil.,F,65000,F05,65000020,,5263
5114,65000020016,新北市,三重區,福田里,Futian Vil.,F,65000,F05,65000020,,5264
5115,65000020017,新北市,三重區,田中里,Tianzhong Vil.,F,65000,F05,65000020,,5265
5116,65000020018,新北市,三重區,田安里,Tian'an Vil.,F,65000,F05,65000020,,5266
5117,65000020019,新北市,三重區,三民里,Sanmin Vil.,F,65000,F05,65000020,,5267
5118,65000020020,新北市,三重區,光明里,Guangming Vil.,F,65000,F05,65000020,,5268
5119,65000020021,新北市,三重區,光正里,Guangzheng Vil.,F,65000,F05,65000020,,5269
5120,65000020022,新北市,三重區,同安里,Tong'an Vil.,F,65000,F05,65000020,,5270
5121,65000020023,新北市,三重區,同慶里,Tongqing Vil.,F,65000,F05,65000020,,5271
5122,65000020024,新北市,三重區,菜寮里,Cailiao Vil.,F,65000,F05,65000020,,5272
5123,65000020025,新北市,三重區,永春里,Yongchun Vil.,F,65000,F05,65000020,,5273
5124,65000020026,新北市,三重區,中正里,Zhongzheng Vil.,F,65000,F05,65000020,,5274
5125,65000020027,新北市,三重區,吉利里,Jili Vil.,F,65000,F05,65000020,,5275
5126,65000020028,新北市,三重區,大同里,Datong Vil.,F,65000,F05,65000020,,5276
5127,65000020029,新北市,三重區,中民里,Zhongmin Vil.,F,65000,F05,65000020,,5277
5128,65000020030,新北市,三重區,平和里,Pinghe Vil.,F,65000,F05,65000020,,5278
5129,65000020031,新北市,三重區,大安里,Da'an Vil.,F,65000,F05,65000020,,5279
5130,65000020032,新北市,三重區,仁德里,Rende Vil.,F,65000,F05,65000020,,5280
5131,65000020033,新北市,三重區,忠孝里,Zhongxiao Vil.,F,65000,F05,65000020,,5281
5132,65000020034,新北市,三重區,仁義里,Renyi Vil.,F,65000,F05,65000020,,5282
5133,65000020035,新北市,三重區,光榮里,Guangrong Vil.,F,65000,F05,65000020,,5283
5134,65000020036,新北市,三重區,光輝里,Guanghui Vil.,F,65000,F05,65000020,,5284
5135,65000020037,新北市,三重區,福星里,Fuxing Vil.,F,65000,F05,65000020,,5285
5136,65000020038,新北市,三重區,福利里,Fuli Vil.,F,65000,F05,65000020,,5286
5137,65000020039,新北市,三重區,清和里,Qinghe Vil.,F,65000,F05,65000020,,5287
5138,65000020040,新北市,三重區,永興里,Yongxing Vil.,F,65000,F05,65000020,,5288
5139,65000020041,新北市,三重區,中山里,Zhongshan Vil.,F,65000,F05,65000020,,5289
5140,65000020042,新北市,三重區,大園里,Dayuan Vil.,F,65000,F05,65000020,,5290
5141,65000020043,新北市,三重區,國隆里,Guolong Vil.,F,65000,F05,65000020,,5291
5142,65000020044,新北市,三重區,重陽里,Chongyang Vil.,F,65000,F05,65000020,,5292
5143,65000020045,新北市,三重區,民生里,Minsheng Vil.,F,65000,F05,65000020,,5293
5144,65000020046,新北市,三重區,重新里,Chongxin Vil.,F,65000,F05,65000020,,5294
5145,65000020047,新北市,三重區,正德里,Zhengde Vil.,F,65000,F05,65000020,,5295
5146,65000020048,新北市,三重區,正義里,Zhengyi Vil.,F,65000,F05,65000020,,5296
5147,65000020049,新北市,三重區,正安里,Zheng'an Vil.,F,65000,F05,65000020,,5297
5148,65000020050,新北市,三重區,自強里,Ziqiang Vil.,F,65000,F05,65000020,,5298
5149,65000020051,新北市,三重區,文化里,Wenhua Vil.,F,65000,F05,65000020,,5299
5150,65000020052,新北市,三重區,中央里,Zhongyang Vil.,F,65000,F05,65000020,,5300
5151,65000020053,新北市,三重區,雙園里,Shuangyuan Vil.,F,65000,F05,65000020,,5301
5152,65000020054,新北市,三重區,錦通里,Jintong Vil.,F,65000,F05,65000020,,5302
5153,65000020055,新北市,三重區,錦安里,Jin'an Vil.,F,65000,F05,65000020,,5303
5154,65000020056,新北市,三重區,長安里,Chang'an Vil.,F,65000,F05,65000020,,5304
5155,65000020057,新北市,三重區,光華里,Guanghua Vil.,F,65000,F05,65000020,,5305
5156,65000020058,新北市,三重區,長生里,Changsheng Vil.,F,65000,F05,65000020,,5306
5157,65000020059,新北市,三重區,開元里,Kaiyuan Vil.,F,65000,F05,65000020,,5307
5158,65000020060,新北市,三重區,大德里,Dade Vil.,F,65000,F05,65000020,,5308
5159,65000020061,新北市,三重區,長元里,Changyuan Vil.,F,65000,F05,65000020,,5309
5160,65000020062,新北市,三重區,長江里,Changjiang Vil.,F,65000,F05,65000020,,5310
5161,65000020063,新北市,三重區,長泰里,Changtai Vil.,F,65000,F05,65000020,,5311
5162,65000020064,新北市,三重區,長福里,Changfu Vil.,F,65000,F05,65000020,,5312
5163,65000020065,新北市,三重區,介壽里,Jieshou Vil.,F,65000,F05,65000020,,5313
5164,65000020066,新北市,三重區,萬壽里,Wanshou Vil.,F,65000,F05,65000020,,5314
5165,65000020067,新北市,三重區,錦江里,Jinjiang Vil.,F,65000,F05,65000020,,5315
5166,65000020068,新北市,三重區,龍濱里,Longbin Vil.,F,65000,F05,65000020,,5316
5167,65000020069,新北市,三重區,龍門里,Longmen Vil.,F,65000,F05,65000020,,5317
5168,65000020070,新北市,三重區,秀江里,Xiujiang Vil.,F,65000,F05,65000020,,5318
5169,65000020071,新北市,三重區,奕壽里,Yishou Vil.,F,65000,F05,65000020,,5319
5170,65000020072,新北市,三重區,三安里,San'an Vil.,F,65000,F05,65000020,,5320
5171,65000020073,新北市,三重區,福安里,Fu'an Vil.,F,65000,F05,65000020,,5321
5172,65000020074,新北市,三重區,信安里,Xin'an Vil.,F,65000,F05,65000020,,5322
5173,65000020075,新北市,三重區,安慶里,Anqing Vil.,F,65000,F05,65000020,,5323
5174,65000020076,新北市,三重區,幸福里,Xingfu Vil.,F,65000,F05,65000020,,5324
5175,65000020077,新北市,三重區,六合里,Liuhe Vil.,F,65000,F05,65000020,,5325
5176,65000020078,新北市,三重區,六福里,Liufu Vil.,F,65000,F05,65000020,,5326
5177,65000020079,新北市,三重區,順德里,Shunde Vil.,F,65000,F05,65000020,,5327
5178,65000020080,新北市,三重區,承德里,Chengde Vil.,F,65000,F05,65000020,,5328
5179,65000020081,新北市,三重區,瑞德里,Ruide Vil.,F,65000,F05,65000020,,5329
5180,65000020082,新北市,三重區,崇德里,Chongde Vil.,F,65000,F05,65000020,,5330
5181,65000020083,新北市,三重區,厚德里,Houde Vil.,F,65000,F05,65000020,,5331
5182,65000020084,新北市,三重區,維德里,Weide Vil.,F,65000,F05,65000020,,5332
5183,65000020085,新北市,三重區,尚德里,Shangde Vil.,F,65000,F05,65000020,,5333
5184,65000020086,新北市,三重區,培德里,Peide Vil.,F,65000,F05,65000020,,5334
5185,65000020087,新北市,三重區,永德里,Yongde Vil.,F,65000,F05,65000020,,5335
5186,65000020088,新北市,三重區,永盛里,Yongsheng Vil.,F,65000,F05,65000020,,5336
5187,65000020089,新北市,三重區,永福里,Yongfu Vil.,F,65000,F05,65000020,,5337
5188,65000020090,新北市,三重區,永清里,Yongqing Vil.,F,65000,F05,65000020,,5338
5189,65000020091,新北市,三重區,永安里,Yong'an Vil.,F,65000,F05,65000020,,5339
5190,65000020092,新北市,三重區,永煇里,Yonghui Vil.,F,65000,F05,65000020,,5340
5191,65000020093,新北市,三重區,溪美里,Ximei Vil.,F,65000,F05,65000020,,5341
5192,65000020094,新北市,三重區,福隆里,Fulong Vil.,F,65000,F05,65000020,,5342
5193,65000020095,新北市,三重區,五常里,Wuchang Vil.,F,65000,F05,65000020,,5343
5194,65000020096,新北市,三重區,五福里,Wufu Vil.,F,65000,F05,65000020,,5344
5195,65000020097,新北市,三重區,仁忠里,Renzhong Vil.,F,65000,F05,65000020,,5345
5196,65000020098,新北市,三重區,慈福里,Cifu Vil.,F,65000,F05,65000020,,5346
5197,65000020099,新北市,三重區,慈生里,Cisheng Vil.,F,65000,F05,65000020,,5347
5198,65000020100,新北市,三重區,慈惠里,Cihui Vil.,F,65000,F05,65000020,,5348
5199,65000020101,新北市,三重區,慈愛里,Ci'ai Vil.,F,65000,F05,65000020,,5349
5200,65000020102,新北市,三重區,慈化里,Cihua Vil.,F,65000,F05,65000020,,5350
5201,65000020103,新北市,三重區,慈祐里,Ciyou Vil.,F,65000,F05,65000020,,5351
5202,65000020104,新北市,三重區,五華里,Wuhua Vil.,F,65000,F05,65000020,,5352
5203,65000020105,新北市,三重區,富貴里,Fugui Vil.,F,65000,F05,65000020,,5353
5204,65000020106,新北市,三重區,富華里,Fuhua Vil.,F,65000,F05,65000020,,5354
5205,65000020107,新北市,三重區,富福里,Fufu Vil.,F,65000,F05,65000020,,5355
5206,65000020108,新北市,三重區,碧華里,Bihua Vil.,F,65000,F05,65000020,,5356
5207,65000020109,新北市,三重區,五谷里,Wugu Vil.,F,65000,F05,65000020,,5357
5208,65000020110,新北市,三重區,博愛里,Bo'ai Vil.,F,65000,F05,65000020,,5358
5209,65000020111,新北市,三重區,福德里,Fude Vil.,F,65000,F05,65000020,,5359
5210,65000020112,新北市,三重區,永吉里,Yongji Vil.,F,65000,F05,65000020,,5360
5211,65000020113,新北市,三重區,永發里,Yongfa Vil.,F,65000,F05,65000020,,5361
5212,65000020114,新北市,三重區,永順里,Yongshun Vil.,F,65000,F05,65000020,,5362
5213,65000020115,新北市,三重區,永豐里,Yongfeng Vil.,F,65000,F05,65000020,,5363
5214,65000020116,新北市,三重區,立德里,Lide Vil.,F,65000,F05,65000020,,5364
5215,65000020117,新北市,三重區,福樂里,Fule Vil.,F,65000,F05,65000020,,5365
5216,65000020118,新北市,三重區,仁華里,Renhua Vil.,F,65000,F05,65000020,,5366
5217,65000020119,新北市,三重區,五順里,Wushun Vil.,F,65000,F05,65000020,,5367
5218,65000020R01,新北市,三重區,,,F,65000,F05,65000020,未編定村里,5368
5219,65000030001,新北市,中和區,中原里,Zhongyuan Vil.,F,65000,F18,65000030,,5369
5220,65000030002,新北市,中和區,平河里,Pinghe Vil.,F,65000,F18,65000030,,5370
5221,65000030003,新北市,中和區,信和里,Xinhe Vil.,F,65000,F18,65000030,,5371
5222,65000030004,新北市,中和區,仁和里,Renhe Vil.,F,65000,F18,65000030,,5372
5223,65000030005,新北市,中和區,中正里,Zhongzheng Vil.,F,65000,F18,65000030,,5373
5224,65000030006,新北市,中和區,建和里,Jianhe Vil.,F,65000,F18,65000030,,5374
5225,65000030007,新北市,中和區,連和里,Lianhe Vil.,F,65000,F18,65000030,,5375
5226,65000030008,新北市,中和區,連城里,Liancheng Vil.,F,65000,F18,65000030,,5376
5227,65000030009,新北市,中和區,力行里,Lixing Vil.,F,65000,F18,65000030,,5377
5228,65000030010,新北市,中和區,枋寮里,Fangliao Vil.,F,65000,F18,65000030,,5378
5229,65000030011,新北市,中和區,漳和里,Zhanghe Vil.,F,65000,F18,65000030,,5379
5230,65000030012,新北市,中和區,廟美里,Miaomei Vil.,F,65000,F18,65000030,,5380
5231,65000030013,新北市,中和區,福真里,Fuzhen Vil.,F,65000,F18,65000030,,5381
5232,65000030014,新北市,中和區,福善里,Fushan Vil.,F,65000,F18,65000030,,5382
5233,65000030015,新北市,中和區,福美里,Fumei Vil.,F,65000,F18,65000030,,5383
5234,65000030016,新北市,中和區,福祥里,Fuxiang Vil.,F,65000,F18,65000030,,5384
5235,65000030017,新北市,中和區,瓦[磘]里,Wayao Vil.,F,65000,F18,65000030,,5385
5236,65000030018,新北市,中和區,福和里,Fuhe Vil.,F,65000,F18,65000030,,5386
5237,65000030019,新北市,中和區,佳和里,Jiahe Vil.,F,65000,F18,65000030,,5387
5238,65000030020,新北市,中和區,安樂里,Anle Vil.,F,65000,F18,65000030,,5388
5239,65000030021,新北市,中和區,安和里,Anhe Vil.,F,65000,F18,65000030,,5389
5240,65000030022,新北市,中和區,安平里,Anping Vil.,F,65000,F18,65000030,,5390
5241,65000030023,新北市,中和區,中安里,Zhong'an Vil.,F,65000,F18,65000030,,5391
5242,65000030024,新北市,中和區,泰安里,Tai'an Vil.,F,65000,F18,65000030,,5392
5243,65000030025,新北市,中和區,新南里,Xinnan Vil.,F,65000,F18,65000030,,5393
5244,65000030026,新北市,中和區,南山里,Nanshan Vil.,F,65000,F18,65000030,,5394
5245,65000030027,新北市,中和區,秀山里,Xiushan Vil.,F,65000,F18,65000030,,5395
5246,65000030028,新北市,中和區,秀成里,Xiucheng Vil.,F,65000,F18,65000030,,5396
5247,65000030029,新北市,中和區,秀福里,Xiufu Vil.,F,65000,F18,65000030,,5397
5248,65000030030,新北市,中和區,秀景里,Xiujing Vil.,F,65000,F18,65000030,,5398
5249,65000030031,新北市,中和區,秀明里,Xiuming Vil.,F,65000,F18,65000030,,5399
5250,65000030032,新北市,中和區,秀峰里,Xiufeng Vil.,F,65000,F18,65000030,,5400
5251,65000030033,新北市,中和區,秀仁里,Xiuren Vil.,F,65000,F18,65000030,,5401
5252,65000030034,新北市,中和區,頂南里,Dingnan Vil.,F,65000,F18,65000030,,5402
5253,65000030035,新北市,中和區,華新里,Huaxin Vil.,F,65000,F18,65000030,,5403
5254,65000030036,新北市,中和區,東南里,Dongnan Vil.,F,65000,F18,65000030,,5404
5255,65000030037,新北市,中和區,華南里,Huanan Vil.,F,65000,F18,65000030,,5405
5256,65000030038,新北市,中和區,忠孝里,Zhongxiao Vil.,F,65000,F18,65000030,,5406
5257,65000030039,新北市,中和區,崇南里,Chongnan Vil.,F,65000,F18,65000030,,5407
5258,65000030040,新北市,中和區,景南里,Jingnan Vil.,F,65000,F18,65000030,,5408
5259,65000030041,新北市,中和區,橫路里,Henglu Vil.,F,65000,F18,65000030,,5409
5260,65000030042,新北市,中和區,內南里,Neinan Vil.,F,65000,F18,65000030,,5410
5261,65000030043,新北市,中和區,壽南里,Shounan Vil.,F,65000,F18,65000030,,5411
5262,65000030044,新北市,中和區,外南里,Wainan Vil.,F,65000,F18,65000030,,5412
5263,65000030045,新北市,中和區,復興里,Fuxing Vil.,F,65000,F18,65000030,,5413
5264,65000030046,新北市,中和區,和興里,Hexing Vil.,F,65000,F18,65000030,,5414
5265,65000030047,新北市,中和區,景平里,Jingping Vil.,F,65000,F18,65000030,,5415
5266,65000030048,新北市,中和區,景新里,Jingxin Vil.,F,65000,F18,65000030,,5416
5267,65000030049,新北市,中和區,景福里,Jingfu Vil.,F,65000,F18,65000030,,5417
5268,65000030050,新北市,中和區,景安里,Jing'an Vil.,F,65000,F18,65000030,,5418
5269,65000030051,新北市,中和區,景文里,Jingwen Vil.,F,65000,F18,65000030,,5419
5270,65000030052,新北市,中和區,錦和里,Jinhe Vil.,F,65000,F18,65000030,,5420
5271,65000030053,新北市,中和區,錦昌里,Jinchang Vil.,F,65000,F18,65000030,,5421
5272,65000030054,新北市,中和區,灰[磘]里,Huiyao Vil.,F,65000,F18,65000030,,5422
5273,65000030055,新北市,中和區,積穗里,Jisui Vil.,F,65000,F18,65000030,,5423
5274,65000030056,新北市,中和區,民享里,Minxiang Vil.,F,65000,F18,65000030,,5424
5275,65000030057,新北市,中和區,員山里,Yuanshan Vil.,F,65000,F18,65000030,,5425
5276,65000030058,新北市,中和區,嘉穗里,Jiasui Vil.,F,65000,F18,65000030,,5426
5277,65000030059,新北市,中和區,文元里,Wenyuan Vil.,F,65000,F18,65000030,,5427
5278,65000030060,新北市,中和區,嘉新里,Jiaxin Vil.,F,65000,F18,65000030,,5428
5279,65000030061,新北市,中和區,民安里,Min'an Vil.,F,65000,F18,65000030,,5429
5280,65000030062,新北市,中和區,安穗里,Ansui Vil.,F,65000,F18,65000030,,5430
5281,65000030063,新北市,中和區,瑞穗里,Ruisui Vil.,F,65000,F18,65000030,,5431
5282,65000030064,新北市,中和區,明穗里,Mingsui Vil.,F,65000,F18,65000030,,5432
5283,65000030065,新北市,中和區,清穗里,Qingsui Vil.,F,65000,F18,65000030,,5433
5284,65000030066,新北市,中和區,自強里,Ziqiang Vil.,F,65000,F18,65000030,,5434
5285,65000030067,新北市,中和區,德穗里,Desui Vil.,F,65000,F18,65000030,,5435
5286,65000030068,新北市,中和區,民生里,Minsheng Vil.,F,65000,F18,65000030,,5436
5287,65000030069,新北市,中和區,國光里,Guoguang Vil.,F,65000,F18,65000030,,5437
5288,65000030070,新北市,中和區,壽德里,Shoude Vil.,F,65000,F18,65000030,,5438
5289,65000030071,新北市,中和區,明德里,Mingde Vil.,F,65000,F18,65000030,,5439
5290,65000030072,新北市,中和區,秀水里,Xiushui Vil.,F,65000,F18,65000030,,5440
5291,65000030073,新北市,中和區,德行里,Dexing Vil.,F,65000,F18,65000030,,5441
5292,65000030074,新北市,中和區,宜安里,Yi'an Vil.,F,65000,F18,65000030,,5442
5293,65000030075,新北市,中和區,安順里,Anshun Vil.,F,65000,F18,65000030,,5443
5294,65000030076,新北市,中和區,秀義里,Xiuyi Vil.,F,65000,F18,65000030,,5444
5295,65000030077,新北市,中和區,秀士里,Xiushi Vil.,F,65000,F18,65000030,,5445
5296,65000030078,新北市,中和區,興南里,Xingnan Vil.,F,65000,F18,65000030,,5446
5297,65000030079,新北市,中和區,景本里,Jingben Vil.,F,65000,F18,65000030,,5447
5298,65000030080,新北市,中和區,福南里,Funan Vil.,F,65000,F18,65000030,,5448
5299,65000030081,新北市,中和區,中興里,Zhongxing Vil.,F,65000,F18,65000030,,5449
5300,65000030082,新北市,中和區,吉興里,Jixing Vil.,F,65000,F18,65000030,,5450
5301,65000030083,新北市,中和區,中山里,Zhongshan Vil.,F,65000,F18,65000030,,5451
5302,65000030084,新北市,中和區,碧河里,Bihe Vil.,F,65000,F18,65000030,,5452
5303,65000030085,新北市,中和區,錦中里,Jinzhong Vil.,F,65000,F18,65000030,,5453
5304,65000030086,新北市,中和區,錦盛里,Jinsheng Vil.,F,65000,F18,65000030,,5454
5305,65000030087,新北市,中和區,民有里,Minyou Vil.,F,65000,F18,65000030,,5455
5306,65000030088,新北市,中和區,員富里,Yuanfu Vil.,F,65000,F18,65000030,,5456
5307,65000030089,新北市,中和區,嘉慶里,Jiaqing Vil.,F,65000,F18,65000030,,5457
5308,65000030090,新北市,中和區,冠穗里,Guansui Vil.,F,65000,F18,65000030,,5458
5309,65000030091,新北市,中和區,國華里,Guohua Vil.,F,65000,F18,65000030,,5459
5310,65000030092,新北市,中和區,正南里,Zhengnan Vil.,F,65000,F18,65000030,,5460
5311,65000030093,新北市,中和區,正行里,Zhengxing Vil.,F,65000,F18,65000030,,5461
5312,65000040001,新北市,永和區,福林里,Fulin Vil.,F,65000,F33,65000040,,5462
5313,65000040002,新北市,永和區,文化里,Wenhua Vil.,F,65000,F33,65000040,,5463
5314,65000040003,新北市,永和區,豫溪里,Yuxi Vil.,F,65000,F33,65000040,,5464
5315,65000040004,新北市,永和區,光明里,Guangming Vil.,F,65000,F33,65000040,,5465
5316,65000040005,新北市,永和區,仁愛里,Ren'ai Vil.,F,65000,F33,65000040,,5466
5317,65000040006,新北市,永和區,永貞里,Yongzhen Vil.,F,65000,F33,65000040,,5467
5318,65000040007,新北市,永和區,永福里,Yongfu Vil.,F,65000,F33,65000040,,5468
5319,65000040008,新北市,永和區,民治里,Minzhi Vil.,F,65000,F33,65000040,,5469
5320,65000040009,新北市,永和區,永成里,Yongcheng Vil.,F,65000,F33,65000040,,5470
5321,65000040010,新北市,永和區,忠義里,Zhongyi Vil.,F,65000,F33,65000040,,5471
5322,65000040011,新北市,永和區,永元里,Yongyuan Vil.,F,65000,F33,65000040,,5472
5323,65000040012,新北市,永和區,秀林里,Xiulin Vil.,F,65000,F33,65000040,,5473
5324,65000040013,新北市,永和區,保安里,Bao'an Vil.,F,65000,F33,65000040,,5474
5325,65000040014,新北市,永和區,中溪里,Zhongxi Vil.,F,65000,F33,65000040,,5475
5326,65000040015,新北市,永和區,永安里,Yong'an Vil.,F,65000,F33,65000040,,5476
5327,65000040016,新北市,永和區,民族里,Minzu Vil.,F,65000,F33,65000040,,5477
5328,65000040017,新北市,永和區,民權里,Minquan Vil.,F,65000,F33,65000040,,5478
5329,65000040018,新北市,永和區,中興里,Zhongxing Vil.,F,65000,F33,65000040,,5479
5330,65000040019,新北市,永和區,勵行里,Lixing Vil.,F,65000,F33,65000040,,5480
5331,65000040020,新北市,永和區,秀朗里,Xiulang Vil.,F,65000,F33,65000040,,5481
5332,65000040021,新北市,永和區,秀成里,Xiucheng Vil.,F,65000,F33,65000040,,5482
5333,65000040022,新北市,永和區,上溪里,Shangxi Vil.,F,65000,F33,65000040,,5483
5334,65000040023,新北市,永和區,竹林里,Zhulin Vil.,F,65000,F33,65000040,,5484
5335,65000040024,新北市,永和區,雙和里,Shuanghe Vil.,F,65000,F33,65000040,,5485
5336,65000040025,新北市,永和區,安和里,Anhe Vil.,F,65000,F33,65000040,,5486
5337,65000040026,新北市,永和區,水源里,Shuiyuan Vil.,F,65000,F33,65000040,,5487
5338,65000040027,新北市,永和區,協和里,Xiehe Vil.,F,65000,F33,65000040,,5488
5339,65000040028,新北市,永和區,河堤里,Heti Vil.,F,65000,F33,65000040,,5489
5340,65000040029,新北市,永和區,頂溪里,Dingxi Vil.,F,65000,F33,65000040,,5490
5341,65000040030,新北市,永和區,潭墘里,Tanqian Vil.,F,65000,F33,65000040,,5491
5342,65000040031,新北市,永和區,潭安里,Tan'an Vil.,F,65000,F33,65000040,,5492
5343,65000040032,新北市,永和區,大新里,Daxin Vil.,F,65000,F33,65000040,,5493
5344,65000040033,新北市,永和區,保平里,Baoping Vil.,F,65000,F33,65000040,,5494
5345,65000040034,新北市,永和區,民本里,Minben Vil.,F,65000,F33,65000040,,5495
5346,65000040035,新北市,永和區,民樂里,Minle Vil.,F,65000,F33,65000040,,5496
5347,65000040036,新北市,永和區,光復里,Guangfu Vil.,F,65000,F33,65000040,,5497
5348,65000040037,新北市,永和區,復興里,Fuxing Vil.,F,65000,F33,65000040,,5498
5349,65000040038,新北市,永和區,福和里,Fuhe Vil.,F,65000,F33,65000040,,5499
5350,65000040039,新北市,永和區,得和里,Dehe Vil.,F,65000,F33,65000040,,5500
5351,65000040040,新北市,永和區,智光里,Zhiguang Vil.,F,65000,F33,65000040,,5501
5352,65000040041,新北市,永和區,新生里,Xinsheng Vil.,F,65000,F33,65000040,,5502
5353,65000040042,新北市,永和區,大同里,Datong Vil.,F,65000,F33,65000040,,5503
5354,65000040043,新北市,永和區,前溪里,Qianxi Vil.,F,65000,F33,65000040,,5504
5355,65000040044,新北市,永和區,和平里,Heping Vil.,F,65000,F33,65000040,,5505
5356,65000040045,新北市,永和區,新廍里,Xinbu Vil.,F,65000,F33,65000040,,5506
5357,65000040046,新北市,永和區,下溪里,Xiaxi Vil.,F,65000,F33,65000040,,5507
5358,65000040047,新北市,永和區,秀和里,Xiuhe Vil.,F,65000,F33,65000040,,5508
5359,65000040048,新北市,永和區,河濱里,Hebin Vil.,F,65000,F33,65000040,,5509
5360,65000040049,新北市,永和區,民生里,Minsheng Vil.,F,65000,F33,65000040,,5510
5361,65000040050,新北市,永和區,秀得里,Xiude Vil.,F,65000,F33,65000040,,5511
5362,65000040051,新北市,永和區,上林里,Shanglin Vil.,F,65000,F33,65000040,,5512
5363,65000040052,新北市,永和區,網溪里,Wangxi Vil.,F,65000,F33,65000040,,5513
5364,65000040053,新北市,永和區,正興里,Zhengxing Vil.,F,65000,F33,65000040,,5514
5365,65000040054,新北市,永和區,永興里,Yongxing Vil.,F,65000,F33,65000040,,5515
5366,65000040055,新北市,永和區,桂林里,Guilin Vil.,F,65000,F33,65000040,,5516
5367,65000040056,新北市,永和區,店街里,Dianjie Vil.,F,65000,F33,65000040,,5517
5368,65000040057,新北市,永和區,信義里,Xinyi Vil.,F,65000,F33,65000040,,5518
5369,65000040058,新北市,永和區,後溪里,Houxi Vil.,F,65000,F33,65000040,,5519
5370,65000040059,新北市,永和區,民富里,Minfu Vil.,F,65000,F33,65000040,,5520
5371,65000040060,新北市,永和區,秀元里,Xiuyuan Vil.,F,65000,F33,65000040,,5521
5372,65000040061,新北市,永和區,永樂里,Yongle Vil.,F,65000,F33,65000040,,5522
5373,65000040062,新北市,永和區,保順里,Baoshun Vil.,F,65000,F33,65000040,,5523
5374,65000040R01,新北市,永和區,,,F,65000,F33,65000040,未編定村里,5524
5375,65000050001,新北市,新莊區,海山里,Haishan Vil.,F,65000,F01,65000050,,5525
5376,65000050002,新北市,新莊區,頭前里,Touqian Vil.,F,65000,F01,65000050,,5526
5377,65000050003,新北市,新莊區,國泰里,Guotai Vil.,F,65000,F01,65000050,,5527
5378,65000050004,新北市,新莊區,全安里,Quan'an Vil.,F,65000,F01,65000050,,5528
5379,65000050005,新北市,新莊區,福基里,Fuji Vil.,F,65000,F01,65000050,,5529
5380,65000050006,新北市,新莊區,豐年里,Fengnian Vil.,F,65000,F01,65000050,,5530
5381,65000050007,新北市,新莊區,忠孝里,Zhongxiao Vil.,F,65000,F01,65000050,,5531
5382,65000050008,新北市,新莊區,恆安里,Heng'an Vil.,F,65000,F01,65000050,,5532
5383,65000050009,新北市,新莊區,後港里,Hougang Vil.,F,65000,F01,65000050,,5533
5384,65000050010,新北市,新莊區,文衡里,Wenheng Vil.,F,65000,F01,65000050,,5534
5385,65000050011,新北市,新莊區,中美里,Zhongmei Vil.,F,65000,F01,65000050,,5535
5386,65000050012,新北市,新莊區,八德里,Bade Vil.,F,65000,F01,65000050,,5536
5387,65000050013,新北市,新莊區,興漢里,Xinghan Vil.,F,65000,F01,65000050,,5537
5388,65000050014,新北市,新莊區,中和里,Zhonghe Vil.,F,65000,F01,65000050,,5538
5389,65000050015,新北市,新莊區,西盛里,Xisheng Vil.,F,65000,F01,65000050,,5539
5390,65000050016,新北市,新莊區,榮和里,Ronghe Vil.,F,65000,F01,65000050,,5540
5391,65000050017,新北市,新莊區,中泰里,Zhongtai Vil.,F,65000,F01,65000050,,5541
5392,65000050018,新北市,新莊區,瓊林里,Qionglin Vil.,F,65000,F01,65000050,,5542
5393,65000050019,新北市,新莊區,文德里,Wende Vil.,F,65000,F01,65000050,,5543
5394,65000050020,新北市,新莊區,中誠里,Zhongcheng Vil.,F,65000,F01,65000050,,5544
5395,65000050021,新北市,新莊區,裕民里,Yumin Vil.,F,65000,F01,65000050,,5545
5396,65000050022,新北市,新莊區,文明里,Wenming Vil.,F,65000,F01,65000050,,5546
5397,65000050023,新北市,新莊區,中港里,Zhonggang Vil.,F,65000,F01,65000050,,5547
5398,65000050024,新北市,新莊區,富國里,Fuguo Vil.,F,65000,F01,65000050,,5548
5399,65000050025,新北市,新莊區,思源里,Siyuan Vil.,F,65000,F01,65000050,,5549
5400,65000050026,新北市,新莊區,立人里,Liren Vil.,F,65000,F01,65000050,,5550
5401,65000050027,新北市,新莊區,南港里,Nangang Vil.,F,65000,F01,65000050,,5551
5402,65000050028,新北市,新莊區,仁愛里,Ren'ai Vil.,F,65000,F01,65000050,,5552
5403,65000050029,新北市,新莊區,立德里,Lide Vil.,F,65000,F01,65000050,,5553
5404,65000050030,新北市,新莊區,信義里,Xinyi Vil.,F,65000,F01,65000050,,5554
5405,65000050031,新北市,新莊區,立言里,Liyan Vil.,F,65000,F01,65000050,,5555
5406,65000050032,新北市,新莊區,民安里,Min'an Vil.,F,65000,F01,65000050,,5556
5407,65000050033,新北市,新莊區,和平里,Heping Vil.,F,65000,F01,65000050,,5557
5408,65000050034,新北市,新莊區,立功里,Ligong Vil.,F,65000,F01,65000050,,5558
5409,65000050035,新北市,新莊區,民本里,Minben Vil.,F,65000,F01,65000050,,5559
5410,65000050036,新北市,新莊區,化成里,Huacheng Vil.,F,65000,F01,65000050,,5560
5411,65000050037,新北市,新莊區,立志里,Lizhi Vil.,F,65000,F01,65000050,,5561
5412,65000050038,新北市,新莊區,光華里,Guanghua Vil.,F,65000,F01,65000050,,5562
5413,65000050039,新北市,新莊區,思賢里,Sixian Vil.,F,65000,F01,65000050,,5563
5414,65000050040,新北市,新莊區,營盤里,Yingpan Vil.,F,65000,F01,65000050,,5564
5415,65000050041,新北市,新莊區,光榮里,Guangrong Vil.,F,65000,F01,65000050,,5565
5416,65000050042,新北市,新莊區,自強里,Ziqiang Vil.,F,65000,F01,65000050,,5566
5417,65000050043,新北市,新莊區,丹鳳里,Danfeng Vil.,F,65000,F01,65000050,,5567
5418,65000050044,新北市,新莊區,光明里,Guangming Vil.,F,65000,F01,65000050,,5568
5419,65000050045,新北市,新莊區,自立里,Zili Vil.,F,65000,F01,65000050,,5569
5420,65000050046,新北市,新莊區,合鳳里,Hefeng Vil.,F,65000,F01,65000050,,5570
5421,65000050047,新北市,新莊區,幸福里,Xingfu Vil.,F,65000,F01,65000050,,5571
5422,65000050048,新北市,新莊區,雙鳳里,Shuangfeng Vil.,F,65000,F01,65000050,,5572
5423,65000050049,新北市,新莊區,自信里,Zixin Vil.,F,65000,F01,65000050,,5573
5424,65000050050,新北市,新莊區,龍鳳里,Longfeng Vil.,F,65000,F01,65000050,,5574
5425,65000050051,新北市,新莊區,中華里,Zhonghua Vil.,F,65000,F01,65000050,,5575
5426,65000050052,新北市,新莊區,中隆里,Zhonglong Vil.,F,65000,F01,65000050,,5576
5427,65000050053,新北市,新莊區,中原里,Zhongyuan Vil.,F,65000,F01,65000050,,5577
5428,65000050054,新北市,新莊區,中信里,Zhongxin Vil.,F,65000,F01,65000050,,5578
5429,65000050055,新北市,新莊區,四維里,Siwei Vil.,F,65000,F01,65000050,,5579
5430,65000050056,新北市,新莊區,建福里,Jianfu Vil.,F,65000,F01,65000050,,5580
5431,65000050057,新北市,新莊區,中宏里,Zhonghong Vil.,F,65000,F01,65000050,,5581
5432,65000050058,新北市,新莊區,中全里,Zhongquan Vil.,F,65000,F01,65000050,,5582
5433,65000050059,新北市,新莊區,立泰里,Litai Vil.,F,65000,F01,65000050,,5583
5434,65000050060,新北市,新莊區,全泰里,Quantai Vil.,F,65000,F01,65000050,,5584
5435,65000050061,新北市,新莊區,仁義里,Renyi Vil.,F,65000,F01,65000050,,5585
5436,65000050062,新北市,新莊區,立基里,Liji Vil.,F,65000,F01,65000050,,5586
5437,65000050063,新北市,新莊區,昌明里,Changming Vil.,F,65000,F01,65000050,,5587
5438,65000050064,新北市,新莊區,昌平里,Changping Vil.,F,65000,F01,65000050,,5588
5439,65000050065,新北市,新莊區,文聖里,Wensheng Vil.,F,65000,F01,65000050,,5589
5440,65000050066,新北市,新莊區,萬安里,Wan'an Vil.,F,65000,F01,65000050,,5590
5441,65000050067,新北市,新莊區,龍安里,Long'an Vil.,F,65000,F01,65000050,,5591
5442,65000050068,新北市,新莊區,福營里,Fuying Vil.,F,65000,F01,65000050,,5592
5443,65000050069,新北市,新莊區,後德里,Houde Vil.,F,65000,F01,65000050,,5593
5444,65000050070,新北市,新莊區,建安里,Jian'an Vil.,F,65000,F01,65000050,,5594
5445,65000050071,新北市,新莊區,成德里,Chengde Vil.,F,65000,F01,65000050,,5595
5446,65000050072,新北市,新莊區,福興里,Fuxing Vil.,F,65000,F01,65000050,,5596
5447,65000050073,新北市,新莊區,昌信里,Changxin Vil.,F,65000,F01,65000050,,5597
5448,65000050074,新北市,新莊區,昌隆里,Changlong Vil.,F,65000,F01,65000050,,5598
5449,65000050075,新北市,新莊區,中平里,Zhongping Vil.,F,65000,F01,65000050,,5599
5450,65000050076,新北市,新莊區,立廷里,Liting Vil.,F,65000,F01,65000050,,5600
5451,65000050077,新北市,新莊區,泰豐里,Taifeng Vil.,F,65000,F01,65000050,,5601
5452,65000050078,新北市,新莊區,富民里,Fumin Vil.,F,65000,F01,65000050,,5602
5453,65000050079,新北市,新莊區,龍福里,Longfu Vil.,F,65000,F01,65000050,,5603
5454,65000050080,新北市,新莊區,祥鳳里,Xiangfeng Vil.,F,65000,F01,65000050,,5604
5455,65000050081,新北市,新莊區,民全里,Minquan Vil.,F,65000,F01,65000050,,5605
5456,65000050082,新北市,新莊區,民有里,Minyou Vil.,F,65000,F01,65000050,,5606
5457,65000050083,新北市,新莊區,光正里,Guangzheng Vil.,F,65000,F01,65000050,,5607
5458,65000050084,新北市,新莊區,光和里,Guanghe Vil.,F,65000,F01,65000050,,5608
5459,65000060001,新北市,新店區,國豐里,Guofeng Vil.,F,65000,F07,65000060,,5609
5460,65000060002,新北市,新店區,明德里,Mingde Vil.,F,65000,F07,65000060,,5610
5461,65000060003,新北市,新店區,大豐里,Dafeng Vil.,F,65000,F07,65000060,,5611
5462,65000060004,新北市,新店區,大同里,Datong Vil.,F,65000,F07,65000060,,5612
5463,65000060005,新北市,新店區,江陵里,Jiangling Vil.,F,65000,F07,65000060,,5613
5464,65000060006,新北市,新店區,寶興里,Baoxing Vil.,F,65000,F07,65000060,,5614
5465,65000060007,新北市,新店區,寶安里,Bao'an Vil.,F,65000,F07,65000060,,5615
5466,65000060008,新北市,新店區,信義里,Xinyi Vil.,F,65000,F07,65000060,,5616
5467,65000060009,新北市,新店區,忠孝里,Zhongxiao Vil.,F,65000,F07,65000060,,5617
5468,65000060010,新北市,新店區,大鵬里,Dapeng Vil.,F,65000,F07,65000060,,5618
5469,65000060011,新北市,新店區,太平里,Taiping Vil.,F,65000,F07,65000060,,5619
5470,65000060012,新北市,新店區,頂城里,Dingcheng Vil.,F,65000,F07,65000060,,5620
5471,65000060013,新北市,新店區,下城里,Xiacheng Vil.,F,65000,F07,65000060,,5621
5472,65000060014,新北市,新店區,柴埕里,Chaicheng Vil.,F,65000,F07,65000060,,5622
5473,65000060015,新北市,新店區,永安里,Yong'an Vil.,F,65000,F07,65000060,,5623
5474,65000060016,新北市,新店區,公崙里,Gonglun Vil.,F,65000,F07,65000060,,5624
5475,65000060017,新北市,新店區,德安里,De'an Vil.,F,65000,F07,65000060,,5625
5476,65000060018,新北市,新店區,雙城里,Shuangcheng Vil.,F,65000,F07,65000060,,5626
5477,65000060019,新北市,新店區,日興里,Rixing Vil.,F,65000,F07,65000060,,5627
5478,65000060020,新北市,新店區,玫瑰里,Meigui Vil.,F,65000,F07,65000060,,5628
5479,65000060021,新北市,新店區,塗潭里,Tutan Vil.,F,65000,F07,65000060,,5629
5480,65000060022,新北市,新店區,美潭里,Meitan Vil.,F,65000,F07,65000060,,5630
5481,65000060023,新北市,新店區,員潭里,Yuantan Vil.,F,65000,F07,65000060,,5631
5482,65000060024,新北市,新店區,雙坑里,Shuangkeng Vil.,F,65000,F07,65000060,,5632
5483,65000060025,新北市,新店區,粗坑里,Cukeng Vil.,F,65000,F07,65000060,,5633
5484,65000060026,新北市,新店區,屈尺里,Quchi Vil.,F,65000,F07,65000060,,5634
5485,65000060027,新北市,新店區,龜山里,Guishan Vil.,F,65000,F07,65000060,,5635
5486,65000060028,新北市,新店區,廣興里,Guangxing Vil.,F,65000,F07,65000060,,5636
5487,65000060029,新北市,新店區,直潭里,Zhitan Vil.,F,65000,F07,65000060,,5637
5488,65000060030,新北市,新店區,青潭里,Qingtan Vil.,F,65000,F07,65000060,,5638
5489,65000060031,新北市,新店區,新店里,Xindian Vil.,F,65000,F07,65000060,,5639
5490,65000060032,新北市,新店區,張南里,Zhangnan Vil.,F,65000,F07,65000060,,5640
5491,65000060033,新北市,新店區,國校里,Guoxiao Vil.,F,65000,F07,65000060,,5641
5492,65000060034,新北市,新店區,文中里,Wenzhong Vil.,F,65000,F07,65000060,,5642
5493,65000060035,新北市,新店區,廣明里,Guangming Vil.,F,65000,F07,65000060,,5643
5494,65000060036,新北市,新店區,文明里,Wenming Vil.,F,65000,F07,65000060,,5644
5495,65000060037,新北市,新店區,中興里,Zhongxing Vil.,F,65000,F07,65000060,,5645
5496,65000060038,新北市,新店區,新生里,Xinsheng Vil.,F,65000,F07,65000060,,5646
5497,65000060039,新北市,新店區,新德里,Xinde Vil.,F,65000,F07,65000060,,5647
5498,65000060040,新北市,新店區,張北里,Zhangbei Vil.,F,65000,F07,65000060,,5648
5499,65000060041,新北市,新店區,五峯里,Wufeng Vil.,F,65000,F07,65000060,,5649
5500,65000060042,新北市,新店區,新安里,Xin'an Vil.,F,65000,F07,65000060,,5650
5501,65000060043,新北市,新店區,忠誠里,Zhongcheng Vil.,F,65000,F07,65000060,,5651
5502,65000060044,新北市,新店區,中正里,Zhongzheng Vil.,F,65000,F07,65000060,,5652
5503,65000060045,新北市,新店區,中華里,Zhonghua Vil.,F,65000,F07,65000060,,5653
5504,65000060046,新北市,新店區,仁愛里,Ren'ai Vil.,F,65000,F07,65000060,,5654
5505,65000060047,新北市,新店區,百忍里,Bairen Vil.,F,65000,F07,65000060,,5655
5506,65000060048,新北市,新店區,百和里,Baihe Vil.,F,65000,F07,65000060,,5656
5507,65000060049,新北市,新店區,福德里,Fude Vil.,F,65000,F07,65000060,,5657
5508,65000060050,新北市,新店區,百福里,Baifu Vil.,F,65000,F07,65000060,,5658
5509,65000060051,新北市,新店區,福民里,Fumin Vil.,F,65000,F07,65000060,,5659
5510,65000060052,新北市,新店區,中山里,Zhongshan Vil.,F,65000,F07,65000060,,5660
5511,65000060053,新北市,新店區,和平里,Heping Vil.,F,65000,F07,65000060,,5661
5512,65000060054,新北市,新店區,中央里,Zhongyang Vil.,F,65000,F07,65000060,,5662
5513,65000060055,新北市,新店區,明城里,Mingcheng Vil.,F,65000,F07,65000060,,5663
5514,65000060056,新北市,新店區,安和里,Anhe Vil.,F,65000,F07,65000060,,5664
5515,65000060057,新北市,新店區,吉祥里,Jixiang Vil.,F,65000,F07,65000060,,5665
5516,65000060058,新北市,新店區,寶福里,Baofu Vil.,F,65000,F07,65000060,,5666
5517,65000060059,新北市,新店區,小城里,Xiaocheng Vil.,F,65000,F07,65000060,,5667
5518,65000060060,新北市,新店區,香坡里,Xiangpo Vil.,F,65000,F07,65000060,,5668
5519,65000060061,新北市,新店區,建國里,Jianguo Vil.,F,65000,F07,65000060,,5669
5520,65000060062,新北市,新店區,復興里,Fuxing Vil.,F,65000,F07,65000060,,5670
5521,65000060063,新北市,新店區,美城里,Meicheng Vil.,F,65000,F07,65000060,,5671
5522,65000060064,新北市,新店區,安昌里,Anchang Vil.,F,65000,F07,65000060,,5672
5523,65000060065,新北市,新店區,長春里,Changchun Vil.,F,65000,F07,65000060,,5673
5524,65000060066,新北市,新店區,新和里,Xinhe Vil.,F,65000,F07,65000060,,5674
5525,65000060067,新北市,新店區,永平里,Yongping Vil.,F,65000,F07,65000060,,5675
5526,65000060068,新北市,新店區,達觀里,Daguan Vil.,F,65000,F07,65000060,,5676
5527,65000060069,新北市,新店區,華城里,Huacheng Vil.,F,65000,F07,65000060,,5677
5528,65000070001,新北市,樹林區,三多里,Sanduo Vil.,F,65000,F17,65000070,,5678
5529,65000070002,新北市,樹林區,三福里,Sanfu Vil.,F,65000,F17,65000070,,5679
5530,65000070003,新北市,樹林區,三興里,Sanxing Vil.,F,65000,F17,65000070,,5680
5531,65000070004,新北市,樹林區,圳安里,Zun'an Vil.,F,65000,F17,65000070,,5681
5532,65000070005,新北市,樹林區,保安里,Bao'an Vil.,F,65000,F17,65000070,,5682
5533,65000070006,新北市,樹林區,潭底里,Tandi Vil.,F,65000,F17,65000070,,5683
5534,65000070007,新北市,樹林區,[獇]寮里,Qiangliao Vil.,F,65000,F17,65000070,,5684
5535,65000070008,新北市,樹林區,樹德里,Shude Vil.,F,65000,F17,65000070,,5685
5536,65000070009,新北市,樹林區,樹西里,Shuxi Vil.,F,65000,F17,65000070,,5686
5537,65000070010,新北市,樹林區,樹南里,Shunan Vil.,F,65000,F17,65000070,,5687
5538,65000070011,新北市,樹林區,樹人里,Shuren Vil.,F,65000,F17,65000070,,5688
5539,65000070012,新北市,樹林區,坡內里,Ponei Vil.,F,65000,F17,65000070,,5689
5540,65000070013,新北市,樹林區,樹東里,Shudong Vil.,F,65000,F17,65000070,,5690
5541,65000070014,新北市,樹林區,大同里,Datong Vil.,F,65000,F17,65000070,,5691
5542,65000070015,新北市,樹林區,和平里,Heping Vil.,F,65000,F17,65000070,,5692
5543,65000070016,新北市,樹林區,彭厝里,Pengcuo Vil.,F,65000,F17,65000070,,5693
5544,65000070017,新北市,樹林區,彭福里,Pengfu Vil.,F,65000,F17,65000070,,5694
5545,65000070018,新北市,樹林區,東山里,Dongshan Vil.,F,65000,F17,65000070,,5695
5546,65000070019,新北市,樹林區,東陽里,Dongyang Vil.,F,65000,F17,65000070,,5696
5547,65000070020,新北市,樹林區,東昇里,Dongsheng Vil.,F,65000,F17,65000070,,5697
5548,65000070021,新北市,樹林區,樂山里,Leshan Vil.,F,65000,F17,65000070,,5698
5549,65000070022,新北市,樹林區,東園里,Dongyuan Vil.,F,65000,F17,65000070,,5699
5550,65000070023,新北市,樹林區,西園里,Xiyuan Vil.,F,65000,F17,65000070,,5700
5551,65000070024,新北市,樹林區,南園里,Nanyuan Vil.,F,65000,F17,65000070,,5701
5552,65000070025,新北市,樹林區,北園里,Beiyuan Vil.,F,65000,F17,65000070,,5702
5553,65000070026,新北市,樹林區,柑園里,Ganyuan Vil.,F,65000,F17,65000070,,5703
5554,65000070027,新北市,樹林區,樹北里,Shubei Vil.,F,65000,F17,65000070,,5704
5555,65000070028,新北市,樹林區,圳福里,Zunfu Vil.,F,65000,F17,65000070,,5705
5556,65000070029,新北市,樹林區,樹興里,Shuxing Vil.,F,65000,F17,65000070,,5706
5557,65000070030,新北市,樹林區,樹福里,Shufu Vil.,F,65000,F17,65000070,,5707
5558,65000070031,新北市,樹林區,光興里,Guangxing Vil.,F,65000,F17,65000070,,5708
5559,65000070032,新北市,樹林區,金寮里,Jinliao Vil.,F,65000,F17,65000070,,5709
5560,65000070033,新北市,樹林區,彭興里,Pengxing Vil.,F,65000,F17,65000070,,5710
5561,65000070034,新北市,樹林區,文林里,Wenlin Vil.,F,65000,F17,65000070,,5711
5562,65000070035,新北市,樹林區,山佳里,Shanjia Vil.,F,65000,F17,65000070,,5712
5563,65000070036,新北市,樹林區,中山里,Zhongshan Vil.,F,65000,F17,65000070,,5713
5564,65000070037,新北市,樹林區,育英里,Yuying Vil.,F,65000,F17,65000070,,5714
5565,65000070038,新北市,樹林區,中華里,Zhonghua Vil.,F,65000,F17,65000070,,5715
5566,65000070039,新北市,樹林區,太順里,Taishun Vil.,F,65000,F17,65000070,,5716
5567,65000070040,新北市,樹林區,圳民里,Zunmin Vil.,F,65000,F17,65000070,,5717
5568,65000070041,新北市,樹林區,圳生里,Zunsheng Vil.,F,65000,F17,65000070,,5718
5569,65000070042,新北市,樹林區,三龍里,Sanlong Vil.,F,65000,F17,65000070,,5719
5570,65000080001,新北市,鶯歌區,東鶯里,Dongying Vil.,F,65000,F16,65000080,,5720
5571,65000080002,新北市,鶯歌區,西鶯里,Xiying Vil.,F,65000,F16,65000080,,5721
5572,65000080003,新北市,鶯歌區,南鶯里,Nanying Vil.,F,65000,F16,65000080,,5722
5573,65000080004,新北市,鶯歌區,北鶯里,Beiying Vil.,F,65000,F16,65000080,,5723
5574,65000080005,新北市,鶯歌區,中鶯里,Zhongying Vil.,F,65000,F16,65000080,,5724
5575,65000080006,新北市,鶯歌區,建德里,Jiande Vil.,F,65000,F16,65000080,,5725
5576,65000080007,新北市,鶯歌區,同慶里,Tongqing Vil.,F,65000,F16,65000080,,5726
5577,65000080008,新北市,鶯歌區,永昌里,Yongchang Vil.,F,65000,F16,65000080,,5727
5578,65000080009,新北市,鶯歌區,南靖里,Nanjing Vil.,F,65000,F16,65000080,,5728
5579,65000080010,新北市,鶯歌區,尖山里,Jianshan Vil.,F,65000,F16,65000080,,5729
5580,65000080011,新北市,鶯歌區,二橋里,Erqiao Vil.,F,65000,F16,65000080,,5730
5581,65000080012,新北市,鶯歌區,二甲里,Erjia Vil.,F,65000,F16,65000080,,5731
5582,65000080013,新北市,鶯歌區,東湖里,Donghu Vil.,F,65000,F16,65000080,,5732
5583,65000080014,新北市,鶯歌區,大湖里,Dahu Vil.,F,65000,F16,65000080,,5733
5584,65000080015,新北市,鶯歌區,鳳鳴里,Fengming Vil.,F,65000,F16,65000080,,5734
5585,65000080016,新北市,鶯歌區,鳳福里,Fengfu Vil.,F,65000,F16,65000080,,5735
5586,65000080017,新北市,鶯歌區,永吉里,Yongji Vil.,F,65000,F16,65000080,,5736
5587,65000080018,新北市,鶯歌區,中湖里,Zhonghu Vil.,F,65000,F16,65000080,,5737
5588,65000080019,新北市,鶯歌區,鳳祥里,Fengxiang Vil.,F,65000,F16,65000080,,5738
5589,65000080020,新北市,鶯歌區,建國里,Jianguo Vil.,F,65000,F16,65000080,,5739
5590,65000090001,新北市,三峽區,三峽里,Sanxia Vil.,F,65000,F15,65000090,,5740
5591,65000090002,新北市,三峽區,秀川里,Xiuchuan Vil.,F,65000,F15,65000090,,5741
5592,65000090003,新北市,三峽區,八張里,Bazhang Vil.,F,65000,F15,65000090,,5742
5593,65000090004,新北市,三峽區,中埔里,Zhongpu Vil.,F,65000,F15,65000090,,5743
5594,65000090005,新北市,三峽區,弘道里,Hongdao Vil.,F,65000,F15,65000090,,5744
5595,65000090006,新北市,三峽區,永舘里,Yongguan Vil.,F,65000,F15,65000090,,5745
5596,65000090007,新北市,三峽區,礁溪里,Jiaoxi Vil.,F,65000,F15,65000090,,5746
5597,65000090008,新北市,三峽區,鳶山里,Yuanshan Vil.,F,65000,F15,65000090,,5747
5598,65000090009,新北市,三峽區,龍埔里,Longpu Vil.,F,65000,F15,65000090,,5748
5599,65000090010,新北市,三峽區,大埔里,Dapu Vil.,F,65000,F15,65000090,,5749
5600,65000090011,新北市,三峽區,嘉添里,Jiatian Vil.,F,65000,F15,65000090,,5750
5601,65000090012,新北市,三峽區,添福里,Tianfu Vil.,F,65000,F15,65000090,,5751
5602,65000090013,新北市,三峽區,金圳里,Jinzun Vil.,F,65000,F15,65000090,,5752
5603,65000090014,新北市,三峽區,五寮里,Wuliao Vil.,F,65000,F15,65000090,,5753
5604,65000090015,新北市,三峽區,插角里,Chajiao Vil.,F,65000,F15,65000090,,5754
5605,65000090016,新北市,三峽區,有木里,Youmu Vil.,F,65000,F15,65000090,,5755
5606,65000090017,新北市,三峽區,溪北里,Xibei Vil.,F,65000,F15,65000090,,5756
5607,65000090018,新北市,三峽區,溪南里,Xinan Vil.,F,65000,F15,65000090,,5757
5608,65000090019,新北市,三峽區,溪東里,Xidong Vil.,F,65000,F15,65000090,,5758
5609,65000090020,新北市,三峽區,成福里,Chengfu Vil.,F,65000,F15,65000090,,5759
5610,65000090021,新北市,三峽區,安坑里,Ankeng Vil.,F,65000,F15,65000090,,5760
5611,65000090022,新北市,三峽區,竹崙里,Zhulun Vil.,F,65000,F15,65000090,,5761
5612,65000090023,新北市,三峽區,介壽里,Jieshou Vil.,F,65000,F15,65000090,,5762
5613,65000090024,新北市,三峽區,安溪里,Anxi Vil.,F,65000,F15,65000090,,5763
5614,65000090025,新北市,三峽區,中正里,Zhongzheng Vil.,F,65000,F15,65000090,,5764
5615,65000090026,新北市,三峽區,二鬮里,Erjiu Vil.,F,65000,F15,65000090,,5765
5616,65000090027,新北市,三峽區,龍學里,Long'en Vil.,F,65000,F15,65000090,,5766
5617,65000090028,新北市,三峽區,龍恩里,Longxue Vil.,F,65000,F15,65000090,,5767
5618,65000100001,新北市,淡水區,中和里,Zhonghe Vil.,F,65000,F27,65000100,,5768
5619,65000100002,新北市,淡水區,屯山里,Tunshan Vil.,F,65000,F27,65000100,,5769
5620,65000100003,新北市,淡水區,賢孝里,Xianxiao Vil.,F,65000,F27,65000100,,5770
5621,65000100004,新北市,淡水區,興仁里,Xingren Vil.,F,65000,F27,65000100,,5771
5622,65000100005,新北市,淡水區,蕃薯里,Fanshu Vil.,F,65000,F27,65000100,,5772
5623,65000100006,新北市,淡水區,義山里,Yishan Vil.,F,65000,F27,65000100,,5773
5624,65000100007,新北市,淡水區,忠山里,Zhongshan Vil.,F,65000,F27,65000100,,5774
5625,65000100008,新北市,淡水區,崁頂里,Kanding Vil.,F,65000,F27,65000100,,5775
5626,65000100009,新北市,淡水區,埤島里,Pidao Vil.,F,65000,F27,65000100,,5776
5627,65000100010,新北市,淡水區,新興里,Xinxing Vil.,F,65000,F27,65000100,,5777
5628,65000100011,新北市,淡水區,水碓里,Shuidui Vil.,F,65000,F27,65000100,,5778
5629,65000100012,新北市,淡水區,北投里,Beitou Vil.,F,65000,F27,65000100,,5779
5630,65000100013,新北市,淡水區,水源里,Shuiyuan Vil.,F,65000,F27,65000100,,5780
5631,65000100014,新北市,淡水區,忠寮里,Zhongliao Vil.,F,65000,F27,65000100,,5781
5632,65000100015,新北市,淡水區,樹興里,Shuxing Vil.,F,65000,F27,65000100,,5782
5633,65000100016,新北市,淡水區,坪頂里,Pingding Vil.,F,65000,F27,65000100,,5783
5634,65000100017,新北市,淡水區,福德里,Fude Vil.,F,65000,F27,65000100,,5784
5635,65000100018,新北市,淡水區,竹圍里,Zhuwei Vil.,F,65000,F27,65000100,,5785
5636,65000100019,新北市,淡水區,民生里,Minsheng Vil.,F,65000,F27,65000100,,5786
5637,65000100020,新北市,淡水區,八勢里,Bashi Vil.,F,65000,F27,65000100,,5787
5638,65000100021,新北市,淡水區,竿蓁里,Ganzhen Vil.,F,65000,F27,65000100,,5788
5639,65000100022,新北市,淡水區,鄧公里,Denggong Vil.,F,65000,F27,65000100,,5789
5640,65000100023,新北市,淡水區,中興里,Zhongxing Vil.,F,65000,F27,65000100,,5790
5641,65000100024,新北市,淡水區,長庚里,Changgeng Vil.,F,65000,F27,65000100,,5791
5642,65000100025,新北市,淡水區,清文里,Qingwen Vil.,F,65000,F27,65000100,,5792
5643,65000100026,新北市,淡水區,草東里,Caodong Vil.,F,65000,F27,65000100,,5793
5644,65000100027,新北市,淡水區,協元里,Xieyuan Vil.,F,65000,F27,65000100,,5794
5645,65000100028,新北市,淡水區,永吉里,Yongji Vil.,F,65000,F27,65000100,,5795
5646,65000100029,新北市,淡水區,民安里,Min'an Vil.,F,65000,F27,65000100,,5796
5647,65000100030,新北市,淡水區,新生里,Xinsheng Vil.,F,65000,F27,65000100,,5797
5648,65000100031,新北市,淡水區,文化里,Wenhua Vil.,F,65000,F27,65000100,,5798
5649,65000100032,新北市,淡水區,油車里,Youche Vil.,F,65000,F27,65000100,,5799
5650,65000100033,新北市,淡水區,沙崙里,Shalun Vil.,F,65000,F27,65000100,,5800
5651,65000100034,新北市,淡水區,新義里,Xinyi Vil.,F,65000,F27,65000100,,5801
5652,65000100035,新北市,淡水區,新春里,Xinchun Vil.,F,65000,F27,65000100,,5802
5653,65000100036,新北市,淡水區,新民里,Xinmin Vil.,F,65000,F27,65000100,,5803
5654,65000100037,新北市,淡水區,正德里,Zhengde Vil.,F,65000,F27,65000100,,5804
5655,65000100038,新北市,淡水區,北新里,Beixin Vil.,F,65000,F27,65000100,,5805
5656,65000100039,新北市,淡水區,民權里,Minquan Vil.,F,65000,F27,65000100,,5806
5657,65000100040,新北市,淡水區,幸福里,Xingfu Vil.,F,65000,F27,65000100,,5807
5658,65000100041,新北市,淡水區,學府里,Xuefu Vil.,F,65000,F27,65000100,,5808
5659,65000100042,新北市,淡水區,大庄里,Dazhuang Vil.,F,65000,F27,65000100,,5809
5660,65000100043,新北市,淡水區,新崁里,Xinkan Vil.,F,65000,F27,65000100,,5810
5661,65000100044,新北市,淡水區,新市里,Xinshi Vil.,F,65000,F27,65000100,,5811
5662,65000100R01,新北市,淡水區,,,F,65000,F27,65000100,未編定村里,5812
5663,65000110001,新北市,汐止區,義民里,Yimin Vil.,F,65000,F28,65000110,,5813
5664,65000110002,新北市,汐止區,禮門里,Limen Vil.,F,65000,F28,65000110,,5814
5665,65000110003,新北市,汐止區,智慧里,Zhihui Vil.,F,65000,F28,65000110,,5815
5666,65000110004,新北市,汐止區,信望里,Xinwang Vil.,F,65000,F28,65000110,,5816
5667,65000110005,新北市,汐止區,橋東里,Qiaodong Vil.,F,65000,F28,65000110,,5817
5668,65000110006,新北市,汐止區,秀峰里,Xiufeng Vil.,F,65000,F28,65000110,,5818
5669,65000110007,新北市,汐止區,新昌里,Xinchang Vil.,F,65000,F28,65000110,,5819
5670,65000110008,新北市,汐止區,復興里,Fuxing Vil.,F,65000,F28,65000110,,5820
5671,65000110009,新北市,汐止區,茄苳里,Jiadong Vil.,F,65000,F28,65000110,,5821
5672,65000110010,新北市,汐止區,長安里,Chang'an Vil.,F,65000,F28,65000110,,5822
5673,65000110011,新北市,汐止區,保安里,Bao'an Vil.,F,65000,F28,65000110,,5823
5674,65000110012,新北市,汐止區,保長里,Baochang Vil.,F,65000,F28,65000110,,5824
5675,65000110013,新北市,汐止區,鄉長里,Xiangchang Vil.,F,65000,F28,65000110,,5825
5676,65000110014,新北市,汐止區,江北里,Jiangbei Vil.,F,65000,F28,65000110,,5826
5677,65000110015,新北市,汐止區,拱北里,Gongbei Vil.,F,65000,F28,65000110,,5827
5678,65000110016,新北市,汐止區,烘內里,Hongnei Vil.,F,65000,F28,65000110,,5828
5679,65000110017,新北市,汐止區,八連里,Balian Vil.,F,65000,F28,65000110,,5829
5680,65000110018,新北市,汐止區,樟樹里,Zhangshu Vil.,F,65000,F28,65000110,,5830
5681,65000110019,新北市,汐止區,北峰里,Beifeng Vil.,F,65000,F28,65000110,,5831
5682,65000110020,新北市,汐止區,北山里,Beishan Vil.,F,65000,F28,65000110,,5832
5683,65000110021,新北市,汐止區,白雲里,Baiyun Vil.,F,65000,F28,65000110,,5833
5684,65000110022,新北市,汐止區,橫科里,Hengke Vil.,F,65000,F28,65000110,,5834
5685,65000110023,新北市,汐止區,東山里,Dongshan Vil.,F,65000,F28,65000110,,5835
5686,65000110024,新北市,汐止區,福山里,Fushan Vil.,F,65000,F28,65000110,,5836
5687,65000110025,新北市,汐止區,宜興里,Yixing Vil.,F,65000,F28,65000110,,5837
5688,65000110026,新北市,汐止區,中興里,Zhongxing Vil.,F,65000,F28,65000110,,5838
5689,65000110027,新北市,汐止區,湖光里,Huguang Vil.,F,65000,F28,65000110,,5839
5690,65000110028,新北市,汐止區,仁德里,Rende Vil.,F,65000,F28,65000110,,5840
5691,65000110029,新北市,汐止區,厚德里,Houde Vil.,F,65000,F28,65000110,,5841
5692,65000110030,新北市,汐止區,忠孝里,Zhongxiao Vil.,F,65000,F28,65000110,,5842
5693,65000110031,新北市,汐止區,自強里,Ziqiang Vil.,F,65000,F28,65000110,,5843
5694,65000110032,新北市,汐止區,文化里,Wenhua Vil.,F,65000,F28,65000110,,5844
5695,65000110033,新北市,汐止區,金龍里,Jinlong Vil.,F,65000,F28,65000110,,5845
5696,65000110034,新北市,汐止區,福德里,Fude Vil.,F,65000,F28,65000110,,5846
5697,65000110035,新北市,汐止區,興福里,Xingfu Vil.,F,65000,F28,65000110,,5847
5698,65000110036,新北市,汐止區,康福里,Kangfu Vil.,F,65000,F28,65000110,,5848
5699,65000110037,新北市,汐止區,忠山里,Zhongshan Vil.,F,65000,F28,65000110,,5849
5700,65000110038,新北市,汐止區,環河里,Huanhe Vil.,F,65000,F28,65000110,,5850
5701,65000110039,新北市,汐止區,東勢里,Dongshi Vil.,F,65000,F28,65000110,,5851
5702,65000110040,新北市,汐止區,山光里,Shanguang Vil.,F,65000,F28,65000110,,5852
5703,65000110041,新北市,汐止區,大同里,Datong Vil.,F,65000,F28,65000110,,5853
5704,65000110042,新北市,汐止區,崇德里,Chongde Vil.,F,65000,F28,65000110,,5854
5705,65000110043,新北市,汐止區,湖興里,Huxing Vil.,F,65000,F28,65000110,,5855
5706,65000110044,新北市,汐止區,長青里,Changqing Vil.,F,65000,F28,65000110,,5856
5707,65000110045,新北市,汐止區,福安里,Fu'an Vil.,F,65000,F28,65000110,,5857
5708,65000110046,新北市,汐止區,秀山里,Xiushan Vil.,F,65000,F28,65000110,,5858
5709,65000110047,新北市,汐止區,建成里,Jiancheng Vil.,F,65000,F28,65000110,,5859
5710,65000110048,新北市,汐止區,城中里,Chengzhong Vil.,F,65000,F28,65000110,,5860
5711,65000110049,新北市,汐止區,湖蓮里,Hulian Vil.,F,65000,F28,65000110,,5861
5712,65000110050,新北市,汐止區,保新里,Baoxin Vil.,F,65000,F28,65000110,,5862
5713,65000120001,新北市,瑞芳區,龍潭里,Longtan Vil.,F,65000,F21,65000120,,5863
5714,65000120002,新北市,瑞芳區,龍興里,Longxing Vil.,F,65000,F21,65000120,,5864
5715,65000120003,新北市,瑞芳區,龍鎮里,Longzhen Vil.,F,65000,F21,65000120,,5865
5716,65000120004,新北市,瑞芳區,龍川里,Longchuan Vil.,F,65000,F21,65000120,,5866
5717,65000120005,新北市,瑞芳區,龍山里,Longshan Vil.,F,65000,F21,65000120,,5867
5718,65000120006,新北市,瑞芳區,龍安里,Long'an Vil.,F,65000,F21,65000120,,5868
5719,65000120007,新北市,瑞芳區,爪峯里,Zhuafeng Vil.,F,65000,F21,65000120,,5869
5720,65000120008,新北市,瑞芳區,柑坪里,Ganping Vil.,F,65000,F21,65000120,,5870
5721,65000120009,新北市,瑞芳區,東和里,Donghe Vil.,F,65000,F21,65000120,,5871
5722,65000120010,新北市,瑞芳區,上天里,Shangtian Vil.,F,65000,F21,65000120,,5872
5723,65000120011,新北市,瑞芳區,吉慶里,Jiqing Vil.,F,65000,F21,65000120,,5873
5724,65000120012,新北市,瑞芳區,吉安里,Ji'an Vil.,F,65000,F21,65000120,,5874
5725,65000120013,新北市,瑞芳區,傑魚里,Jieyu Vil.,F,65000,F21,65000120,,5875
5726,65000120014,新北市,瑞芳區,猴硐里,Houtong Vil.,F,65000,F21,65000120,,5876
5727,65000120015,新北市,瑞芳區,光復里,Guangfu Vil.,F,65000,F21,65000120,,5877
5728,65000120016,新北市,瑞芳區,弓橋里,Gongqiao Vil.,F,65000,F21,65000120,,5878
5729,65000120017,新北市,瑞芳區,碩仁里,Shuoren Vil.,F,65000,F21,65000120,,5879
5730,65000120018,新北市,瑞芳區,基山里,Jishan Vil.,F,65000,F21,65000120,,5880
5731,65000120019,新北市,瑞芳區,永慶里,Yongqing Vil.,F,65000,F21,65000120,,5881
5732,65000120020,新北市,瑞芳區,崇文里,Chongwen Vil.,F,65000,F21,65000120,,5882
5733,65000120021,新北市,瑞芳區,福住里,Fuzhu Vil.,F,65000,F21,65000120,,5883
5734,65000120022,新北市,瑞芳區,頌德里,Songde Vil.,F,65000,F21,65000120,,5884
5735,65000120023,新北市,瑞芳區,新山里,Xinshan Vil.,F,65000,F21,65000120,,5885
5736,65000120024,新北市,瑞芳區,瓜山里,Guashan Vil.,F,65000,F21,65000120,,5886
5737,65000120025,新北市,瑞芳區,銅山里,Tongshan Vil.,F,65000,F21,65000120,,5887
5738,65000120026,新北市,瑞芳區,石山里,Shishan Vil.,F,65000,F21,65000120,,5888
5739,65000120027,新北市,瑞芳區,濂新里,Lianxin Vil.,F,65000,F21,65000120,,5889
5740,65000120028,新北市,瑞芳區,濂洞里,Liandong Vil.,F,65000,F21,65000120,,5890
5741,65000120029,新北市,瑞芳區,海濱里,Haibin Vil.,F,65000,F21,65000120,,5891
5742,65000120030,新北市,瑞芳區,瑞濱里,Ruibin Vil.,F,65000,F21,65000120,,5892
5743,65000120031,新北市,瑞芳區,深澳里,Shen'ao Vil.,F,65000,F21,65000120,,5893
5744,65000120032,新北市,瑞芳區,南雅里,Nanya Vil.,F,65000,F21,65000120,,5894
5745,65000120033,新北市,瑞芳區,鼻頭里,Bitou Vil.,F,65000,F21,65000120,,5895
5746,65000120034,新北市,瑞芳區,新峰里,Xinfeng Vil.,F,65000,F21,65000120,,5896
5747,65000120P01,新北市,瑞芳區,,,F,65000,F21,65000120,未編定村里,5897
5747,65000120P02,新北市,瑞芳區,,,F,65000,F21,65000120,未編定村里,5898
5747,65000120P03,新北市,瑞芳區,,,F,65000,F21,65000120,未編定村里,5899
5748,65000130001,新北市,土城區,埤塘里,Pitang Vil.,F,65000,F19,65000130,,5900
5749,65000130002,新北市,土城區,土城里,Tucheng Vil.,F,65000,F19,65000130,,5901
5750,65000130003,新北市,土城區,員林里,Yuanlin Vil.,F,65000,F19,65000130,,5902
5751,65000130004,新北市,土城區,員仁里,Yuanren Vil.,F,65000,F19,65000130,,5903
5752,65000130005,新北市,土城區,長風里,Changfeng Vil.,F,65000,F19,65000130,,5904
5753,65000130006,新北市,土城區,日新里,Rixin Vil.,F,65000,F19,65000130,,5905
5754,65000130007,新北市,土城區,日和里,Rihe Vil.,F,65000,F19,65000130,,5906
5755,65000130008,新北市,土城區,貨饒里,Huorao Vil.,F,65000,F19,65000130,,5907
5756,65000130009,新北市,土城區,柑林里,Ganlin Vil.,F,65000,F19,65000130,,5908
5757,65000130010,新北市,土城區,埤林里,Pilin Vil.,F,65000,F19,65000130,,5909
5758,65000130011,新北市,土城區,瑞興里,Ruixing Vil.,F,65000,F19,65000130,,5910
5759,65000130012,新北市,土城區,清水里,Qingshui Vil.,F,65000,F19,65000130,,5911
5760,65000130013,新北市,土城區,清和里,Qinghe Vil.,F,65000,F19,65000130,,5912
5761,65000130014,新北市,土城區,永豐里,Yongfeng Vil.,F,65000,F19,65000130,,5913
5762,65000130015,新北市,土城區,清化里,Qinghua Vil.,F,65000,F19,65000130,,5914
5763,65000130016,新北市,土城區,清溪里,Qingxi Vil.,F,65000,F19,65000130,,5915
5764,65000130017,新北市,土城區,峯廷里,Fengting Vil.,F,65000,F19,65000130,,5916
5765,65000130018,新北市,土城區,平和里,Pinghe Vil.,F,65000,F19,65000130,,5917
5766,65000130019,新北市,土城區,廷寮里,Tingliao Vil.,F,65000,F19,65000130,,5918
5767,65000130020,新北市,土城區,大安里,Da'an Vil.,F,65000,F19,65000130,,5919
5768,65000130021,新北市,土城區,永寧里,Yongning Vil.,F,65000,F19,65000130,,5920
5769,65000130022,新北市,土城區,沛陂里,Peipi Vil.,F,65000,F19,65000130,,5921
5770,65000130023,新北市,土城區,頂埔里,Dingpu Vil.,F,65000,F19,65000130,,5922
5771,65000130024,新北市,土城區,頂福里,Dingfu Vil.,F,65000,F19,65000130,,5923
5772,65000130025,新北市,土城區,頂新里,Dingxin Vil.,F,65000,F19,65000130,,5924
5773,65000130026,新北市,土城區,祖田里,Zutian Vil.,F,65000,F19,65000130,,5925
5774,65000130027,新北市,土城區,樂利里,Leli Vil.,F,65000,F19,65000130,,5926
5775,65000130028,新北市,土城區,廣福里,Guangfu Vil.,F,65000,F19,65000130,,5927
5776,65000130029,新北市,土城區,學府里,Xuefu Vil.,F,65000,F19,65000130,,5928
5777,65000130030,新北市,土城區,延壽里,Yanshou Vil.,F,65000,F19,65000130,,5929
5778,65000130031,新北市,土城區,安和里,Anhe Vil.,F,65000,F19,65000130,,5930
5779,65000130032,新北市,土城區,青雲里,Qingyun Vil.,F,65000,F19,65000130,,5931
5780,65000130033,新北市,土城區,員福里,Yuanfu Vil.,F,65000,F19,65000130,,5932
5781,65000130034,新北市,土城區,延吉里,Yanji Vil.,F,65000,F19,65000130,,5933
5782,65000130035,新北市,土城區,復興里,Fuxing Vil.,F,65000,F19,65000130,,5934
5783,65000130036,新北市,土城區,裕生里,Yusheng Vil.,F,65000,F19,65000130,,5935
5784,65000130037,新北市,土城區,員信里,Yuanxin Vil.,F,65000,F19,65000130,,5936
5785,65000130038,新北市,土城區,永富里,Yongfu Vil.,F,65000,F19,65000130,,5937
5786,65000130039,新北市,土城區,學成里,Xuecheng Vil.,F,65000,F19,65000130,,5938
5787,65000130040,新北市,土城區,延和里,Yanhe Vil.,F,65000,F19,65000130,,5939
5788,65000130041,新北市,土城區,中正里,Zhongzheng Vil.,F,65000,F19,65000130,,5940
5789,65000130042,新北市,土城區,學士里,Xueshi Vil.,F,65000,F19,65000130,,5941
5790,65000130043,新北市,土城區,明德里,Mingde Vil.,F,65000,F19,65000130,,5942
5791,65000130044,新北市,土城區,廣興里,Guangxing Vil.,F,65000,F19,65000130,,5943
5792,65000130045,新北市,土城區,青山里,Qingshan Vil.,F,65000,F19,65000130,,5944
5793,65000130046,新北市,土城區,金城里,Jincheng Vil.,F,65000,F19,65000130,,5945
5794,65000130047,新北市,土城區,延祿里,Yanlu Vil.,F,65000,F19,65000130,,5946
5795,65000140001,新北市,蘆洲區,正義里,Zhengyi Vil.,F,65000,F04,65000140,,5947
5796,65000140002,新北市,蘆洲區,中原里,Zhongyuan Vil.,F,65000,F04,65000140,,5948
5797,65000140003,新北市,蘆洲區,中路里,Zhonglu Vil.,F,65000,F04,65000140,,5949
5798,65000140004,新北市,蘆洲區,光華里,Guanghua Vil.,F,65000,F04,65000140,,5950
5799,65000140005,新北市,蘆洲區,保佑里,Baoyou Vil.,F,65000,F04,65000140,,5951
5800,65000140006,新北市,蘆洲區,水湳里,Shuinan Vil.,F,65000,F04,65000140,,5952
5801,65000140007,新北市,蘆洲區,樓厝里,Loucuo Vil.,F,65000,F04,65000140,,5953
5802,65000140008,新北市,蘆洲區,鷺江里,Lujiang Vil.,F,65000,F04,65000140,,5954
5803,65000140009,新北市,蘆洲區,恆德里,Hengde Vil.,F,65000,F04,65000140,,5955
5804,65000140010,新北市,蘆洲區,溪墘里,Xiqian Vil.,F,65000,F04,65000140,,5956
5805,65000140011,新北市,蘆洲區,樹德里,Shude Vil.,F,65000,F04,65000140,,5957
5806,65000140012,新北市,蘆洲區,保和里,Baohe Vil.,F,65000,F04,65000140,,5958
5807,65000140013,新北市,蘆洲區,仁復里,Renfu Vil.,F,65000,F04,65000140,,5959
5808,65000140014,新北市,蘆洲區,得勝里,Desheng Vil.,F,65000,F04,65000140,,5960
5809,65000140015,新北市,蘆洲區,南港里,Nangang Vil.,F,65000,F04,65000140,,5961
5810,65000140016,新北市,蘆洲區,永樂里,Yongle Vil.,F,65000,F04,65000140,,5962
5811,65000140017,新北市,蘆洲區,永康里,Yongkang Vil.,F,65000,F04,65000140,,5963
5812,65000140018,新北市,蘆洲區,信義里,Xinyi Vil.,F,65000,F04,65000140,,5964
5813,65000140019,新北市,蘆洲區,玉清里,Yuqing Vil.,F,65000,F04,65000140,,5965
5814,65000140020,新北市,蘆洲區,復興里,Fuxing Vil.,F,65000,F04,65000140,,5966
5815,65000140021,新北市,蘆洲區,水河里,Shuihe Vil.,F,65000,F04,65000140,,5967
5816,65000140022,新北市,蘆洲區,仁愛里,Ren'ai Vil.,F,65000,F04,65000140,,5968
5817,65000140023,新北市,蘆洲區,忠義里,Zhongyi Vil.,F,65000,F04,65000140,,5969
5818,65000140024,新北市,蘆洲區,九芎里,Jiuqiong Vil.,F,65000,F04,65000140,,5970
5819,65000140025,新北市,蘆洲區,中華里,Zhonghua Vil.,F,65000,F04,65000140,,5971
5820,65000140026,新北市,蘆洲區,得仁里,Deren Vil.,F,65000,F04,65000140,,5972
5821,65000140027,新北市,蘆洲區,仁德里,Rende Vil.,F,65000,F04,65000140,,5973
5822,65000140028,新北市,蘆洲區,仁義里,Renyi Vil.,F,65000,F04,65000140,,5974
5823,65000140029,新北市,蘆洲區,光明里,Guangming Vil.,F,65000,F04,65000140,,5975
5824,65000140030,新北市,蘆洲區,保新里,Baoxin Vil.,F,65000,F04,65000140,,5976
5825,65000140031,新北市,蘆洲區,長安里,Chang'an Vil.,F,65000,F04,65000140,,5977
5826,65000140032,新北市,蘆洲區,民和里,Minhe Vil.,F,65000,F04,65000140,,5978
5827,65000140033,新北市,蘆洲區,忠孝里,Zhongxiao Vil.,F,65000,F04,65000140,,5979
5828,65000140034,新北市,蘆洲區,福安里,Fu'an Vil.,F,65000,F04,65000140,,5980
5829,65000140035,新北市,蘆洲區,永安里,Yong'an Vil.,F,65000,F04,65000140,,5981
5830,65000140036,新北市,蘆洲區,延平里,Yanping Vil.,F,65000,F04,65000140,,5982
5831,65000140037,新北市,蘆洲區,成功里,Chenggong Vil.,F,65000,F04,65000140,,5983
5832,65000140038,新北市,蘆洲區,永德里,Yongde Vil.,F,65000,F04,65000140,,5984
5833,65000140R01,新北市,蘆洲區,,,F,65000,F04,65000140,未編定村里,5985
5834,65000150001,新北市,五股區,興珍里,Xingzhen Vil.,F,65000,F03,65000150,,5986
5835,65000150002,新北市,五股區,更寮里,Gengliao Vil.,F,65000,F03,65000150,,5987
5836,65000150003,新北市,五股區,集福里,Jifu Vil.,F,65000,F03,65000150,,5988
5837,65000150004,新北市,五股區,觀音里,Guanyin Vil.,F,65000,F03,65000150,,5989
5838,65000150005,新北市,五股區,成州里,Chengzhou Vil.,F,65000,F03,65000150,,5990
5839,65000150006,新北市,五股區,成功里,Chenggong Vil.,F,65000,F03,65000150,,5991
5840,65000150007,新北市,五股區,五龍里,Wulong Vil.,F,65000,F03,65000150,,5992
5841,65000150008,新北市,五股區,五股里,Wugu Vil.,F,65000,F03,65000150,,5993
5842,65000150009,新北市,五股區,五福里,Wufu Vil.,F,65000,F03,65000150,,5994
5843,65000150010,新北市,五股區,德音里,Deyin Vil.,F,65000,F03,65000150,,5995
5844,65000150011,新北市,五股區,陸一里,Luyi Vil.,F,65000,F03,65000150,,5996
5845,65000150012,新北市,五股區,貿商里,Maoshang Vil.,F,65000,F03,65000150,,5997
5846,65000150013,新北市,五股區,德泰里,Detai Vil.,F,65000,F03,65000150,,5998
5847,65000150014,新北市,五股區,成德里,Chengde Vil.,F,65000,F03,65000150,,5999
5848,65000150015,新北市,五股區,六福里,Liufu Vil.,F,65000,F03,65000150,,6000
5849,65000150016,新北市,五股區,集賢里,Jixian Vil.,F,65000,F03,65000150,,6001
5850,65000150017,新北市,五股區,民義里,Minyi Vil.,F,65000,F03,65000150,,6002
5851,65000150018,新北市,五股區,成泰里,Chengtai Vil.,F,65000,F03,65000150,,6003
5852,65000150019,新北市,五股區,水碓里,Shuidui Vil.,F,65000,F03,65000150,,6004
5853,65000150020,新北市,五股區,福德里,Fude Vil.,F,65000,F03,65000150,,6005
5854,65000150021,新北市,五股區,芳洲里,Fangzhou Vil.,F,65000,F03,65000150,,6006
5855,65000160001,新北市,泰山區,大科里,Dake Vil.,F,65000,F06,65000160,,6007
5856,65000160002,新北市,泰山區,黎明里,Liming Vil.,F,65000,F06,65000160,,6008
5857,65000160003,新北市,泰山區,山腳里,Shanjiao Vil.,F,65000,F06,65000160,,6009
5858,65000160004,新北市,泰山區,福泰里,Futai Vil.,F,65000,F06,65000160,,6010
5859,65000160005,新北市,泰山區,楓樹里,Fengshu Vil.,F,65000,F06,65000160,,6011
5860,65000160006,新北市,泰山區,同榮里,Tongrong Vil.,F,65000,F06,65000160,,6012
5861,65000160007,新北市,泰山區,義學里,Yixue Vil.,F,65000,F06,65000160,,6013
5862,65000160008,新北市,泰山區,明志里,Mingzhi Vil.,F,65000,F06,65000160,,6014
5863,65000160009,新北市,泰山區,貴子里,Guizi Vil.,F,65000,F06,65000160,,6015
5864,65000160010,新北市,泰山區,貴和里,Guihe Vil.,F,65000,F06,65000160,,6016
5865,65000160011,新北市,泰山區,同興里,Tongxing Vil.,F,65000,F06,65000160,,6017
5866,65000160012,新北市,泰山區,義仁里,Yiren Vil.,F,65000,F06,65000160,,6018
5867,65000160013,新北市,泰山區,泰友里,Taiyou Vil.,F,65000,F06,65000160,,6019
5868,65000160014,新北市,泰山區,新明里,Xinming Vil.,F,65000,F06,65000160,,6020
5869,65000160015,新北市,泰山區,貴賢里,Guixian Vil.,F,65000,F06,65000160,,6021
5870,65000160016,新北市,泰山區,福興里,Fuxing Vil.,F,65000,F06,65000160,,6022
5871,65000160017,新北市,泰山區,全興里,Quanxing Vil.,F,65000,F06,65000160,,6023
5872,65000170001,新北市,林口區,東林里,Donglin Vil.,F,65000,F02,65000170,,6024
5873,65000170002,新北市,林口區,林口里,Linkou Vil.,F,65000,F02,65000170,,6025
5874,65000170003,新北市,林口區,西林里,Xilin Vil.,F,65000,F02,65000170,,6026
5875,65000170004,新北市,林口區,菁湖里,Jinghu Vil.,F,65000,F02,65000170,,6027
5876,65000170005,新北市,林口區,中湖里,Zhonghu Vil.,F,65000,F02,65000170,,6028
5877,65000170006,新北市,林口區,湖北里,Hubei Vil.,F,65000,F02,65000170,,6029
5878,65000170007,新北市,林口區,湖南里,Hunan Vil.,F,65000,F02,65000170,,6030
5879,65000170008,新北市,林口區,南勢里,Nanshi Vil.,F,65000,F02,65000170,,6031
5880,65000170009,新北市,林口區,東勢里,Dongshi Vil.,F,65000,F02,65000170,,6032
5881,65000170010,新北市,林口區,頂福里,Dingfu Vil.,F,65000,F02,65000170,,6033
5882,65000170011,新北市,林口區,下福里,Xiafu Vil.,F,65000,F02,65000170,,6034
5883,65000170012,新北市,林口區,嘉寶里,Jiabao Vil.,F,65000,F02,65000170,,6035
5884,65000170013,新北市,林口區,瑞平里,Ruiping Vil.,F,65000,F02,65000170,,6036
5885,65000170014,新北市,林口區,太平里,Taiping Vil.,F,65000,F02,65000170,,6037
5886,65000170015,新北市,林口區,仁愛里,Ren'ai Vil.,F,65000,F02,65000170,,6038
5887,65000170016,新北市,林口區,麗林里,Lilin Vil.,F,65000,F02,65000170,,6039
5888,65000170017,新北市,林口區,麗園里,Liyuan Vil.,F,65000,F02,65000170,,6040
5889,65000170018,新北市,林口區,新林里,Xinlin Vil.,F,65000,F02,65000170,,6041
5890,65000170019,新北市,林口區,力行里,Lixing Vil.,F,65000,F02,65000170,,6042
5891,65000170020,新北市,林口區,頭湖里,Touhu Vil.,F,65000,F02,65000170,,6043
5892,65000170021,新北市,林口區,文湖里,Wenhu Vil.,F,65000,F02,65000170,,6044
5893,65000170P01,新北市,林口區,,,F,65000,F02,65000170,未編定村里,6045
5894,65000180001,新北市,深坑區,深坑里,Shenkeng Vil.,F,65000,F09,65000180,,6046
5895,65000180002,新北市,深坑區,萬順里,Wanshun Vil.,F,65000,F09,65000180,,6047
5896,65000180003,新北市,深坑區,土庫里,Tuku Vil.,F,65000,F09,65000180,,6048
5897,65000180004,新北市,深坑區,昇高里,Shenggao Vil.,F,65000,F09,65000180,,6049
5898,65000180005,新北市,深坑區,阿柔里,Arou Vil.,F,65000,F09,65000180,,6050
5899,65000180006,新北市,深坑區,埔新里,Puxin Vil.,F,65000,F09,65000180,,6051
5900,65000180007,新北市,深坑區,萬福里,Wanfu Vil.,F,65000,F09,65000180,,6052
5901,65000180008,新北市,深坑區,賴仲里,Laizhong Vil.,F,65000,F09,65000180,,6053
5902,65000190001,新北市,石碇區,石碇里,Shiding Vil.,F,65000,F08,65000190,,6054
5903,65000190002,新北市,石碇區,潭邊里,Tanbian Vil.,F,65000,F08,65000190,,6055
5904,65000190003,新北市,石碇區,隆盛里,Longsheng Vil.,F,65000,F08,65000190,,6056
5905,65000190004,新北市,石碇區,烏塗里,Wutu Vil.,F,65000,F08,65000190,,6057
5906,65000190005,新北市,石碇區,彭山里,Pengshan Vil.,F,65000,F08,65000190,,6058
5907,65000190006,新北市,石碇區,豐田里,Fengtian Vil.,F,65000,F08,65000190,,6059
5908,65000190007,新北市,石碇區,永定里,Yongding Vil.,F,65000,F08,65000190,,6060
5909,65000190008,新北市,石碇區,中民里,Zhongmin Vil.,F,65000,F08,65000190,,6061
5910,65000190009,新北市,石碇區,光明里,Guangming Vil.,F,65000,F08,65000190,,6062
5911,65000190010,新北市,石碇區,豐林里,Fenglin Vil.,F,65000,F08,65000190,,6063
5912,65000190011,新北市,石碇區,永安里,Yong'an Vil.,F,65000,F08,65000190,,6064
5913,65000190012,新北市,石碇區,格頭里,Getou Vil.,F,65000,F08,65000190,,6065
5914,65000200001,新北市,坪林區,粗窟里,Cuku Vil.,F,65000,F10,65000200,,6066
5915,65000200002,新北市,坪林區,坪林里,Pinglin Vil.,F,65000,F10,65000200,,6067
5916,65000200003,新北市,坪林區,大林里,Dalin Vil.,F,65000,F10,65000200,,6068
5917,65000200004,新北市,坪林區,石[曹]里,Shicao Vil.,F,65000,F10,65000200,,6069
5918,65000200005,新北市,坪林區,上德里,Shangde Vil.,F,65000,F10,65000200,,6070
5919,65000200006,新北市,坪林區,水德里,Shuide Vil.,F,65000,F10,65000200,,6071
5920,65000200007,新北市,坪林區,漁光里,Yuguang Vil.,F,65000,F10,65000200,,6072
5921,65000210001,新北市,三芝區,八賢里,Baxian Vil.,F,65000,F30,65000210,,6073
5922,65000210002,新北市,三芝區,埔頭里,Putou Vil.,F,65000,F30,65000210,,6074
5923,65000210003,新北市,三芝區,古庄里,Guzhuang Vil.,F,65000,F30,65000210,,6075
5924,65000210004,新北市,三芝區,新庄里,Xinzhuang Vil.,F,65000,F30,65000210,,6076
5925,65000210005,新北市,三芝區,埔坪里,Puping Vil.,F,65000,F30,65000210,,6077
5926,65000210006,新北市,三芝區,茂長里,Maochang Vil.,F,65000,F30,65000210,,6078
5927,65000210007,新北市,三芝區,橫山里,Hengshan Vil.,F,65000,F30,65000210,,6079
5928,65000210008,新北市,三芝區,錫板里,Xiban Vil.,F,65000,F30,65000210,,6080
5929,65000210009,新北市,三芝區,後厝里,Houcuo Vil.,F,65000,F30,65000210,,6081
5930,65000210010,新北市,三芝區,福德里,Fude Vil.,F,65000,F30,65000210,,6082
5931,65000210011,新北市,三芝區,圓山里,Yuanshan Vil.,F,65000,F30,65000210,,6083
5932,65000210012,新北市,三芝區,店子里,Dianzi Vil.,F,65000,F30,65000210,,6084
5933,65000210013,新北市,三芝區,興華里,Xinghua Vil.,F,65000,F30,65000210,,6085
5934,65000220001,新北市,石門區,德茂里,Demao Vil.,F,65000,F31,65000220,,6086
5935,65000220002,新北市,石門區,富基里,Fuji Vil.,F,65000,F31,65000220,,6087
5936,65000220003,新北市,石門區,老梅里,Laomei Vil.,F,65000,F31,65000220,,6088
5937,65000220004,新北市,石門區,山溪里,Shanxi Vil.,F,65000,F31,65000220,,6089
5938,65000220005,新北市,石門區,石門里,Shimen Vil.,F,65000,F31,65000220,,6090
5939,65000220006,新北市,石門區,尖鹿里,Jianlu Vil.,F,65000,F31,65000220,,6091
5940,65000220007,新北市,石門區,乾華里,Qianhua Vil.,F,65000,F31,65000220,,6092
5941,65000220008,新北市,石門區,茂林里,Maolin Vil.,F,65000,F31,65000220,,6093
5942,65000220009,新北市,石門區,草里里,Caoli Vil.,F,65000,F31,65000220,,6094
5943,65000220P01,新北市,石門區,,,F,65000,F31,65000220,未編定村里,6095
5943,65000220P02,新北市,石門區,,,F,65000,F31,65000220,未編定村里,6096
5944,65000230001,新北市,八里區,龍源里,Longyuan Vil.,F,65000,F32,65000230,,6097
5945,65000230002,新北市,八里區,米倉里,Micang Vil.,F,65000,F32,65000230,,6098
5946,65000230003,新北市,八里區,大崁里,Dakan Vil.,F,65000,F32,65000230,,6099
5947,65000230004,新北市,八里區,埤頭里,Pitou Vil.,F,65000,F32,65000230,,6100
5948,65000230005,新北市,八里區,頂罟里,Dinggu Vil.,F,65000,F32,65000230,,6101
5949,65000230006,新北市,八里區,舊城里,Jiucheng Vil.,F,65000,F32,65000230,,6102
5950,65000230007,新北市,八里區,訊塘里,Xuntang Vil.,F,65000,F32,65000230,,6103
5951,65000230008,新北市,八里區,荖阡里,Laoqian Vil.,F,65000,F32,65000230,,6104
5952,65000230009,新北市,八里區,長坑里,Changkeng Vil.,F,65000,F32,65000230,,6105
5953,65000230010,新北市,八里區,下罟里,Xiagu Vil.,F,65000,F32,65000230,,6106
5954,65000240001,新北市,平溪區,薯榔里,Shulang Vil.,F,65000,F22,65000240,,6107
5955,65000240002,新北市,平溪區,菁桐里,Jingtong Vil.,F,65000,F22,65000240,,6108
5956,65000240003,新北市,平溪區,白石里,Baishi Vil.,F,65000,F22,65000240,,6109
5957,65000240004,新北市,平溪區,石底里,Shidi Vil.,F,65000,F22,65000240,,6110
5958,65000240005,新北市,平溪區,平溪里,Pingxi Vil.,F,65000,F22,65000240,,6111
5959,65000240006,新北市,平溪區,嶺腳里,Lingjiao Vil.,F,65000,F22,65000240,,6112
5960,65000240007,新北市,平溪區,東勢里,Dongshi Vil.,F,65000,F22,65000240,,6113
5961,65000240008,新北市,平溪區,望古里,Wanggu Vil.,F,65000,F22,65000240,,6114
5962,65000240009,新北市,平溪區,南山里,Nanshan Vil.,F,65000,F22,65000240,,6115
5963,65000240010,新北市,平溪區,平湖里,Pinghu Vil.,F,65000,F22,65000240,,6116
5964,65000240011,新北市,平溪區,十分里,Shifen Vil.,F,65000,F22,65000240,,6117
5965,65000240012,新北市,平溪區,新寮里,Xinliao Vil.,F,65000,F22,65000240,,6118
5966,65000250001,新北市,雙溪區,雙溪里,Shuangxi Vil.,F,65000,F23,65000250,,6119
5967,65000250002,新北市,雙溪區,共和里,Gonghe Vil.,F,65000,F23,65000250,,6120
5968,65000250003,新北市,雙溪區,新基里,Xinji Vil.,F,65000,F23,65000250,,6121
5969,65000250004,新北市,雙溪區,魚行里,Yuxing Vil.,F,65000,F23,65000250,,6122
5970,65000250005,新北市,雙溪區,三港里,Sangang Vil.,F,65000,F23,65000250,,6123
5971,65000250006,新北市,雙溪區,牡丹里,Mudan Vil.,F,65000,F23,65000250,,6124
5972,65000250007,新北市,雙溪區,三貂里,Sandiao Vil.,F,65000,F23,65000250,,6125
5973,65000250008,新北市,雙溪區,平林里,Pinglin Vil.,F,65000,F23,65000250,,6126
5974,65000250009,新北市,雙溪區,上林里,Shanglin Vil.,F,65000,F23,65000250,,6127
5975,65000250010,新北市,雙溪區,外柑里,Waigan Vil.,F,65000,F23,65000250,,6128
5976,65000250011,新北市,雙溪區,長源里,Changyuan Vil.,F,65000,F23,65000250,,6129
5977,65000250012,新北市,雙溪區,泰平里,Taiping Vil.,F,65000,F23,65000250,,6130
5978,65000260001,新北市,貢寮區,貢寮里,Gongliao Vil.,F,65000,F24,65000260,,6131
5979,65000260002,新北市,貢寮區,吉林里,Jilin Vil.,F,65000,F24,65000260,,6132
5980,65000260003,新北市,貢寮區,雙玉里,Shuangyu Vil.,F,65000,F24,65000260,,6133
5981,65000260004,新北市,貢寮區,龍崗里,Longgang Vil.,F,65000,F24,65000260,,6134
5982,65000260005,新北市,貢寮區,龍門里,Longmen Vil.,F,65000,F24,65000260,,6135
5983,65000260006,新北市,貢寮區,福隆里,Fulong Vil.,F,65000,F24,65000260,,6136
5984,65000260007,新北市,貢寮區,仁里里,Renli Vil.,F,65000,F24,65000260,,6137
5985,65000260008,新北市,貢寮區,真理里,Zhenli Vil.,F,65000,F24,65000260,,6138
5986,65000260009,新北市,貢寮區,福連里,Fulian Vil.,F,65000,F24,65000260,,6139
5987,65000260010,新北市,貢寮區,美豐里,Meifeng Vil.,F,65000,F24,65000260,,6140
5988,65000260011,新北市,貢寮區,和美里,Hemei Vil.,F,65000,F24,65000260,,6141
5989,65000260P01,新北市,貢寮區,,,F,65000,F24,65000260,未編定村里,6142
5989,65000260P02,新北市,貢寮區,,,F,65000,F24,65000260,未編定村里,6143
5990,65000270001,新北市,金山區,和平里,Heping Vil.,F,65000,F25,65000270,,6144
5991,65000270002,新北市,金山區,大同里,Datong Vil.,F,65000,F25,65000270,,6145
5992,65000270003,新北市,金山區,豐漁里,Fengyu Vil.,F,65000,F25,65000270,,6146
5993,65000270004,新北市,金山區,磺港里,Huanggang Vil.,F,65000,F25,65000270,,6147
5994,65000270005,新北市,金山區,美田里,Meitian Vil.,F,65000,F25,65000270,,6148
5995,65000270006,新北市,金山區,五湖里,Wuhu Vil.,F,65000,F25,65000270,,6149
5996,65000270007,新北市,金山區,重和里,Chonghe Vil.,F,65000,F25,65000270,,6150
5997,65000270008,新北市,金山區,兩湖里,Lianghu Vil.,F,65000,F25,65000270,,6151
5998,65000270009,新北市,金山區,六股里,Liugu Vil.,F,65000,F25,65000270,,6152
5999,65000270010,新北市,金山區,三界里,Sanjie Vil.,F,65000,F25,65000270,,6153
6000,65000270011,新北市,金山區,清泉里,Qingquan Vil.,F,65000,F25,65000270,,6154
6001,65000270012,新北市,金山區,萬壽里,Wanshou Vil.,F,65000,F25,65000270,,6155
6002,65000270013,新北市,金山區,西湖里,Xihu Vil.,F,65000,F25,65000270,,6156
6003,65000270014,新北市,金山區,永興里,Yongxing Vil.,F,65000,F25,65000270,,6157
6004,65000270015,新北市,金山區,金美里,Jinmei Vil.,F,65000,F25,65000270,,6158
6005,65000270P01,新北市,金山區,,,F,65000,F25,65000270,未編定村里,6159
6006,65000280001,新北市,萬里區,萬里里,Wanli Vil.,F,65000,F26,65000280,,6160
6007,65000280002,新北市,萬里區,龜吼里,Guihou Vil.,F,65000,F26,65000280,,6161
6008,65000280003,新北市,萬里區,野柳里,Yeliu Vil.,F,65000,F26,65000280,,6162
6009,65000280004,新北市,萬里區,大鵬里,Dapeng Vil.,F,65000,F26,65000280,,6163
6010,65000280005,新北市,萬里區,磺潭里,Huangtan Vil.,F,65000,F26,65000280,,6164
6011,65000280006,新北市,萬里區,雙興里,Shuangxing Vil.,F,65000,F26,65000280,,6165
6012,65000280007,新北市,萬里區,溪底里,Xidi Vil.,F,65000,F26,65000280,,6166
6013,65000280008,新北市,萬里區,崁脚里,Kanjiao Vil.,F,65000,F26,65000280,,6167
6014,65000280009,新北市,萬里區,中幅里,Zhongfu Vil.,F,65000,F26,65000280,,6168
6015,65000280010,新北市,萬里區,北基里,Beiji Vil.,F,65000,F26,65000280,,6169
6016,65000280P01,新北市,萬里區,,,F,65000,F26,65000280,未編定村里,6170
6016,65000280P02,新北市,萬里區,,,F,65000,F26,65000280,未編定村里,6171
6016,65000280P03,新北市,萬里區,,,F,65000,F26,65000280,未編定村里,6172
6016,65000280P04,新北市,萬里區,,,F,65000,F26,65000280,未編定村里,6173
6017,65000290001,新北市,烏來區,烏來里,Wulai Vil.,F,65000,F11,65000290,,6174
6018,65000290002,新北市,烏來區,忠治里,Zhongzhi Vil.,F,65000,F11,65000290,,6175
6019,65000290003,新北市,烏來區,福山里,Fushan Vil.,F,65000,F11,65000290,,6176
6020,65000290004,新北市,烏來區,信賢里,Xinxian Vil.,F,65000,F11,65000290,,6177
6021,65000290005,新北市,烏來區,孝義里,Xiaoyi Vil.,F,65000,F11,65000290,,6178
6022,66000010001,臺中市,中區,繼光里,Jiguang Vil.,B,66000,B01,66000010,,6179
6023,66000010002,臺中市,中區,大墩里,Dadun Vil.,B,66000,B01,66000010,,6180
6024,66000010003,臺中市,中區,綠川里,Lüchuan Vil.,B,66000,B01,66000010,,6181
6025,66000010004,臺中市,中區,公園里,Gongyuan Vil.,B,66000,B01,66000010,,6182
6026,66000010005,臺中市,中區,光復里,Guangfu Vil.,B,66000,B01,66000010,,6183
6027,66000010006,臺中市,中區,柳川里,Liuchuan Vil.,B,66000,B01,66000010,,6184
6028,66000010007,臺中市,中區,大誠里,Dacheng Vil.,B,66000,B01,66000010,,6185
6029,66000010008,臺中市,中區,中華里,Zhonghua Vil.,B,66000,B01,66000010,,6186
6030,66000020001,臺中市,東區,新庄里,Xinzhuang Vil.,B,66000,B02,66000020,,6187
6031,66000020002,臺中市,東區,振興里,Zhenxing Vil.,B,66000,B02,66000020,,6188
6032,66000020003,臺中市,東區,東橋里,Dongqiao Vil.,B,66000,B02,66000020,,6189
6033,66000020004,臺中市,東區,東興里,Dongxing Vil.,B,66000,B02,66000020,,6190
6034,66000020005,臺中市,東區,干城里,Gancheng Vil.,B,66000,B02,66000020,,6191
6035,66000020006,臺中市,東區,泉源里,Quanyuan Vil.,B,66000,B02,66000020,,6192
6036,66000020007,臺中市,東區,旱溪里,Hanxi Vil.,B,66000,B02,66000020,,6193
6037,66000020008,臺中市,東區,樂成里,Lecheng Vil.,B,66000,B02,66000020,,6194
6038,66000020009,臺中市,東區,東門里,Dongmen Vil.,B,66000,B02,66000020,,6195
6039,66000020010,臺中市,東區,十甲里,Shijia Vil.,B,66000,B02,66000020,,6196
6040,66000020011,臺中市,東區,東南里,Dongnan Vil.,B,66000,B02,66000020,,6197
6041,66000020012,臺中市,東區,東勢里,Dongshi Vil.,B,66000,B02,66000020,,6198
6042,66000020013,臺中市,東區,合作里,Hezuo Vil.,B,66000,B02,66000020,,6199
6043,66000020014,臺中市,東區,富台里,Futai Vil.,B,66000,B02,66000020,,6200
6044,66000020015,臺中市,東區,富仁里,Furen Vil.,B,66000,B02,66000020,,6201
6045,66000020016,臺中市,東區,東信里,Dongxin Vil.,B,66000,B02,66000020,,6202
6046,66000020017,臺中市,東區,東英里,Dongying Vil.,B,66000,B02,66000020,,6203
6047,66000030001,臺中市,南區,城隍里,Chenghuang Vil.,B,66000,B03,66000030,,6204
6048,66000030002,臺中市,南區,國光里,Guoguang Vil.,B,66000,B03,66000030,,6205
6049,66000030003,臺中市,南區,南門里,Nanmen Vil.,B,66000,B03,66000030,,6206
6050,66000030004,臺中市,南區,德義里,Deyi Vil.,B,66000,B03,66000030,,6207
6051,66000030005,臺中市,南區,積善里,Jishan Vil.,B,66000,B03,66000030,,6208
6052,66000030006,臺中市,南區,江川里,Jiangchuan Vil.,B,66000,B03,66000030,,6209
6053,66000030007,臺中市,南區,新榮里,Xinrong Vil.,B,66000,B03,66000030,,6210
6054,66000030008,臺中市,南區,福興里,Fuxing Vil.,B,66000,B03,66000030,,6211
6055,66000030009,臺中市,南區,福平里,Fuping Vil.,B,66000,B03,66000030,,6212
6056,66000030010,臺中市,南區,和平里,Heping Vil.,B,66000,B03,66000030,,6213
6057,66000030011,臺中市,南區,永興里,Yongxing Vil.,B,66000,B03,66000030,,6214
6058,66000030012,臺中市,南區,樹義里,Shuyi Vil.,B,66000,B03,66000030,,6215
6059,66000030013,臺中市,南區,樹德里,Shude Vil.,B,66000,B03,66000030,,6216
6060,66000030014,臺中市,南區,西川里,Xichuan Vil.,B,66000,B03,66000030,,6217
6061,66000030015,臺中市,南區,長春里,Changchun Vil.,B,66000,B03,66000030,,6218
6062,66000030016,臺中市,南區,長榮里,Changrong Vil.,B,66000,B03,66000030,,6219
6063,66000030017,臺中市,南區,福順里,Fushun Vil.,B,66000,B03,66000030,,6220
6064,66000030018,臺中市,南區,平和里,Pinghe Vil.,B,66000,B03,66000030,,6221
6065,66000030019,臺中市,南區,南和里,Nanhe Vil.,B,66000,B03,66000030,,6222
6066,66000030020,臺中市,南區,永和里,Yonghe Vil.,B,66000,B03,66000030,,6223
6067,66000030021,臺中市,南區,工學里,Gongxue Vil.,B,66000,B03,66000030,,6224
6068,66000030022,臺中市,南區,崇倫里,Chonglun Vil.,B,66000,B03,66000030,,6225
6069,66000040001,臺中市,西區,民生里,Minsheng Vil.,B,66000,B04,66000040,,6226
6070,66000040002,臺中市,西區,利民里,Limin Vil.,B,66000,B04,66000040,,6227
6071,66000040003,臺中市,西區,三民里,Sanmin Vil.,B,66000,B04,66000040,,6228
6072,66000040004,臺中市,西區,東昇里,Dongsheng Vil.,B,66000,B04,66000040,,6229
6073,66000040005,臺中市,西區,廣民里,Guangmin Vil.,B,66000,B04,66000040,,6230
6074,66000040006,臺中市,西區,平和里,Pinghe Vil.,B,66000,B04,66000040,,6231
6075,66000040007,臺中市,西區,公民里,Gongmin Vil.,B,66000,B04,66000040,,6232
6076,66000040008,臺中市,西區,藍興里,Lanxing Vil.,B,66000,B04,66000040,,6233
6077,66000040009,臺中市,西區,公舘里,Gongguan Vil.,B,66000,B04,66000040,,6234
6078,66000040010,臺中市,西區,和龍里,Helong Vil.,B,66000,B04,66000040,,6235
6079,66000040011,臺中市,西區,民龍里,Minlong Vil.,B,66000,B04,66000040,,6236
6080,66000040012,臺中市,西區,後龍里,Houlong Vil.,B,66000,B04,66000040,,6237
6081,66000040013,臺中市,西區,安龍里,Anlong Vil.,B,66000,B04,66000040,,6238
6082,66000040014,臺中市,西區,吉龍里,Jilong Vil.,B,66000,B04,66000040,,6239
6083,66000040015,臺中市,西區,昇平里,Shengping Vil.,B,66000,B04,66000040,,6240
6084,66000040016,臺中市,西區,忠明里,Zhongming Vil.,B,66000,B04,66000040,,6241
6085,66000040017,臺中市,西區,公正里,Gongzheng Vil.,B,66000,B04,66000040,,6242
6086,66000040018,臺中市,西區,土庫里,Tuku Vil.,B,66000,B04,66000040,,6243
6087,66000040019,臺中市,西區,忠誠里,Zhongcheng Vil.,B,66000,B04,66000040,,6244
6088,66000040020,臺中市,西區,公益里,Gongyi Vil.,B,66000,B04,66000040,,6245
6089,66000040021,臺中市,西區,中興里,Zhongxing Vil.,B,66000,B04,66000040,,6246
6090,66000040022,臺中市,西區,公平里,Gongping Vil.,B,66000,B04,66000040,,6247
6091,66000040023,臺中市,西區,公德里,Gongde Vil.,B,66000,B04,66000040,,6248
6092,66000040024,臺中市,西區,双龍里,Shuanglong Vil.,B,66000,B04,66000040,,6249
6093,66000040025,臺中市,西區,大忠里,Dazhong Vil.,B,66000,B04,66000040,,6250
6094,66000050001,臺中市,北區,光大里,Guangda Vil.,B,66000,B05,66000050,,6251
6095,66000050002,臺中市,北區,文莊里,Wenzhuang Vil.,B,66000,B05,66000050,,6252
6096,66000050003,臺中市,北區,五常里,Wuchang Vil.,B,66000,B05,66000050,,6253
6097,66000050004,臺中市,北區,新興里,Xinxing Vil.,B,66000,B05,66000050,,6254
6098,66000050005,臺中市,北區,新北里,Xinbei Vil.,B,66000,B05,66000050,,6255
6099,66000050006,臺中市,北區,樂英里,Leying Vil.,B,66000,B05,66000050,,6256
6100,66000050007,臺中市,北區,錦村里,Jincun Vil.,B,66000,B05,66000050,,6257
6101,66000050008,臺中市,北區,建成里,Jiancheng Vil.,B,66000,B05,66000050,,6258
6102,66000050009,臺中市,北區,錦洲里,Jinzhou Vil.,B,66000,B05,66000050,,6259
6103,66000050010,臺中市,北區,金華里,Jinhua Vil.,B,66000,B05,66000050,,6260
6104,66000050011,臺中市,北區,金龍里,Jinlong Vil.,B,66000,B05,66000050,,6261
6105,66000050012,臺中市,北區,邱厝里,Qiucuo Vil.,B,66000,B05,66000050,,6262
6106,66000050013,臺中市,北區,建興里,Jianxing Vil.,B,66000,B05,66000050,,6263
6107,66000050014,臺中市,北區,頂厝里,Dingcuo Vil.,B,66000,B05,66000050,,6264
6108,66000050015,臺中市,北區,賴厝里,Laicuo Vil.,B,66000,B05,66000050,,6265
6109,66000050016,臺中市,北區,賴村里,Laicun Vil.,B,66000,B05,66000050,,6266
6110,66000050017,臺中市,北區,育德里,Yude Vil.,B,66000,B05,66000050,,6267
6111,66000050018,臺中市,北區,淡溝里,Dangou Vil.,B,66000,B05,66000050,,6268
6112,66000050019,臺中市,北區,中達里,Zhongda Vil.,B,66000,B05,66000050,,6269
6113,66000050020,臺中市,北區,錦祥里,Jinxiang Vil.,B,66000,B05,66000050,,6270
6114,66000050021,臺中市,北區,健行里,Jianxing Vil.,B,66000,B05,66000050,,6271
6115,66000050022,臺中市,北區,明德里,Mingde Vil.,B,66000,B05,66000050,,6272
6116,66000050023,臺中市,北區,長青里,Changqing Vil.,B,66000,B05,66000050,,6273
6117,66000050024,臺中市,北區,賴明里,Laiming Vil.,B,66000,B05,66000050,,6274
6118,66000050025,臺中市,北區,賴興里,Laixing Vil.,B,66000,B05,66000050,,6275
6119,66000050026,臺中市,北區,中正里,Zhongzheng Vil.,B,66000,B05,66000050,,6276
6120,66000050027,臺中市,北區,六合里,Liuhe Vil.,B,66000,B05,66000050,,6277
6121,66000050028,臺中市,北區,大湖里,Dahu Vil.,B,66000,B05,66000050,,6278
6122,66000050029,臺中市,北區,錦平里,Jinping Vil.,B,66000,B05,66000050,,6279
6123,66000050030,臺中市,北區,建德里,Jiande Vil.,B,66000,B05,66000050,,6280
6124,66000050031,臺中市,北區,崇德里,Chongde Vil.,B,66000,B05,66000050,,6281
6125,66000050032,臺中市,北區,賴旺里,Laiwang Vil.,B,66000,B05,66000050,,6282
6126,66000050033,臺中市,北區,明新里,Mingxin Vil.,B,66000,B05,66000050,,6283
6127,66000050034,臺中市,北區,立人里,Liren Vil.,B,66000,B05,66000050,,6284
6128,66000050035,臺中市,北區,梅川里,Meichuan Vil.,B,66000,B05,66000050,,6285
6129,66000050036,臺中市,北區,賴福里,Laifu Vil.,B,66000,B05,66000050,,6286
6130,66000060001,臺中市,西屯區,西安里,Xi'an Vil.,B,66000,B06,66000060,,6287
6131,66000060002,臺中市,西屯區,西墩里,Xidun Vil.,B,66000,B06,66000060,,6288
6132,66000060003,臺中市,西屯區,潮洋里,Chaoyang Vil.,B,66000,B06,66000060,,6289
6133,66000060004,臺中市,西屯區,龍潭里,Longtan Vil.,B,66000,B06,66000060,,6290
6134,66000060005,臺中市,西屯區,惠來里,Huilai Vil.,B,66000,B06,66000060,,6291
6135,66000060006,臺中市,西屯區,上石里,Shangshi Vil.,B,66000,B06,66000060,,6292
6136,66000060007,臺中市,西屯區,逢甲里,Fengjia Vil.,B,66000,B06,66000060,,6293
6137,66000060008,臺中市,西屯區,鵬程里,Pengcheng Vil.,B,66000,B06,66000060,,6294
6138,66000060009,臺中市,西屯區,何安里,He'an Vil.,B,66000,B06,66000060,,6295
6139,66000060010,臺中市,西屯區,何厝里,Hecuo Vil.,B,66000,B06,66000060,,6296
6140,66000060011,臺中市,西屯區,大河里,Dahe Vil.,B,66000,B06,66000060,,6297
6141,66000060012,臺中市,西屯區,大石里,Dashi Vil.,B,66000,B06,66000060,,6298
6142,66000060013,臺中市,西屯區,大福里,Dafu Vil.,B,66000,B06,66000060,,6299
6143,66000060014,臺中市,西屯區,大鵬里,Dapeng Vil.,B,66000,B06,66000060,,6300
6144,66000060015,臺中市,西屯區,港尾里,Gangwei Vil.,B,66000,B06,66000060,,6301
6145,66000060016,臺中市,西屯區,廣福里,Guangfu Vil.,B,66000,B06,66000060,,6302
6146,66000060017,臺中市,西屯區,林厝里,Lincuo Vil.,B,66000,B06,66000060,,6303
6147,66000060018,臺中市,西屯區,永安里,Yong'an Vil.,B,66000,B06,66000060,,6304
6148,66000060019,臺中市,西屯區,福安里,Fu'an Vil.,B,66000,B06,66000060,,6305
6149,66000060020,臺中市,西屯區,協和里,Xiehe Vil.,B,66000,B06,66000060,,6306
6150,66000060021,臺中市,西屯區,何仁里,Heren Vil.,B,66000,B06,66000060,,6307
6151,66000060022,臺中市,西屯區,何德里,Hede Vil.,B,66000,B06,66000060,,6308
6152,66000060023,臺中市,西屯區,何源里,Heyuan Vil.,B,66000,B06,66000060,,6309
6153,66000060024,臺中市,西屯區,西平里,Xiping Vil.,B,66000,B06,66000060,,6310
6154,66000060025,臺中市,西屯區,何南里,Henan Vil.,B,66000,B06,66000060,,6311
6155,66000060026,臺中市,西屯區,至善里,Zhishan Vil.,B,66000,B06,66000060,,6312
6156,66000060027,臺中市,西屯區,上安里,Shang'an Vil.,B,66000,B06,66000060,,6313
6157,66000060028,臺中市,西屯區,上德里,Shangde Vil.,B,66000,B06,66000060,,6314
6158,66000060029,臺中市,西屯區,逢福里,Fengfu Vil.,B,66000,B06,66000060,,6315
6159,66000060030,臺中市,西屯區,何明里,Heming Vil.,B,66000,B06,66000060,,6316
6160,66000060031,臺中市,西屯區,何成里,Hecheng Vil.,B,66000,B06,66000060,,6317
6161,66000060032,臺中市,西屯區,何福里,Hefu Vil.,B,66000,B06,66000060,,6318
6162,66000060033,臺中市,西屯區,福和里,Fuhe Vil.,B,66000,B06,66000060,,6319
6163,66000060034,臺中市,西屯區,福中里,Fuzhong Vil.,B,66000,B06,66000060,,6320
6164,66000060035,臺中市,西屯區,福恩里,Fu'en Vil.,B,66000,B06,66000060,,6321
6165,66000060036,臺中市,西屯區,福聯里,Fulian Vil.,B,66000,B06,66000060,,6322
6166,66000060037,臺中市,西屯區,福瑞里,Furui Vil.,B,66000,B06,66000060,,6323
6167,66000060038,臺中市,西屯區,福林里,Fulin Vil.,B,66000,B06,66000060,,6324
6168,66000060039,臺中市,西屯區,福雅里,Fuya Vil.,B,66000,B06,66000060,,6325
6169,66000070001,臺中市,南屯區,南屯里,Nantun Vil.,B,66000,B07,66000070,,6326
6170,66000070002,臺中市,南屯區,豐樂里,Fengle Vil.,B,66000,B07,66000070,,6327
6171,66000070003,臺中市,南屯區,楓樹里,Fengshu Vil.,B,66000,B07,66000070,,6328
6172,66000070004,臺中市,南屯區,中和里,Zhonghe Vil.,B,66000,B07,66000070,,6329
6173,66000070005,臺中市,南屯區,春社里,Chunshe Vil.,B,66000,B07,66000070,,6330
6174,66000070006,臺中市,南屯區,春安里,Chun'an Vil.,B,66000,B07,66000070,,6331
6175,66000070007,臺中市,南屯區,文山里,Wenshan Vil.,B,66000,B07,66000070,,6332
6176,66000070008,臺中市,南屯區,新生里,Xinsheng Vil.,B,66000,B07,66000070,,6333
6177,66000070009,臺中市,南屯區,永定里,Yongding Vil.,B,66000,B07,66000070,,6334
6178,66000070010,臺中市,南屯區,三厝里,Sancuo Vil.,B,66000,B07,66000070,,6335
6179,66000070011,臺中市,南屯區,溝墘里,Gouqian Vil.,B,66000,B07,66000070,,6336
6180,66000070012,臺中市,南屯區,田心里,Tianxin Vil.,B,66000,B07,66000070,,6337
6181,66000070013,臺中市,南屯區,黎明里,Liming Vil.,B,66000,B07,66000070,,6338
6182,66000070014,臺中市,南屯區,鎮平里,Zhenping Vil.,B,66000,B07,66000070,,6339
6183,66000070015,臺中市,南屯區,大同里,Datong Vil.,B,66000,B07,66000070,,6340
6184,66000070016,臺中市,南屯區,文心里,Wenxin Vil.,B,66000,B07,66000070,,6341
6185,66000070017,臺中市,南屯區,同心里,Tongxin Vil.,B,66000,B07,66000070,,6342
6186,66000070018,臺中市,南屯區,向心里,Xiangxin Vil.,B,66000,B07,66000070,,6343
6187,66000070019,臺中市,南屯區,大誠里,Dacheng Vil.,B,66000,B07,66000070,,6344
6188,66000070020,臺中市,南屯區,大興里,Daxing Vil.,B,66000,B07,66000070,,6345
6189,66000070021,臺中市,南屯區,大業里,Daye Vil.,B,66000,B07,66000070,,6346
6190,66000070022,臺中市,南屯區,惠中里,Huizhong Vil.,B,66000,B07,66000070,,6347
6191,66000070023,臺中市,南屯區,寶山里,Baoshan Vil.,B,66000,B07,66000070,,6348
6192,66000070024,臺中市,南屯區,三和里,Sanhe Vil.,B,66000,B07,66000070,,6349
6193,66000070025,臺中市,南屯區,三義里,Sanyi Vil.,B,66000,B07,66000070,,6350
6194,66000080001,臺中市,北屯區,北興里,Beixing Vil.,B,66000,B08,66000080,,6351
6195,66000080002,臺中市,北屯區,北屯里,Beitun Vil.,B,66000,B08,66000080,,6352
6196,66000080003,臺中市,北屯區,三光里,Sanguang Vil.,B,66000,B08,66000080,,6353
6197,66000080004,臺中市,北屯區,平田里,Pingtian Vil.,B,66000,B08,66000080,,6354
6198,66000080005,臺中市,北屯區,平和里,Pinghe Vil.,B,66000,B08,66000080,,6355
6199,66000080006,臺中市,北屯區,東光里,Dongguang Vil.,B,66000,B08,66000080,,6356
6200,66000080007,臺中市,北屯區,舊社里,Jiushe Vil.,B,66000,B08,66000080,,6357
6201,66000080008,臺中市,北屯區,水景里,Shuijing Vil.,B,66000,B08,66000080,,6358
6202,66000080009,臺中市,北屯區,軍功里,Jungong Vil.,B,66000,B08,66000080,,6359
6203,66000080010,臺中市,北屯區,和平里,Heping Vil.,B,66000,B08,66000080,,6360
6204,66000080011,臺中市,北屯區,東山里,Dongshan Vil.,B,66000,B08,66000080,,6361
6205,66000080012,臺中市,北屯區,民政里,Minzheng Vil.,B,66000,B08,66000080,,6362
6206,66000080013,臺中市,北屯區,廍子里,Buzi Vil.,B,66000,B08,66000080,,6363
6207,66000080014,臺中市,北屯區,大坑里,Dakeng Vil.,B,66000,B08,66000080,,6364
6208,66000080015,臺中市,北屯區,民德里,Minde Vil.,B,66000,B08,66000080,,6365
6209,66000080016,臺中市,北屯區,松竹里,Songzhu Vil.,B,66000,B08,66000080,,6366
6210,66000080017,臺中市,北屯區,仁和里,Renhe Vil.,B,66000,B08,66000080,,6367
6211,66000080018,臺中市,北屯區,仁美里,Renmei Vil.,B,66000,B08,66000080,,6368
6212,66000080019,臺中市,北屯區,四民里,Simin Vil.,B,66000,B08,66000080,,6369
6213,66000080020,臺中市,北屯區,后庄里,Houzhuang Vil.,B,66000,B08,66000080,,6370
6214,66000080021,臺中市,北屯區,同榮里,Tongrong Vil.,B,66000,B08,66000080,,6371
6215,66000080022,臺中市,北屯區,仁愛里,Ren'ai Vil.,B,66000,B08,66000080,,6372
6216,66000080023,臺中市,北屯區,水湳里,Shuinan Vil.,B,66000,B08,66000080,,6373
6217,66000080024,臺中市,北屯區,陳平里,Chenping Vil.,B,66000,B08,66000080,,6374
6218,66000080025,臺中市,北屯區,新平里,Xinping Vil.,B,66000,B08,66000080,,6375
6219,66000080026,臺中市,北屯區,平安里,Ping'an Vil.,B,66000,B08,66000080,,6376
6220,66000080027,臺中市,北屯區,平順里,Pingshun Vil.,B,66000,B08,66000080,,6377
6221,66000080028,臺中市,北屯區,平德里,Pingde Vil.,B,66000,B08,66000080,,6378
6222,66000080029,臺中市,北屯區,松安里,Song'an Vil.,B,66000,B08,66000080,,6379
6223,66000080030,臺中市,北屯區,松茂里,Songmao Vil.,B,66000,B08,66000080,,6380
6224,66000080031,臺中市,北屯區,大德里,Dade Vil.,B,66000,B08,66000080,,6381
6225,66000080032,臺中市,北屯區,松強里,Songqiang Vil.,B,66000,B08,66000080,,6382
6226,66000080033,臺中市,北屯區,松勇里,Songyong Vil.,B,66000,B08,66000080,,6383
6227,66000080034,臺中市,北屯區,北京里,Beijing Vil.,B,66000,B08,66000080,,6384
6228,66000080035,臺中市,北屯區,平心里,Pingxin Vil.,B,66000,B08,66000080,,6385
6229,66000080036,臺中市,北屯區,平福里,Pingfu Vil.,B,66000,B08,66000080,,6386
6230,66000080037,臺中市,北屯區,松和里,Songhe Vil.,B,66000,B08,66000080,,6387
6231,66000080038,臺中市,北屯區,平陽里,Pingyang Vil.,B,66000,B08,66000080,,6388
6232,66000080039,臺中市,北屯區,平興里,Pingxing Vil.,B,66000,B08,66000080,,6389
6233,66000080040,臺中市,北屯區,平昌里,Pingchang Vil.,B,66000,B08,66000080,,6390
6234,66000080041,臺中市,北屯區,三和里,Sanhe Vil.,B,66000,B08,66000080,,6391
6235,66000080042,臺中市,北屯區,忠平里,Zhongping Vil.,B,66000,B08,66000080,,6392
6236,66000090001,臺中市,豐原區,豐原里,Fengyuan Vil.,B,66000,B09,66000090,,6393
6237,66000090002,臺中市,豐原區,頂街里,Dingjie Vil.,B,66000,B09,66000090,,6394
6238,66000090003,臺中市,豐原區,中山里,Zhongshan Vil.,B,66000,B09,66000090,,6395
6239,66000090004,臺中市,豐原區,豐榮里,Fengrong Vil.,B,66000,B09,66000090,,6396
6240,66000090005,臺中市,豐原區,下街里,Xiajie Vil.,B,66000,B09,66000090,,6397
6241,66000090006,臺中市,豐原區,富春里,Fuchun Vil.,B,66000,B09,66000090,,6398
6242,66000090007,臺中市,豐原區,葫蘆里,Hulu Vil.,B,66000,B09,66000090,,6399
6243,66000090008,臺中市,豐原區,豐西里,Fengxi Vil.,B,66000,B09,66000090,,6400
6244,66000090009,臺中市,豐原區,西安里,Xi'an Vil.,B,66000,B09,66000090,,6401
6245,66000090010,臺中市,豐原區,西勢里,Xishi Vil.,B,66000,B09,66000090,,6402
6246,66000090011,臺中市,豐原區,東勢里,Dongshi Vil.,B,66000,B09,66000090,,6403
6247,66000090012,臺中市,豐原區,民生里,Minsheng Vil.,B,66000,B09,66000090,,6404
6248,66000090013,臺中市,豐原區,大湳里,Danan Vil.,B,66000,B09,66000090,,6405
6249,66000090014,臺中市,豐原區,北湳里,Beinan Vil.,B,66000,B09,66000090,,6406
6250,66000090015,臺中市,豐原區,東湳里,Dongnan Vil.,B,66000,B09,66000090,,6407
6251,66000090016,臺中市,豐原區,西湳里,Xinan Vil.,B,66000,B09,66000090,,6408
6252,66000090017,臺中市,豐原區,圳寮里,Zunliao Vil.,B,66000,B09,66000090,,6409
6253,66000090018,臺中市,豐原區,豐圳里,Fengzun Vil.,B,66000,B09,66000090,,6410
6254,66000090019,臺中市,豐原區,社皮里,Shepi Vil.,B,66000,B09,66000090,,6411
6255,66000090020,臺中市,豐原區,三村里,Sancun Vil.,B,66000,B09,66000090,,6412
6256,66000090021,臺中市,豐原區,中興里,Zhongxing Vil.,B,66000,B09,66000090,,6413
6257,66000090022,臺中市,豐原區,田心里,Tianxin Vil.,B,66000,B09,66000090,,6414
6258,66000090023,臺中市,豐原區,豐田里,Fengtian Vil.,B,66000,B09,66000090,,6415
6259,66000090024,臺中市,豐原區,鎌村里,Liancun Vil.,B,66000,B09,66000090,,6416
6260,66000090025,臺中市,豐原區,南陽里,Nanyang Vil.,B,66000,B09,66000090,,6417
6261,66000090026,臺中市,豐原區,陽明里,Yangming Vil.,B,66000,B09,66000090,,6418
6262,66000090027,臺中市,豐原區,北陽里,Beiyang Vil.,B,66000,B09,66000090,,6419
6263,66000090028,臺中市,豐原區,中陽里,Zhongyang Vil.,B,66000,B09,66000090,,6420
6264,66000090029,臺中市,豐原區,東陽里,Dongyang Vil.,B,66000,B09,66000090,,6421
6265,66000090030,臺中市,豐原區,南村里,Nancun Vil.,B,66000,B09,66000090,,6422
6266,66000090031,臺中市,豐原區,南田里,Nantian Vil.,B,66000,B09,66000090,,6423
6267,66000090032,臺中市,豐原區,南嵩里,Nansong Vil.,B,66000,B09,66000090,,6424
6268,66000090033,臺中市,豐原區,翁明里,Wengming Vil.,B,66000,B09,66000090,,6425
6269,66000090034,臺中市,豐原區,翁子里,Wengzi Vil.,B,66000,B09,66000090,,6426
6270,66000090035,臺中市,豐原區,翁社里,Wengshe Vil.,B,66000,B09,66000090,,6427
6271,66000090036,臺中市,豐原區,朴子里,Puzi Vil.,B,66000,B09,66000090,,6428
6272,66000100001,臺中市,東勢區,北興里,Beixing Vil.,B,66000,B10,66000100,,6429
6273,66000100002,臺中市,東勢區,中寧里,Zhongning Vil.,B,66000,B10,66000100,,6430
6274,66000100003,臺中市,東勢區,東安里,Dong'an Vil.,B,66000,B10,66000100,,6431
6275,66000100004,臺中市,東勢區,南平里,Nanping Vil.,B,66000,B10,66000100,,6432
6276,66000100005,臺中市,東勢區,延平里,Yanping Vil.,B,66000,B10,66000100,,6433
6277,66000100006,臺中市,東勢區,上新里,Shangxin Vil.,B,66000,B10,66000100,,6434
6278,66000100007,臺中市,東勢區,廣興里,Guangxing Vil.,B,66000,B10,66000100,,6435
6279,66000100008,臺中市,東勢區,泰昌里,Taichang Vil.,B,66000,B10,66000100,,6436
6280,66000100009,臺中市,東勢區,中嵙里,Zhongke Vil.,B,66000,B10,66000100,,6437
6281,66000100010,臺中市,東勢區,福隆里,Fulong Vil.,B,66000,B10,66000100,,6438
6282,66000100011,臺中市,東勢區,隆興里,Longxing Vil.,B,66000,B10,66000100,,6439
6283,66000100012,臺中市,東勢區,新盛里,Xincheng Vil.,B,66000,B10,66000100,,6440
6284,66000100013,臺中市,東勢區,詒福里,Yifu Vil.,B,66000,B10,66000100,,6441
6285,66000100014,臺中市,東勢區,上城里,Shangcheng Vil.,B,66000,B10,66000100,,6442
6286,66000100015,臺中市,東勢區,下城里,Xiacheng Vil.,B,66000,B10,66000100,,6443
6287,66000100016,臺中市,東勢區,慶東里,Qingdong Vil.,B,66000,B10,66000100,,6444
6288,66000100017,臺中市,東勢區,慶福里,Qingfu Vil.,B,66000,B10,66000100,,6445
6289,66000100018,臺中市,東勢區,東新里,Dongxin Vil.,B,66000,B10,66000100,,6446
6290,66000100019,臺中市,東勢區,粵寧里,Yuening Vil.,B,66000,B10,66000100,,6447
6291,66000100020,臺中市,東勢區,下新里,Xiaxin Vil.,B,66000,B10,66000100,,6448
6292,66000100021,臺中市,東勢區,興隆里,Xinglong Vil.,B,66000,B10,66000100,,6449
6293,66000100022,臺中市,東勢區,茂興里,Maoxing Vil.,B,66000,B10,66000100,,6450
6294,66000100023,臺中市,東勢區,泰興里,Taixing Vil.,B,66000,B10,66000100,,6451
6295,66000100024,臺中市,東勢區,埤頭里,Pitou Vil.,B,66000,B10,66000100,,6452
6296,66000100025,臺中市,東勢區,明正里,Mingzheng Vil.,B,66000,B10,66000100,,6453
6297,66000110001,臺中市,大甲區,朝陽里,Zhaoyang Vil.,B,66000,B11,66000110,,6454
6298,66000110002,臺中市,大甲區,大甲里,Dajia Vil.,B,66000,B11,66000110,,6455
6299,66000110003,臺中市,大甲區,順天里,Shuntian Vil.,B,66000,B11,66000110,,6456
6300,66000110004,臺中市,大甲區,孔門里,Kongmen Vil.,B,66000,B11,66000110,,6457
6301,66000110005,臺中市,大甲區,平安里,Ping'an Vil.,B,66000,B11,66000110,,6458
6302,66000110006,臺中市,大甲區,庄美里,Zhuangmei Vil.,B,66000,B11,66000110,,6459
6303,66000110007,臺中市,大甲區,新美里,Xinmei Vil.,B,66000,B11,66000110,,6460
6304,66000110008,臺中市,大甲區,岷山里,Minshan Vil.,B,66000,B11,66000110,,6461
6305,66000110009,臺中市,大甲區,中山里,Zhongshan Vil.,B,66000,B11,66000110,,6462
6306,66000110010,臺中市,大甲區,南陽里,Nanyang Vil.,B,66000,B11,66000110,,6463
6307,66000110011,臺中市,大甲區,薰風里,Xuenfeng Vil.,B,66000,B11,66000110,,6464
6308,66000110012,臺中市,大甲區,義和里,Yihe Vil.,B,66000,B11,66000110,,6465
6309,66000110013,臺中市,大甲區,武陵里,Wuling Vil.,B,66000,B11,66000110,,6466
6310,66000110014,臺中市,大甲區,文曲里,Wenqu Vil.,B,66000,B11,66000110,,6467
6311,66000110015,臺中市,大甲區,武曲里,Wuqu Vil.,B,66000,B11,66000110,,6468
6312,66000110016,臺中市,大甲區,文武里,Wenwu Vil.,B,66000,B11,66000110,,6469
6313,66000110017,臺中市,大甲區,奉化里,Fenghua Vil.,B,66000,B11,66000110,,6470
6314,66000110018,臺中市,大甲區,德化里,Dehua Vil.,B,66000,B11,66000110,,6471
6315,66000110019,臺中市,大甲區,江南里,Jiangnan Vil.,B,66000,B11,66000110,,6472
6316,66000110020,臺中市,大甲區,頂店里,Dingdian Vil.,B,66000,B11,66000110,,6473
6317,66000110021,臺中市,大甲區,太白里,Taibai Vil.,B,66000,B11,66000110,,6474
6318,66000110022,臺中市,大甲區,孟春里,Mengchun Vil.,B,66000,B11,66000110,,6475
6319,66000110023,臺中市,大甲區,幸福里,Xingfu Vil.,B,66000,B11,66000110,,6476
6320,66000110024,臺中市,大甲區,日南里,Rinan Vil.,B,66000,B11,66000110,,6477
6321,66000110025,臺中市,大甲區,龍泉里,Longquan Vil.,B,66000,B11,66000110,,6478
6322,66000110026,臺中市,大甲區,西岐里,Xiqi Vil.,B,66000,B11,66000110,,6479
6323,66000110027,臺中市,大甲區,銅安里,Tong'an Vil.,B,66000,B11,66000110,,6480
6324,66000110028,臺中市,大甲區,福德里,Fude Vil.,B,66000,B11,66000110,,6481
6325,66000110029,臺中市,大甲區,建興里,Jianxing Vil.,B,66000,B11,66000110,,6482
6326,66000120001,臺中市,清水區,鰲峰里,Aofeng Vil.,B,66000,B12,66000120,,6483
6327,66000120002,臺中市,清水區,靈泉里,Lingquan Vil.,B,66000,B12,66000120,,6484
6328,66000120003,臺中市,清水區,清水里,Qingshui Vil.,B,66000,B12,66000120,,6485
6329,66000120004,臺中市,清水區,文昌里,Wenchang Vil.,B,66000,B12,66000120,,6486
6330,66000120005,臺中市,清水區,南寧里,Nanning Vil.,B,66000,B12,66000120,,6487
6331,66000120006,臺中市,清水區,西寧里,Xining Vil.,B,66000,B12,66000120,,6488
6332,66000120007,臺中市,清水區,北寧里,Beining Vil.,B,66000,B12,66000120,,6489
6333,66000120008,臺中市,清水區,中興里,Zhongxing Vil.,B,66000,B12,66000120,,6490
6334,66000120009,臺中市,清水區,西社里,Xishe Vil.,B,66000,B12,66000120,,6491
6335,66000120010,臺中市,清水區,南社里,Nanshe Vil.,B,66000,B12,66000120,,6492
6336,66000120011,臺中市,清水區,裕嘉里,Yujia Vil.,B,66000,B12,66000120,,6493
6337,66000120012,臺中市,清水區,臨江里,Linjiang Vil.,B,66000,B12,66000120,,6494
6338,66000120013,臺中市,清水區,秀水里,Xiushui Vil.,B,66000,B12,66000120,,6495
6339,66000120014,臺中市,清水區,武鹿里,Wulu Vil.,B,66000,B12,66000120,,6496
6340,66000120015,臺中市,清水區,海濱里,Haibin Vil.,B,66000,B12,66000120,,6497
6341,66000120016,臺中市,清水區,槺榔里,Kanglang Vil.,B,66000,B12,66000120,,6498
6342,66000120017,臺中市,清水區,中社里,Zhongshe Vil.,B,66000,B12,66000120,,6499
6343,66000120018,臺中市,清水區,高西里,Gaoxi Vil.,B,66000,B12,66000120,,6500
6344,66000120019,臺中市,清水區,高南里,Gaonan Vil.,B,66000,B12,66000120,,6501
6345,66000120020,臺中市,清水區,高東里,Gaodong Vil.,B,66000,B12,66000120,,6502
6346,66000120021,臺中市,清水區,高北里,Gaobei Vil.,B,66000,B12,66000120,,6503
6347,66000120022,臺中市,清水區,高美里,Gaomei Vil.,B,66000,B12,66000120,,6504
6348,66000120023,臺中市,清水區,國姓里,Guoxing Vil.,B,66000,B12,66000120,,6505
6349,66000120024,臺中市,清水區,菁埔里,Jingpu Vil.,B,66000,B12,66000120,,6506
6350,66000120025,臺中市,清水區,頂湳里,Dingnan Vil.,B,66000,B12,66000120,,6507
6351,66000120026,臺中市,清水區,田寮里,Tianliao Vil.,B,66000,B12,66000120,,6508
6352,66000120027,臺中市,清水區,橋頭里,Qiaotou Vil.,B,66000,B12,66000120,,6509
6353,66000120028,臺中市,清水區,下湳里,Xianan Vil.,B,66000,B12,66000120,,6510
6354,66000120029,臺中市,清水區,東山里,Dongshan Vil.,B,66000,B12,66000120,,6511
6355,66000120030,臺中市,清水區,楊厝里,Yangcuo Vil.,B,66000,B12,66000120,,6512
6356,66000120031,臺中市,清水區,海風里,Haifeng Vil.,B,66000,B12,66000120,,6513
6357,66000120032,臺中市,清水區,吳厝里,Wucuo Vil.,B,66000,B12,66000120,,6514
6358,66000120S01,臺中市,清水區,,,B,66000,B12,66000120,未編定村里,6515
6358,66000120S02,臺中市,清水區,,,B,66000,B12,66000120,未編定村里,6516
6358,66000120S03,臺中市,清水區,,,B,66000,B12,66000120,未編定村里,6517
6359,66000130001,臺中市,沙鹿區,居仁里,Juren Vil.,B,66000,B13,66000130,,6518
6360,66000130002,臺中市,沙鹿區,洛泉里,Luoquan Vil.,B,66000,B13,66000130,,6519
6361,66000130003,臺中市,沙鹿區,沙鹿里,Shalu Vil.,B,66000,B13,66000130,,6520
6362,66000130004,臺中市,沙鹿區,美仁里,Meiren Vil.,B,66000,B13,66000130,,6521
6363,66000130005,臺中市,沙鹿區,興仁里,Xingren Vil.,B,66000,B13,66000130,,6522
6364,66000130006,臺中市,沙鹿區,斗抵里,Doudi Vil.,B,66000,B13,66000130,,6523
6365,66000130007,臺中市,沙鹿區,鹿峰里,Lufeng Vil.,B,66000,B13,66000130,,6524
6366,66000130008,臺中市,沙鹿區,鹿寮里,Luliao Vil.,B,66000,B13,66000130,,6525
6367,66000130009,臺中市,沙鹿區,竹林里,Zhulin Vil.,B,66000,B13,66000130,,6526
6368,66000130010,臺中市,沙鹿區,犁分里,Lifen Vil.,B,66000,B13,66000130,,6527
6369,66000130011,臺中市,沙鹿區,北勢里,Beishi Vil.,B,66000,B13,66000130,,6528
6370,66000130012,臺中市,沙鹿區,福興里,Fuxing Vil.,B,66000,B13,66000130,,6529
6371,66000130013,臺中市,沙鹿區,晉江里,Jinjiang Vil.,B,66000,B13,66000130,,6530
6372,66000130014,臺中市,沙鹿區,六路里,Liulu Vil.,B,66000,B13,66000130,,6531
6373,66000130015,臺中市,沙鹿區,南勢里,Nanshi Vil.,B,66000,B13,66000130,,6532
6374,66000130016,臺中市,沙鹿區,埔子里,Puzi Vil.,B,66000,B13,66000130,,6533
6375,66000130017,臺中市,沙鹿區,公明里,Gongming Vil.,B,66000,B13,66000130,,6534
6376,66000130018,臺中市,沙鹿區,清泉里,Qingquan Vil.,B,66000,B13,66000130,,6535
6377,66000130019,臺中市,沙鹿區,西勢里,Xishi Vil.,B,66000,B13,66000130,,6536
6378,66000130020,臺中市,沙鹿區,興安里,Xing'an Vil.,B,66000,B13,66000130,,6537
6379,66000130021,臺中市,沙鹿區,三鹿里,Sanlu Vil.,B,66000,B13,66000130,,6538
6380,66000140001,臺中市,梧棲區,頂寮里,Dingliao Vil.,B,66000,B14,66000140,,6539
6381,66000140002,臺中市,梧棲區,下寮里,Xialiao Vil.,B,66000,B14,66000140,,6540
6382,66000140003,臺中市,梧棲區,中正里,Zhongzheng Vil.,B,66000,B14,66000140,,6541
6383,66000140004,臺中市,梧棲區,中和里,Zhonghe Vil.,B,66000,B14,66000140,,6542
6384,66000140005,臺中市,梧棲區,文化里,Wenhua Vil.,B,66000,B14,66000140,,6543
6385,66000140006,臺中市,梧棲區,安仁里,Anren Vil.,B,66000,B14,66000140,,6544
6386,66000140007,臺中市,梧棲區,草湳里,Caonan Vil.,B,66000,B14,66000140,,6545
6387,66000140008,臺中市,梧棲區,南簡里,Nanjian Vil.,B,66000,B14,66000140,,6546
6388,66000140009,臺中市,梧棲區,福德里,Fude Vil.,B,66000,B14,66000140,,6547
6389,66000140010,臺中市,梧棲區,大庄里,Dazhuang Vil.,B,66000,B14,66000140,,6548
6390,66000140011,臺中市,梧棲區,大村里,Dacun Vil.,B,66000,B14,66000140,,6549
6391,66000140012,臺中市,梧棲區,興農里,Xingnong Vil.,B,66000,B14,66000140,,6550
6392,66000140013,臺中市,梧棲區,永寧里,Yongning Vil.,B,66000,B14,66000140,,6551
6393,66000140014,臺中市,梧棲區,永安里,Yong'an Vil.,B,66000,B14,66000140,,6552
6394,66000140S01,臺中市,梧棲區,,,B,66000,B14,66000140,未編定村里,6553
6395,66000150001,臺中市,后里區,廣福里,Guangfu Vil.,B,66000,B15,66000150,,6554
6396,66000150002,臺中市,后里區,仁里里,Renli Vil.,B,66000,B15,66000150,,6555
6397,66000150003,臺中市,后里區,義里里,Yili Vil.,B,66000,B15,66000150,,6556
6398,66000150004,臺中市,后里區,后里里,Houli Vil.,B,66000,B15,66000150,,6557
6399,66000150005,臺中市,后里區,厚里里,Houli Vil.,B,66000,B15,66000150,,6558
6400,66000150006,臺中市,后里區,墩東里,Dundong Vil.,B,66000,B15,66000150,,6559
6401,66000150007,臺中市,后里區,墩西里,Dunxi Vil.,B,66000,B15,66000150,,6560
6402,66000150008,臺中市,后里區,墩南里,Dunnan Vil.,B,66000,B15,66000150,,6561
6403,66000150009,臺中市,后里區,墩北里,Dunbei Vil.,B,66000,B15,66000150,,6562
6404,66000150010,臺中市,后里區,中和里,Zhonghe Vil.,B,66000,B15,66000150,,6563
6405,66000150011,臺中市,后里區,舊社里,Jiushe Vil.,B,66000,B15,66000150,,6564
6406,66000150012,臺中市,后里區,聯合里,Lianhe Vil.,B,66000,B15,66000150,,6565
6407,66000150013,臺中市,后里區,太平里,Taiping Vil.,B,66000,B15,66000150,,6566
6408,66000150014,臺中市,后里區,眉山里,Meishan Vil.,B,66000,B15,66000150,,6567
6409,66000150015,臺中市,后里區,泰安里,Tai'an Vil.,B,66000,B15,66000150,,6568
6410,66000150016,臺中市,后里區,公館里,Gongguan Vil.,B,66000,B15,66000150,,6569
6411,66000150017,臺中市,后里區,月眉里,Yuemei Vil.,B,66000,B15,66000150,,6570
6412,66000150018,臺中市,后里區,義德里,Yide Vil.,B,66000,B15,66000150,,6571
6413,66000160001,臺中市,神岡區,神岡里,Shengang Vil.,B,66000,B16,66000160,,6572
6414,66000160002,臺中市,神岡區,庄前里,Zhuangqian Vil.,B,66000,B16,66000160,,6573
6415,66000160003,臺中市,神岡區,北庄里,Beizhuang Vil.,B,66000,B16,66000160,,6574
6416,66000160004,臺中市,神岡區,庄後里,Zhuanghou Vil.,B,66000,B16,66000160,,6575
6417,66000160005,臺中市,神岡區,社口里,Shekou Vil.,B,66000,B16,66000160,,6576
6418,66000160006,臺中市,神岡區,社南里,Shenan Vil.,B,66000,B16,66000160,,6577
6419,66000160007,臺中市,神岡區,三角里,Sanjiao Vil.,B,66000,B16,66000160,,6578
6420,66000160008,臺中市,神岡區,岸裡里,Anli Vil.,B,66000,B16,66000160,,6579
6421,66000160009,臺中市,神岡區,大社里,Dashe Vil.,B,66000,B16,66000160,,6580
6422,66000160010,臺中市,神岡區,豐洲里,Fengzhou Vil.,B,66000,B16,66000160,,6581
6423,66000160011,臺中市,神岡區,神洲里,Shenzhou Vil.,B,66000,B16,66000160,,6582
6424,66000160012,臺中市,神岡區,溪洲里,Xizhou Vil.,B,66000,B16,66000160,,6583
6425,66000160013,臺中市,神岡區,圳前里,Zunqian Vil.,B,66000,B16,66000160,,6584
6426,66000160014,臺中市,神岡區,新庄里,Xinzhuang Vil.,B,66000,B16,66000160,,6585
6427,66000160015,臺中市,神岡區,圳堵里,Zundu Vil.,B,66000,B16,66000160,,6586
6428,66000160016,臺中市,神岡區,山皮里,Shanpi Vil.,B,66000,B16,66000160,,6587
6429,66000170001,臺中市,潭子區,潭陽里,Tanyang Vil.,B,66000,B17,66000170,,6588
6430,66000170002,臺中市,潭子區,潭秀里,Tanxiu Vil.,B,66000,B17,66000170,,6589
6431,66000170003,臺中市,潭子區,潭北里,Tanbei Vil.,B,66000,B17,66000170,,6590
6432,66000170004,臺中市,潭子區,福仁里,Furen Vil.,B,66000,B17,66000170,,6591
6433,66000170005,臺中市,潭子區,頭家里,Toujia Vil.,B,66000,B17,66000170,,6592
6434,66000170006,臺中市,潭子區,甘蔗里,Ganzhe Vil.,B,66000,B17,66000170,,6593
6435,66000170007,臺中市,潭子區,東寶里,Dongbao Vil.,B,66000,B17,66000170,,6594
6436,66000170008,臺中市,潭子區,大富里,Dafu Vil.,B,66000,B17,66000170,,6595
6437,66000170009,臺中市,潭子區,大豐里,Dafeng Vil.,B,66000,B17,66000170,,6596
6438,66000170010,臺中市,潭子區,栗林里,Lilin Vil.,B,66000,B17,66000170,,6597
6439,66000170011,臺中市,潭子區,嘉仁里,Jiaren Vil.,B,66000,B17,66000170,,6598
6440,66000170012,臺中市,潭子區,新田里,Xintian Vil.,B,66000,B17,66000170,,6599
6441,66000170013,臺中市,潭子區,聚興里,Juxing Vil.,B,66000,B17,66000170,,6600
6442,66000170014,臺中市,潭子區,頭家東里,Toujiadong Vil.,B,66000,B17,66000170,,6601
6443,66000170015,臺中市,潭子區,家興里,Jiaxing Vil.,B,66000,B17,66000170,,6602
6444,66000170016,臺中市,潭子區,家福里,Jiafu Vil.,B,66000,B17,66000170,,6603
6445,66000180001,臺中市,大雅區,大雅里,Daya Vil.,B,66000,B18,66000180,,6604
6446,66000180002,臺中市,大雅區,員林里,Yuanlin Vil.,B,66000,B18,66000180,,6605
6447,66000180003,臺中市,大雅區,六寶里,Liubao Vil.,B,66000,B18,66000180,,6606
6448,66000180004,臺中市,大雅區,秀山里,Xiushan Vil.,B,66000,B18,66000180,,6607
6449,66000180005,臺中市,大雅區,忠義里,Zhongyi Vil.,B,66000,B18,66000180,,6608
6450,66000180006,臺中市,大雅區,橫山里,Hengshan Vil.,B,66000,B18,66000180,,6609
6451,66000180007,臺中市,大雅區,三和里,Sanhe Vil.,B,66000,B18,66000180,,6610
6452,66000180008,臺中市,大雅區,西寶里,Xibao Vil.,B,66000,B18,66000180,,6611
6453,66000180009,臺中市,大雅區,上楓里,Shangfeng Vil.,B,66000,B18,66000180,,6612
6454,66000180010,臺中市,大雅區,二和里,Erhe Vil.,B,66000,B18,66000180,,6613
6455,66000180011,臺中市,大雅區,四德里,Side Vil.,B,66000,B18,66000180,,6614
6456,66000180012,臺中市,大雅區,上雅里,Shangya Vil.,B,66000,B18,66000180,,6615
6457,66000180013,臺中市,大雅區,文雅里,Wenya Vil.,B,66000,B18,66000180,,6616
6458,66000180014,臺中市,大雅區,大楓里,Dafeng Vil.,B,66000,B18,66000180,,6617
6459,66000180015,臺中市,大雅區,雅楓里,Yafeng Vil.,B,66000,B18,66000180,,6618
6460,66000190001,臺中市,新社區,新社里,Xinshe Vil.,B,66000,B19,66000190,,6619
6461,66000190002,臺中市,新社區,復盛里,Fucheng Vil.,B,66000,B19,66000190,,6620
6462,66000190003,臺中市,新社區,中正里,Zhongzheng Vil.,B,66000,B19,66000190,,6621
6463,66000190004,臺中市,新社區,月湖里,Yuehu Vil.,B,66000,B19,66000190,,6622
6464,66000190005,臺中市,新社區,崑山里,Kunshan Vil.,B,66000,B19,66000190,,6623
6465,66000190006,臺中市,新社區,大南里,Danan Vil.,B,66000,B19,66000190,,6624
6466,66000190007,臺中市,新社區,永源里,Yongyuan Vil.,B,66000,B19,66000190,,6625
6467,66000190008,臺中市,新社區,中興里,Zhongxing Vil.,B,66000,B19,66000190,,6626
6468,66000190009,臺中市,新社區,協成里,Xiecheng Vil.,B,66000,B19,66000190,,6627
6469,66000190010,臺中市,新社區,東興里,Dongxing Vil.,B,66000,B19,66000190,,6628
6470,66000190011,臺中市,新社區,慶西里,Qingxi Vil.,B,66000,B19,66000190,,6629
6471,66000190012,臺中市,新社區,中和里,Zhonghe Vil.,B,66000,B19,66000190,,6630
6472,66000190013,臺中市,新社區,福興里,Fuxing Vil.,B,66000,B19,66000190,,6631
6473,66000200001,臺中市,石岡區,石岡里,Shigang Vil.,B,66000,B20,66000200,,6632
6474,66000200002,臺中市,石岡區,萬安里,Wan'an Vil.,B,66000,B20,66000200,,6633
6475,66000200003,臺中市,石岡區,九房里,Jiufang Vil.,B,66000,B20,66000200,,6634
6476,66000200004,臺中市,石岡區,金星里,Jinxing Vil.,B,66000,B20,66000200,,6635
6477,66000200005,臺中市,石岡區,龍興里,Longxing Vil.,B,66000,B20,66000200,,6636
6478,66000200006,臺中市,石岡區,萬興里,Wanxing Vil.,B,66000,B20,66000200,,6637
6479,66000200007,臺中市,石岡區,梅子里,Meizi Vil.,B,66000,B20,66000200,,6638
6480,66000200008,臺中市,石岡區,土牛里,Tuniu Vil.,B,66000,B20,66000200,,6639
6481,66000200009,臺中市,石岡區,德興里,Dexing Vil.,B,66000,B20,66000200,,6640
6482,66000200010,臺中市,石岡區,和盛里,Hecheng Vil.,B,66000,B20,66000200,,6641
6483,66000210001,臺中市,外埔區,永豐里,Yongfeng Vil.,B,66000,B21,66000210,,6642
6484,66000210002,臺中市,外埔區,六分里,Liufen Vil.,B,66000,B21,66000210,,6643
6485,66000210003,臺中市,外埔區,三崁里,Sankan Vil.,B,66000,B21,66000210,,6644
6486,66000210004,臺中市,外埔區,大同里,Datong Vil.,B,66000,B21,66000210,,6645
6487,66000210005,臺中市,外埔區,水美里,Shuimei Vil.,B,66000,B21,66000210,,6646
6488,66000210006,臺中市,外埔區,大東里,Dadong Vil.,B,66000,B21,66000210,,6647
6489,66000210007,臺中市,外埔區,馬鳴里,Maming Vil.,B,66000,B21,66000210,,6648
6490,66000210008,臺中市,外埔區,中山里,Zhongshan Vil.,B,66000,B21,66000210,,6649
6491,66000210009,臺中市,外埔區,鐵山里,Tieshan Vil.,B,66000,B21,66000210,,6650
6492,66000210010,臺中市,外埔區,土城里,Tucheng Vil.,B,66000,B21,66000210,,6651
6493,66000210011,臺中市,外埔區,廍子里,Buzi Vil.,B,66000,B21,66000210,,6652
6494,66000220001,臺中市,大安區,南埔里,Nanpu Vil.,B,66000,B22,66000220,,6653
6495,66000220002,臺中市,大安區,南庄里,Nanzhuang Vil.,B,66000,B22,66000220,,6654
6496,66000220003,臺中市,大安區,中庄里,Zhongzhuang Vil.,B,66000,B22,66000220,,6655
6497,66000220004,臺中市,大安區,龜[壳]里,Guike Vil.,B,66000,B22,66000220,,6656
6498,66000220005,臺中市,大安區,福興里,Fuxing Vil.,B,66000,B22,66000220,,6657
6499,66000220006,臺中市,大安區,東安里,Dong'an Vil.,B,66000,B22,66000220,,6658
6500,66000220007,臺中市,大安區,頂安里,Ding'an Vil.,B,66000,B22,66000220,,6659
6501,66000220008,臺中市,大安區,永安里,Yong'an Vil.,B,66000,B22,66000220,,6660
6502,66000220009,臺中市,大安區,福住里,Fuzhu Vil.,B,66000,B22,66000220,,6661
6503,66000220010,臺中市,大安區,海墘里,Haiqian Vil.,B,66000,B22,66000220,,6662
6504,66000220011,臺中市,大安區,西安里,Xi'an Vil.,B,66000,B22,66000220,,6663
6505,66000220012,臺中市,大安區,松雅里,Songya Vil.,B,66000,B22,66000220,,6664
6506,66000230001,臺中市,烏日區,烏日里,Wuri Vil.,B,66000,B23,66000230,,6665
6507,66000230002,臺中市,烏日區,湖日里,Huri Vil.,B,66000,B23,66000230,,6666
6508,66000230003,臺中市,烏日區,三和里,Sanhe Vil.,B,66000,B23,66000230,,6667
6509,66000230004,臺中市,烏日區,榮泉里,Rongquan Vil.,B,66000,B23,66000230,,6668
6510,66000230005,臺中市,烏日區,學田里,Xuetian Vil.,B,66000,B23,66000230,,6669
6511,66000230006,臺中市,烏日區,九德里,Jiude Vil.,B,66000,B23,66000230,,6670
6512,66000230007,臺中市,烏日區,仁德里,Rende Vil.,B,66000,B23,66000230,,6671
6513,66000230008,臺中市,烏日區,前竹里,Qianzhu Vil.,B,66000,B23,66000230,,6672
6514,66000230009,臺中市,烏日區,五光里,Wuguang Vil.,B,66000,B23,66000230,,6673
6515,66000230010,臺中市,烏日區,光明里,Guangming Vil.,B,66000,B23,66000230,,6674
6516,66000230011,臺中市,烏日區,東園里,Dongyuan Vil.,B,66000,B23,66000230,,6675
6517,66000230012,臺中市,烏日區,溪埧里,Xiju Vil.,B,66000,B23,66000230,,6676
6518,66000230013,臺中市,烏日區,螺潭里,Luotan Vil.,B,66000,B23,66000230,,6677
6519,66000230014,臺中市,烏日區,北里里,Beili Vil.,B,66000,B23,66000230,,6678
6520,66000230015,臺中市,烏日區,南里里,Nanli Vil.,B,66000,B23,66000230,,6679
6521,66000230016,臺中市,烏日區,溪尾里,Xiwei Vil.,B,66000,B23,66000230,,6680
6522,66000240001,臺中市,大肚區,王田里,Wangtian Vil.,B,66000,B24,66000240,,6681
6523,66000240002,臺中市,大肚區,中和里,Zhonghe Vil.,B,66000,B24,66000240,,6682
6524,66000240003,臺中市,大肚區,福山里,Fushan Vil.,B,66000,B24,66000240,,6683
6525,66000240004,臺中市,大肚區,營埔里,Yingpu Vil.,B,66000,B24,66000240,,6684
6526,66000240005,臺中市,大肚區,社腳里,Shejiao Vil.,B,66000,B24,66000240,,6685
6527,66000240006,臺中市,大肚區,新興里,Xinxing Vil.,B,66000,B24,66000240,,6686
6528,66000240007,臺中市,大肚區,大東里,Dadong Vil.,B,66000,B24,66000240,,6687
6529,66000240008,臺中市,大肚區,大肚里,Dadu Vil.,B,66000,B24,66000240,,6688
6530,66000240009,臺中市,大肚區,永和里,Yonghe Vil.,B,66000,B24,66000240,,6689
6531,66000240010,臺中市,大肚區,磺溪里,Huangxi Vil.,B,66000,B24,66000240,,6690
6532,66000240011,臺中市,大肚區,永順里,Yongshun Vil.,B,66000,B24,66000240,,6691
6533,66000240012,臺中市,大肚區,成功里,Chenggong Vil.,B,66000,B24,66000240,,6692
6534,66000240013,臺中市,大肚區,山陽里,Shanyang Vil.,B,66000,B24,66000240,,6693
6535,66000240014,臺中市,大肚區,頂街里,Dingjie Vil.,B,66000,B24,66000240,,6694
6536,66000240015,臺中市,大肚區,瑞井里,Ruijing Vil.,B,66000,B24,66000240,,6695
6537,66000240016,臺中市,大肚區,蔗廍里,Zhebu Vil.,B,66000,B24,66000240,,6696
6538,66000240017,臺中市,大肚區,自強里,Ziqiang Vil.,B,66000,B24,66000240,,6697
6539,66000250001,臺中市,龍井區,竹坑里,Zhukeng Vil.,B,66000,B25,66000250,,6698
6540,66000250002,臺中市,龍井區,龍東里,Longdong Vil.,B,66000,B25,66000250,,6699
6541,66000250003,臺中市,龍井區,龍西里,Longxi Vil.,B,66000,B25,66000250,,6700
6542,66000250004,臺中市,龍井區,田中里,Tianzhong Vil.,B,66000,B25,66000250,,6701
6543,66000250005,臺中市,龍井區,福田里,Futian Vil.,B,66000,B25,66000250,,6702
6544,66000250006,臺中市,龍井區,麗水里,Lishui Vil.,B,66000,B25,66000250,,6703
6545,66000250007,臺中市,龍井區,龍津里,Longjin Vil.,B,66000,B25,66000250,,6704
6546,66000250008,臺中市,龍井區,三德里,Sande Vil.,B,66000,B25,66000250,,6705
6547,66000250009,臺中市,龍井區,忠和里,Zhonghe Vil.,B,66000,B25,66000250,,6706
6548,66000250010,臺中市,龍井區,山腳里,Shanjiao Vil.,B,66000,B25,66000250,,6707
6549,66000250011,臺中市,龍井區,龍泉里,Longquan Vil.,B,66000,B25,66000250,,6708
6550,66000250012,臺中市,龍井區,龍崗里,Longgang Vil.,B,66000,B25,66000250,,6709
6551,66000250013,臺中市,龍井區,新庄里,Xinzhuang Vil.,B,66000,B25,66000250,,6710
6552,66000250014,臺中市,龍井區,南寮里,Nanliao Vil.,B,66000,B25,66000250,,6711
6553,66000250015,臺中市,龍井區,新東里,Xindong Vil.,B,66000,B25,66000250,,6712
6554,66000250016,臺中市,龍井區,東海里,Donghai Vil.,B,66000,B25,66000250,,6713
6555,66000250S01,臺中市,龍井區,,,B,66000,B25,66000250,未編定村里,6714
6556,66000260001,臺中市,霧峰區,桐林里,Tonglin Vil.,B,66000,B26,66000260,,6715
6557,66000260002,臺中市,霧峰區,吉峰里,Jifeng Vil.,B,66000,B26,66000260,,6716
6558,66000260003,臺中市,霧峰區,甲寅里,Jiayin Vil.,B,66000,B26,66000260,,6717
6559,66000260004,臺中市,霧峰區,本鄉里,Benxiang Vil.,B,66000,B26,66000260,,6718
6560,66000260005,臺中市,霧峰區,中正里,Zhongzheng Vil.,B,66000,B26,66000260,,6719
6561,66000260006,臺中市,霧峰區,錦榮里,Jinrong Vil.,B,66000,B26,66000260,,6720
6562,66000260007,臺中市,霧峰區,萊園里,Laiyuan Vil.,B,66000,B26,66000260,,6721
6563,66000260008,臺中市,霧峰區,本堂里,Bentang Vil.,B,66000,B26,66000260,,6722
6564,66000260009,臺中市,霧峰區,坑口里,Kengkou Vil.,B,66000,B26,66000260,,6723
6565,66000260010,臺中市,霧峰區,北柳里,Beiliu Vil.,B,66000,B26,66000260,,6724
6566,66000260011,臺中市,霧峰區,南柳里,Nanliu Vil.,B,66000,B26,66000260,,6725
6567,66000260012,臺中市,霧峰區,四德里,Side Vil.,B,66000,B26,66000260,,6726
6568,66000260013,臺中市,霧峰區,五福里,Wufu Vil.,B,66000,B26,66000260,,6727
6569,66000260014,臺中市,霧峰區,萬豐里,Wanfeng Vil.,B,66000,B26,66000260,,6728
6570,66000260015,臺中市,霧峰區,舊正里,Jiuzheng Vil.,B,66000,B26,66000260,,6729
6571,66000260016,臺中市,霧峰區,峰谷里,Fenggu Vil.,B,66000,B26,66000260,,6730
6572,66000260017,臺中市,霧峰區,六股里,Liugu Vil.,B,66000,B26,66000260,,6731
6573,66000260018,臺中市,霧峰區,丁台里,Dingtai Vil.,B,66000,B26,66000260,,6732
6574,66000260019,臺中市,霧峰區,北勢里,Beishi Vil.,B,66000,B26,66000260,,6733
6575,66000260020,臺中市,霧峰區,南勢里,Nanshi Vil.,B,66000,B26,66000260,,6734
6576,66000270001,臺中市,太平區,太平里,Taiping Vil.,B,66000,B27,66000270,,6735
6577,66000270002,臺中市,太平區,長億里,Changyi Vil.,B,66000,B27,66000270,,6736
6578,66000270003,臺中市,太平區,中平里,Zhongping Vil.,B,66000,B27,66000270,,6737
6579,66000270004,臺中市,太平區,中興里,Zhongxing Vil.,B,66000,B27,66000270,,6738
6580,66000270005,臺中市,太平區,建國里,Jianguo Vil.,B,66000,B27,66000270,,6739
6581,66000270006,臺中市,太平區,東平里,Dongping Vil.,B,66000,B27,66000270,,6740
6582,66000270007,臺中市,太平區,宜欣里,Yixin Vil.,B,66000,B27,66000270,,6741
6583,66000270008,臺中市,太平區,中山里,Zhongshan Vil.,B,66000,B27,66000270,,6742
6584,66000270009,臺中市,太平區,坪林里,Pinglin Vil.,B,66000,B27,66000270,,6743
6585,66000270010,臺中市,太平區,光華里,Guanghua Vil.,B,66000,B27,66000270,,6744
6586,66000270011,臺中市,太平區,新坪里,Xinping Vil.,B,66000,B27,66000270,,6745
6587,66000270012,臺中市,太平區,新光里,Xinguang Vil.,B,66000,B27,66000270,,6746
6588,66000270013,臺中市,太平區,新福里,Xinfu Vil.,B,66000,B27,66000270,,6747
6589,66000270014,臺中市,太平區,頭汴里,Toubian Vil.,B,66000,B27,66000270,,6748
6590,66000270015,臺中市,太平區,東汴里,Dongbian Vil.,B,66000,B27,66000270,,6749
6591,66000270016,臺中市,太平區,興隆里,Xinglong Vil.,B,66000,B27,66000270,,6750
6592,66000270017,臺中市,太平區,光隆里,Guanglong Vil.,B,66000,B27,66000270,,6751
6593,66000270018,臺中市,太平區,德隆里,Delong Vil.,B,66000,B27,66000270,,6752
6594,66000270019,臺中市,太平區,黃竹里,Huangzhu Vil.,B,66000,B27,66000270,,6753
6595,66000270020,臺中市,太平區,永成里,Yongcheng Vil.,B,66000,B27,66000270,,6754
6596,66000270021,臺中市,太平區,永平里,Yongping Vil.,B,66000,B27,66000270,,6755
6597,66000270022,臺中市,太平區,成功里,Chenggong Vil.,B,66000,B27,66000270,,6756
6598,66000270023,臺中市,太平區,東和里,Donghe Vil.,B,66000,B27,66000270,,6757
6599,66000270024,臺中市,太平區,中政里,Zhongzheng Vil.,B,66000,B27,66000270,,6758
6600,66000270025,臺中市,太平區,平安里,Ping'an Vil.,B,66000,B27,66000270,,6759
6601,66000270026,臺中市,太平區,建興里,Jianxing Vil.,B,66000,B27,66000270,,6760
6602,66000270027,臺中市,太平區,新興里,Xinxing Vil.,B,66000,B27,66000270,,6761
6603,66000270028,臺中市,太平區,新高里,Xingao Vil.,B,66000,B27,66000270,,6762
6604,66000270029,臺中市,太平區,新吉里,Xinji Vil.,B,66000,B27,66000270,,6763
6605,66000270030,臺中市,太平區,新城里,Xincheng Vil.,B,66000,B27,66000270,,6764
6606,66000270031,臺中市,太平區,宜佳里,Yijia Vil.,B,66000,B27,66000270,,6765
6607,66000270032,臺中市,太平區,宜昌里,Yichang Vil.,B,66000,B27,66000270,,6766
6608,66000270033,臺中市,太平區,光明里,Guangming Vil.,B,66000,B27,66000270,,6767
6609,66000270034,臺中市,太平區,豐年里,Fengnian Vil.,B,66000,B27,66000270,,6768
6610,66000270035,臺中市,太平區,大興里,Daxing Vil.,B,66000,B27,66000270,,6769
6611,66000270036,臺中市,太平區,勤益里,Qinyi Vil.,B,66000,B27,66000270,,6770
6612,66000270037,臺中市,太平區,聖和里,Shenghe Vil.,B,66000,B27,66000270,,6771
6613,66000270038,臺中市,太平區,福隆里,Fulong Vil.,B,66000,B27,66000270,,6772
6614,66000270039,臺中市,太平區,永隆里,Yonglong Vil.,B,66000,B27,66000270,,6773
6615,66000280001,臺中市,大里區,大里里,Dali Vil.,B,66000,B28,66000280,,6774
6616,66000280002,臺中市,大里區,新里里,Xinli Vil.,B,66000,B28,66000280,,6775
6617,66000280003,臺中市,大里區,樹王里,Shuwang Vil.,B,66000,B28,66000280,,6776
6618,66000280004,臺中市,大里區,東興里,Dongxing Vil.,B,66000,B28,66000280,,6777
6619,66000280005,臺中市,大里區,祥興里,Xiangxing Vil.,B,66000,B28,66000280,,6778
6620,66000280006,臺中市,大里區,日新里,Rixin Vil.,B,66000,B28,66000280,,6779
6621,66000280007,臺中市,大里區,西榮里,Xirong Vil.,B,66000,B28,66000280,,6780
6622,66000280008,臺中市,大里區,內新里,Neixin Vil.,B,66000,B28,66000280,,6781
6623,66000280009,臺中市,大里區,東昇里,Dongsheng Vil.,B,66000,B28,66000280,,6782
6624,66000280010,臺中市,大里區,立仁里,Liren Vil.,B,66000,B28,66000280,,6783
6625,66000280011,臺中市,大里區,新仁里,Xinren Vil.,B,66000,B28,66000280,,6784
6626,66000280012,臺中市,大里區,大元里,Dayuan Vil.,B,66000,B28,66000280,,6785
6627,66000280013,臺中市,大里區,夏田里,Xiatian Vil.,B,66000,B28,66000280,,6786
6628,66000280014,臺中市,大里區,仁化里,Renhua Vil.,B,66000,B28,66000280,,6787
6629,66000280015,臺中市,大里區,健民里,Jianmin Vil.,B,66000,B28,66000280,,6788
6630,66000280016,臺中市,大里區,塗城里,Tucheng Vil.,B,66000,B28,66000280,,6789
6631,66000280017,臺中市,大里區,瑞城里,Ruicheng Vil.,B,66000,B28,66000280,,6790
6632,66000280018,臺中市,大里區,金城里,Jincheng Vil.,B,66000,B28,66000280,,6791
6633,66000280019,臺中市,大里區,東湖里,Donghu Vil.,B,66000,B28,66000280,,6792
6634,66000280020,臺中市,大里區,西湖里,Xihu Vil.,B,66000,B28,66000280,,6793
6635,66000280021,臺中市,大里區,國光里,Guoguang Vil.,B,66000,B28,66000280,,6794
6636,66000280022,臺中市,大里區,大明里,Daming Vil.,B,66000,B28,66000280,,6795
6637,66000280023,臺中市,大里區,永隆里,Yonglong Vil.,B,66000,B28,66000280,,6796
6638,66000280024,臺中市,大里區,長榮里,Changrong Vil.,B,66000,B28,66000280,,6797
6639,66000280025,臺中市,大里區,中新里,Zhongxin Vil.,B,66000,B28,66000280,,6798
6640,66000280026,臺中市,大里區,立德里,Lide Vil.,B,66000,B28,66000280,,6799
6641,66000280027,臺中市,大里區,仁德里,Rende Vil.,B,66000,B28,66000280,,6800
6642,66000290001,臺中市,和平區,南勢里,Nanshi Vil.,B,66000,B29,66000290,,6801
6643,66000290002,臺中市,和平區,天輪里,Tianlun Vil.,B,66000,B29,66000290,,6802
6644,66000290003,臺中市,和平區,博愛里,Bo'ai Vil.,B,66000,B29,66000290,,6803
6645,66000290004,臺中市,和平區,中坑里,Zhongkeng Vil.,B,66000,B29,66000290,,6804
6646,66000290005,臺中市,和平區,自由里,Ziyou Vil.,B,66000,B29,66000290,,6805
6647,66000290006,臺中市,和平區,達觀里,Daguan Vil.,B,66000,B29,66000290,,6806
6648,66000290007,臺中市,和平區,梨山里,Lishan Vil.,B,66000,B29,66000290,,6807
6649,66000290008,臺中市,和平區,平等里,Pingdeng Vil.,B,66000,B29,66000290,,6808
6650,67000010001,臺南市,新營區,忠政里,Zhongzheng Vil.,D,67000,D09,67000010,,6809
6651,67000010002,臺南市,新營區,民權里,Minquan Vil.,D,67000,D09,67000010,,6810
6652,67000010003,臺南市,新營區,三仙里,Sanxian Vil.,D,67000,D09,67000010,,6811
6653,67000010007,臺南市,新營區,大宏里,Dahong Vil.,D,67000,D09,67000010,,6812
6654,67000010008,臺南市,新營區,王公里,Wanggong Vil.,D,67000,D09,67000010,,6813
6655,67000010009,臺南市,新營區,中營里,Zhongying Vil.,D,67000,D09,67000010,,6814
6656,67000010010,臺南市,新營區,土庫里,Tuku Vil.,D,67000,D09,67000010,,6815
6657,67000010012,臺南市,新營區,南興里,Nanxing Vil.,D,67000,D09,67000010,,6816
6658,67000010013,臺南市,新營區,興業里,Xingye Vil.,D,67000,D09,67000010,,6817
6659,67000010014,臺南市,新營區,民生里,Minsheng Vil.,D,67000,D09,67000010,,6818
6660,67000010015,臺南市,新營區,民榮里,Minrong Vil.,D,67000,D09,67000010,,6819
6661,67000010016,臺南市,新營區,埤寮里,Piliao Vil.,D,67000,D09,67000010,,6820
6662,67000010017,臺南市,新營區,護鎮里,Huzhen Vil.,D,67000,D09,67000010,,6821
6663,67000010018,臺南市,新營區,太南里,Tainan Vil.,D,67000,D09,67000010,,6822
6664,67000010019,臺南市,新營區,太北里,Taibei Vil.,D,67000,D09,67000010,,6823
6665,67000010020,臺南市,新營區,南紙里,Nanzhi Vil.,D,67000,D09,67000010,,6824
6666,67000010021,臺南市,新營區,嘉芳里,Jiafang Vil.,D,67000,D09,67000010,,6825
6667,67000010025,臺南市,新營區,五興里,Wuxing Vil.,D,67000,D09,67000010,,6826
6668,67000010026,臺南市,新營區,姑爺里,Guye Vil.,D,67000,D09,67000010,,6827
6669,67000010027,臺南市,新營區,新北里,Xinbei Vil.,D,67000,D09,67000010,,6828
6670,67000010028,臺南市,新營區,新南里,Xinnan Vil.,D,67000,D09,67000010,,6829
6671,67000010029,臺南市,新營區,新東里,Xindong Vil.,D,67000,D09,67000010,,6830
6672,67000010030,臺南市,新營區,永平里,Yongping Vil.,D,67000,D09,67000010,,6831
6673,67000020001,臺南市,鹽水區,水秀里,Shuixiu Vil.,D,67000,D10,67000020,,6832
6674,67000020008,臺南市,鹽水區,橋南里,Qiaonan Vil.,D,67000,D10,67000020,,6833
6675,67000020010,臺南市,鹽水區,汫水里,Qingshui Vil.,D,67000,D10,67000020,,6834
6676,67000020011,臺南市,鹽水區,岸內里,Annei Vil.,D,67000,D10,67000020,,6835
6677,67000020014,臺南市,鹽水區,歡雅里,Huanya Vil.,D,67000,D10,67000020,,6836
6678,67000020026,臺南市,鹽水區,津城里,Jincheng Vil.,D,67000,D10,67000020,,6837
6679,67000020027,臺南市,鹽水區,月港里,Yuegang Vil.,D,67000,D10,67000020,,6838
6680,67000020028,臺南市,鹽水區,三明里,Sanming Vil.,D,67000,D10,67000020,,6839
6681,67000020029,臺南市,鹽水區,義中里,Yizhong Vil.,D,67000,D10,67000020,,6840
6682,67000020030,臺南市,鹽水區,文昌里,Wenchang Vil.,D,67000,D10,67000020,,6841
6683,67000020031,臺南市,鹽水區,竹林里,Zhulin Vil.,D,67000,D10,67000020,,6842
6684,67000020032,臺南市,鹽水區,三和里,Sanhe Vil.,D,67000,D10,67000020,,6843
6685,67000020033,臺南市,鹽水區,坔頭港里,Ditougang Vil.,D,67000,D10,67000020,,6844
6686,67000030001,臺南市,白河區,白河里,Baihe Vil.,D,67000,D12,67000030,,6845
6687,67000030002,臺南市,白河區,永安里,Yong'an Vil.,D,67000,D12,67000030,,6846
6688,67000030003,臺南市,白河區,外角里,Waijiao Vil.,D,67000,D12,67000030,,6847
6689,67000030004,臺南市,白河區,庄內里,Zhuangnei Vil.,D,67000,D12,67000030,,6848
6690,67000030005,臺南市,白河區,秀祐里,Xiuyou Vil.,D,67000,D12,67000030,,6849
6691,67000030006,臺南市,白河區,河東里,Hedong Vil.,D,67000,D12,67000030,,6850
6692,67000030007,臺南市,白河區,虎山里,Hushan Vil.,D,67000,D12,67000030,,6851
6693,67000030008,臺南市,白河區,大林里,Dalin Vil.,D,67000,D12,67000030,,6852
6694,67000030009,臺南市,白河區,崁頭里,Kantou Vil.,D,67000,D12,67000030,,6853
6695,67000030010,臺南市,白河區,六溪里,Liuxi Vil.,D,67000,D12,67000030,,6854
6696,67000030011,臺南市,白河區,仙草里,Xiancao Vil.,D,67000,D12,67000030,,6855
6697,67000030012,臺南市,白河區,關嶺里,Guanling Vil.,D,67000,D12,67000030,,6856
6698,67000030014,臺南市,白河區,大竹里,Dazhu Vil.,D,67000,D12,67000030,,6857
6699,67000030018,臺南市,白河區,竹門里,Zhumen Vil.,D,67000,D12,67000030,,6858
6700,67000030019,臺南市,白河區,崎內里,Qinei Vil.,D,67000,D12,67000030,,6859
6701,67000030020,臺南市,白河區,昇安里,Sheng'an Vil.,D,67000,D12,67000030,,6860
6702,67000030021,臺南市,白河區,汴頭里,Biantou Vil.,D,67000,D12,67000030,,6861
6703,67000030022,臺南市,白河區,內角里,Neijiao Vil.,D,67000,D12,67000030,,6862
6704,67000030025,臺南市,白河區,詔豐里,Zhaofeng Vil.,D,67000,D12,67000030,,6863
6705,67000030026,臺南市,白河區,廣蓮里,Guanglian Vil.,D,67000,D12,67000030,,6864
6706,67000030027,臺南市,白河區,馬稠後里,Machouhou Vil.,D,67000,D12,67000030,,6865
6707,67000040001,臺南市,柳營區,士林里,Shilin Vil.,D,67000,D11,67000040,,6866
6708,67000040002,臺南市,柳營區,光福里,Guangfu Vil.,D,67000,D11,67000040,,6867
6709,67000040003,臺南市,柳營區,中埕里,Zhongcheng Vil.,D,67000,D11,67000040,,6868
6710,67000040004,臺南市,柳營區,東昇里,Dongsheng Vil.,D,67000,D11,67000040,,6869
6711,67000040005,臺南市,柳營區,八翁里,Baweng Vil.,D,67000,D11,67000040,,6870
6712,67000040006,臺南市,柳營區,人和里,Renhe Vil.,D,67000,D11,67000040,,6871
6713,67000040007,臺南市,柳營區,太康里,Taikang Vil.,D,67000,D11,67000040,,6872
6714,67000040008,臺南市,柳營區,重溪里,Zhongxi Vil.,D,67000,D11,67000040,,6873
6715,67000040009,臺南市,柳營區,篤農里,Dunong Vil.,D,67000,D11,67000040,,6874
6716,67000040010,臺南市,柳營區,大農里,Danong Vil.,D,67000,D11,67000040,,6875
6717,67000040011,臺南市,柳營區,神農里,Shennong Vil.,D,67000,D11,67000040,,6876
6718,67000040012,臺南市,柳營區,果毅里,Guoyi Vil.,D,67000,D11,67000040,,6877
6719,67000040013,臺南市,柳營區,旭山里,Xushan Vil.,D,67000,D11,67000040,,6878
6720,67000050001,臺南市,後壁區,後壁里,Houbi Vil.,D,67000,D13,67000050,,6879
6721,67000050002,臺南市,後壁區,侯伯里,Houbo Vil.,D,67000,D13,67000050,,6880
6722,67000050003,臺南市,後壁區,嘉苳里,Jiadong Vil.,D,67000,D13,67000050,,6881
6723,67000050004,臺南市,後壁區,土溝里,Tugou Vil.,D,67000,D13,67000050,,6882
6724,67000050010,臺南市,後壁區,竹新里,Zhuxin Vil.,D,67000,D13,67000050,,6883
6725,67000050011,臺南市,後壁區,新東里,Xindong Vil.,D,67000,D13,67000050,,6884
6726,67000050012,臺南市,後壁區,頂安里,Ding'an Vil.,D,67000,D13,67000050,,6885
6727,67000050013,臺南市,後壁區,長安里,Chang'an Vil.,D,67000,D13,67000050,,6886
6728,67000050014,臺南市,後壁區,福安里,Fu'an Vil.,D,67000,D13,67000050,,6887
6729,67000050018,臺南市,後壁區,菁寮里,Jingliao Vil.,D,67000,D13,67000050,,6888
6730,67000050019,臺南市,後壁區,新嘉里,Xinjia Vil.,D,67000,D13,67000050,,6889
6731,67000050022,臺南市,後壁區,長短樹里,Changduanshu Vil.,D,67000,D13,67000050,,6890
6732,67000050023,臺南市,後壁區,上茄苳里,Shangjiadong Vil.,D,67000,D13,67000050,,6891
6733,67000050024,臺南市,後壁區,菁豐里,Jingfeng Vil.,D,67000,D13,67000050,,6892
6734,67000060001,臺南市,東山區,東山里,Dongshan Vil.,D,67000,D14,67000060,,6893
6735,67000060002,臺南市,東山區,東中里,Dongzhong Vil.,D,67000,D14,67000060,,6894
6736,67000060003,臺南市,東山區,東正里,Dongzheng Vil.,D,67000,D14,67000060,,6895
6737,67000060004,臺南市,東山區,三榮里,Sanrong Vil.,D,67000,D14,67000060,,6896
6738,67000060005,臺南市,東山區,大客里,Dake Vil.,D,67000,D14,67000060,,6897
6739,67000060006,臺南市,東山區,科里里,Keli Vil.,D,67000,D14,67000060,,6898
6740,67000060007,臺南市,東山區,東河里,Donghe Vil.,D,67000,D14,67000060,,6899
6741,67000060008,臺南市,東山區,南溪里,Nanxi Vil.,D,67000,D14,67000060,,6900
6742,67000060009,臺南市,東山區,水雲里,Shuiyun Vil.,D,67000,D14,67000060,,6901
6743,67000060010,臺南市,東山區,林安里,Lin'an Vil.,D,67000,D14,67000060,,6902
6744,67000060011,臺南市,東山區,東原里,Dongyuan Vil.,D,67000,D14,67000060,,6903
6745,67000060012,臺南市,東山區,嶺南里,Lingnan Vil.,D,67000,D14,67000060,,6904
6746,67000060013,臺南市,東山區,南勢里,Nanshi Vil.,D,67000,D14,67000060,,6905
6747,67000060014,臺南市,東山區,青山里,Qingshan Vil.,D,67000,D14,67000060,,6906
6748,67000060015,臺南市,東山區,高原里,Gaoyuan Vil.,D,67000,D14,67000060,,6907
6749,67000060016,臺南市,東山區,聖賢里,Shengxian Vil.,D,67000,D14,67000060,,6908
6750,67000070003,臺南市,麻豆區,東角里,Dongjiao Vil.,D,67000,D15,67000070,,6909
6751,67000070004,臺南市,麻豆區,晋江里,Jinjiang Vil.,D,67000,D15,67000070,,6910
6752,67000070005,臺南市,麻豆區,巷口里,Xiangkou Vil.,D,67000,D15,67000070,,6911
6753,67000070006,臺南市,麻豆區,中興里,Zhongxing Vil.,D,67000,D15,67000070,,6912
6754,67000070007,臺南市,麻豆區,興農里,Xingnong Vil.,D,67000,D15,67000070,,6913
6755,67000070009,臺南市,麻豆區,油車里,Youche Vil.,D,67000,D15,67000070,,6914
6756,67000070010,臺南市,麻豆區,北勢里,Beishi Vil.,D,67000,D15,67000070,,6915
6757,67000070011,臺南市,麻豆區,大埕里,Dacheng Vil.,D,67000,D15,67000070,,6916
6758,67000070014,臺南市,麻豆區,南勢里,Nanshi Vil.,D,67000,D15,67000070,,6917
6759,67000070015,臺南市,麻豆區,寮廍里,Liaobu Vil.,D,67000,D15,67000070,,6918
6760,67000070017,臺南市,麻豆區,埤頭里,Pitou Vil.,D,67000,D15,67000070,,6919
6761,67000070019,臺南市,麻豆區,海埔里,Haipu Vil.,D,67000,D15,67000070,,6920
6762,67000070021,臺南市,麻豆區,港尾里,Gangwei Vil.,D,67000,D15,67000070,,6921
6763,67000070022,臺南市,麻豆區,麻口里,Makou Vil.,D,67000,D15,67000070,,6922
6764,67000070024,臺南市,麻豆區,安業里,Anye Vil.,D,67000,D15,67000070,,6923
6765,67000070028,臺南市,麻豆區,安正里,Anzheng Vil.,D,67000,D15,67000070,,6924
6766,67000070030,臺南市,麻豆區,新興里,Xinxing Vil.,D,67000,D15,67000070,,6925
6767,67000070031,臺南市,麻豆區,謝厝寮里,Xiecuoliao Vil.,D,67000,D15,67000070,,6926
6768,67000070032,臺南市,麻豆區,井東里,Jingdong Vil.,D,67000,D15,67000070,,6927
6769,67000070033,臺南市,麻豆區,清水里,Qingshui Vil.,D,67000,D15,67000070,,6928
6770,67000080001,臺南市,下營區,下營里,Xiaying Vil.,D,67000,D16,67000080,,6929
6771,67000080002,臺南市,下營區,仁里里,Renli Vil.,D,67000,D16,67000080,,6930
6772,67000080003,臺南市,下營區,宅內里,Zhainei Vil.,D,67000,D16,67000080,,6931
6773,67000080004,臺南市,下營區,後街里,Houjie Vil.,D,67000,D16,67000080,,6932
6774,67000080005,臺南市,下營區,新興里,Xinxing Vil.,D,67000,D16,67000080,,6933
6775,67000080006,臺南市,下營區,營前里,Yingqian Vil.,D,67000,D16,67000080,,6934
6776,67000080011,臺南市,下營區,開化里,Kaihua Vil.,D,67000,D16,67000080,,6935
6777,67000080012,臺南市,下營區,西連里,Xilian Vil.,D,67000,D16,67000080,,6936
6778,67000080013,臺南市,下營區,賀建里,Hejian Vil.,D,67000,D16,67000080,,6937
6779,67000080016,臺南市,下營區,茅營里,Maoying Vil.,D,67000,D16,67000080,,6938
6780,67000080017,臺南市,下營區,大吉里,Daji Vil.,D,67000,D16,67000080,,6939
6781,67000080018,臺南市,下營區,紅甲里,Hongjia Vil.,D,67000,D16,67000080,,6940
6782,67000090001,臺南市,六甲區,六甲里,Liujia Vil.,D,67000,D17,67000090,,6941
6783,67000090002,臺南市,六甲區,甲東里,Jiadong Vil.,D,67000,D17,67000090,,6942
6784,67000090003,臺南市,六甲區,甲南里,Jianan Vil.,D,67000,D17,67000090,,6943
6785,67000090005,臺南市,六甲區,七甲里,Qijia Vil.,D,67000,D17,67000090,,6944
6786,67000090006,臺南市,六甲區,二甲里,Erjia Vil.,D,67000,D17,67000090,,6945
6787,67000090007,臺南市,六甲區,水林里,Shuilin Vil.,D,67000,D17,67000090,,6946
6788,67000090008,臺南市,六甲區,中社里,Zhongshe Vil.,D,67000,D17,67000090,,6947
6789,67000090009,臺南市,六甲區,龜港里,Guigang Vil.,D,67000,D17,67000090,,6948
6790,67000090010,臺南市,六甲區,菁埔里,Jingpu Vil.,D,67000,D17,67000090,,6949
6791,67000090011,臺南市,六甲區,王爺里,Wangye Vil.,D,67000,D17,67000090,,6950
6792,67000090012,臺南市,六甲區,大丘里,Daqiu Vil.,D,67000,D17,67000090,,6951
6793,67000100001,臺南市,官田區,官田里,Guantian Vil.,D,67000,D18,67000100,,6952
6794,67000100002,臺南市,官田區,二鎮里,Erzhen Vil.,D,67000,D18,67000100,,6953
6795,67000100005,臺南市,官田區,大崎里,Daqi Vil.,D,67000,D18,67000100,,6954
6796,67000100006,臺南市,官田區,隆田里,Longtian Vil.,D,67000,D18,67000100,,6955
6797,67000100007,臺南市,官田區,隆本里,Longben Vil.,D,67000,D18,67000100,,6956
6798,67000100008,臺南市,官田區,南廍里,Nanbu Vil.,D,67000,D18,67000100,,6957
6799,67000100013,臺南市,官田區,社子里,Shezi Vil.,D,67000,D18,67000100,,6958
6800,67000100014,臺南市,官田區,烏山頭里,Wushantou Vil.,D,67000,D18,67000100,,6959
6801,67000100015,臺南市,官田區,渡拔里,Duba Vil.,D,67000,D18,67000100,,6960
6802,67000100017,臺南市,官田區,東庄里,Dongzhuang Vil.,D,67000,D18,67000100,,6961
6803,67000100018,臺南市,官田區,西庄里,Xizhuang Vil.,D,67000,D18,67000100,,6962
6804,67000110001,臺南市,大內區,石湖里,Shihu Vil.,D,67000,D19,67000110,,6963
6805,67000110002,臺南市,大內區,石林里,Shilin Vil.,D,67000,D19,67000110,,6964
6806,67000110003,臺南市,大內區,石城里,Shicheng Vil.,D,67000,D19,67000110,,6965
6807,67000110004,臺南市,大內區,內江里,Neijiang Vil.,D,67000,D19,67000110,,6966
6808,67000110005,臺南市,大內區,大內里,Danei Vil.,D,67000,D19,67000110,,6967
6809,67000110006,臺南市,大內區,內郭里,Neiguo Vil.,D,67000,D19,67000110,,6968
6810,67000110007,臺南市,大內區,頭社里,Toushe Vil.,D,67000,D19,67000110,,6969
6811,67000110008,臺南市,大內區,環湖里,Huanhu Vil.,D,67000,D19,67000110,,6970
6812,67000110009,臺南市,大內區,二溪里,Erxi Vil.,D,67000,D19,67000110,,6971
6813,67000110010,臺南市,大內區,曲溪里,Quxi Vil.,D,67000,D19,67000110,,6972
6814,67000120001,臺南市,佳里區,東寧里,Dongning Vil.,D,67000,D20,67000120,,6973
6815,67000120002,臺南市,佳里區,忠仁里,Zhongren Vil.,D,67000,D20,67000120,,6974
6816,67000120003,臺南市,佳里區,鎮山里,Zhenshan Vil.,D,67000,D20,67000120,,6975
6817,67000120004,臺南市,佳里區,建南里,Jiannan Vil.,D,67000,D20,67000120,,6976
6818,67000120005,臺南市,佳里區,安西里,Anxi Vil.,D,67000,D20,67000120,,6977
6819,67000120006,臺南市,佳里區,六安里,Liu'an Vil.,D,67000,D20,67000120,,6978
6820,67000120007,臺南市,佳里區,佳化里,Jiahua Vil.,D,67000,D20,67000120,,6979
6821,67000120012,臺南市,佳里區,海澄里,Haicheng Vil.,D,67000,D20,67000120,,6980
6822,67000120019,臺南市,佳里區,民安里,Min'an Vil.,D,67000,D20,67000120,,6981
6823,67000120020,臺南市,佳里區,子龍里,Zilong Vil.,D,67000,D20,67000120,,6982
6824,67000120022,臺南市,佳里區,營溪里,Yingxi Vil.,D,67000,D20,67000120,,6983
6825,67000120023,臺南市,佳里區,文新里,Wenxin Vil.,D,67000,D20,67000120,,6984
6826,67000120024,臺南市,佳里區,佳興里,Jiaxing Vil.,D,67000,D20,67000120,,6985
6827,67000120025,臺南市,佳里區,下營里,Xiaying Vil.,D,67000,D20,67000120,,6986
6828,67000120026,臺南市,佳里區,塭內里,Wennei Vil.,D,67000,D20,67000120,,6987
6829,67000120027,臺南市,佳里區,南勢里,Nanshi Vil.,D,67000,D20,67000120,,6988
6830,67000130001,臺南市,學甲區,仁得里,Rende Vil.,D,67000,D25,67000130,,6989
6831,67000130002,臺南市,學甲區,新榮里,Xinrong Vil.,D,67000,D25,67000130,,6990
6832,67000130003,臺南市,學甲區,光華里,Guanghua Vil.,D,67000,D25,67000130,,6991
6833,67000130004,臺南市,學甲區,宅港里,Zhaigang Vil.,D,67000,D25,67000130,,6992
6834,67000130005,臺南市,學甲區,慈福里,Cifu Vil.,D,67000,D25,67000130,,6993
6835,67000130006,臺南市,學甲區,秀昌里,Xiuchang Vil.,D,67000,D25,67000130,,6994
6836,67000130007,臺南市,學甲區,明宜里,Mingyi Vil.,D,67000,D25,67000130,,6995
6837,67000130008,臺南市,學甲區,豐和里,Fenghe Vil.,D,67000,D25,67000130,,6996
6838,67000130009,臺南市,學甲區,平和里,Pinghe Vil.,D,67000,D25,67000130,,6997
6839,67000130010,臺南市,學甲區,新達里,Xinda Vil.,D,67000,D25,67000130,,6998
6840,67000130011,臺南市,學甲區,大灣里,Dawan Vil.,D,67000,D25,67000130,,6999
6841,67000130012,臺南市,學甲區,三慶里,Sanqing Vil.,D,67000,D25,67000130,,7000
6842,67000130013,臺南市,學甲區,中洲里,Zhongzhou Vil.,D,67000,D25,67000130,,7001
6843,67000140001,臺南市,西港區,西港里,Xigang Vil.,D,67000,D21,67000140,,7002
6844,67000140002,臺南市,西港區,南海里,Nanhai Vil.,D,67000,D21,67000140,,7003
6845,67000140003,臺南市,西港區,港東里,Gangdong Vil.,D,67000,D21,67000140,,7004
6846,67000140004,臺南市,西港區,[檨]林里,Shelin Vil.,D,67000,D21,67000140,,7005
6847,67000140005,臺南市,西港區,後營里,Houying Vil.,D,67000,D21,67000140,,7006
6848,67000140006,臺南市,西港區,營西里,Yingxi Vil.,D,67000,D21,67000140,,7007
6849,67000140007,臺南市,西港區,金砂里,Jinsha Vil.,D,67000,D21,67000140,,7008
6850,67000140008,臺南市,西港區,劉厝里,Liucuo Vil.,D,67000,D21,67000140,,7009
6851,67000140009,臺南市,西港區,竹林里,Zhulin Vil.,D,67000,D21,67000140,,7010
6852,67000140010,臺南市,西港區,永樂里,Yongle Vil.,D,67000,D21,67000140,,7011
6853,67000140011,臺南市,西港區,新復里,Xinfu Vil.,D,67000,D21,67000140,,7012
6854,67000140012,臺南市,西港區,慶安里,Qing'an Vil.,D,67000,D21,67000140,,7013
6855,67000150001,臺南市,七股區,後港里,Hougang Vil.,D,67000,D22,67000150,,7014
6856,67000150002,臺南市,七股區,大潭里,Datan Vil.,D,67000,D22,67000150,,7015
6857,67000150004,臺南市,七股區,篤加里,Dujia Vil.,D,67000,D22,67000150,,7016
6858,67000150005,臺南市,七股區,頂山里,Dingshan Vil.,D,67000,D22,67000150,,7017
6859,67000150006,臺南市,七股區,西寮里,Xiliao Vil.,D,67000,D22,67000150,,7018
6860,67000150007,臺南市,七股區,塩埕里,Yancheng Vil.,D,67000,D22,67000150,,7019
6861,67000150008,臺南市,七股區,龍山里,Longshan Vil.,D,67000,D22,67000150,,7020
6862,67000150009,臺南市,七股區,溪南里,Xinan Vil.,D,67000,D22,67000150,,7021
6863,67000150010,臺南市,七股區,七股里,Qigu Vil.,D,67000,D22,67000150,,7022
6864,67000150011,臺南市,七股區,玉成里,Yucheng Vil.,D,67000,D22,67000150,,7023
6865,67000150012,臺南市,七股區,大埕里,Dacheng Vil.,D,67000,D22,67000150,,7024
6866,67000150015,臺南市,七股區,樹林里,Shulin Vil.,D,67000,D22,67000150,,7025
6867,67000150017,臺南市,七股區,中寮里,Zhongliao Vil.,D,67000,D22,67000150,,7026
6868,67000150018,臺南市,七股區,竹橋里,Zhuqiao Vil.,D,67000,D22,67000150,,7027
6869,67000150019,臺南市,七股區,義合里,Yihe Vil.,D,67000,D22,67000150,,7028
6870,67000150021,臺南市,七股區,永吉里,Yongji Vil.,D,67000,D22,67000150,,7029
6871,67000150022,臺南市,七股區,三股里,Sangu Vil.,D,67000,D22,67000150,,7030
6872,67000150023,臺南市,七股區,十份里,Shifen Vil.,D,67000,D22,67000150,,7031
6873,67000160001,臺南市,將軍區,長榮里,Changrong Vil.,D,67000,D23,67000160,,7032
6874,67000160013,臺南市,將軍區,玉山里,Yushan Vil.,D,67000,D23,67000160,,7033
6875,67000160014,臺南市,將軍區,廣山里,Guangshan Vil.,D,67000,D23,67000160,,7034
6876,67000160015,臺南市,將軍區,長沙里,Changsha Vil.,D,67000,D23,67000160,,7035
6877,67000160016,臺南市,將軍區,平沙里,Pingsha Vil.,D,67000,D23,67000160,,7036
6878,67000160017,臺南市,將軍區,鯤鯓里,Kunshen Vil.,D,67000,D23,67000160,,7037
6879,67000160018,臺南市,將軍區,鯤溟里,Kunming Vil.,D,67000,D23,67000160,,7038
6880,67000160019,臺南市,將軍區,巷埔里,Xiangpu Vil.,D,67000,D23,67000160,,7039
6881,67000160020,臺南市,將軍區,西甲里,Xijia Vil.,D,67000,D23,67000160,,7040
6882,67000160021,臺南市,將軍區,忠嘉里,Zhongjia Vil.,D,67000,D23,67000160,,7041
6883,67000160022,臺南市,將軍區,苓仔寮里,Lingziliao Vil.,D,67000,D23,67000160,,7042
6884,67000160023,臺南市,將軍區,將軍里,Jiangjun Vil.,D,67000,D23,67000160,,7043
6885,67000170001,臺南市,北門區,保吉里,Baoji Vil.,D,67000,D24,67000170,,7044
6886,67000170002,臺南市,北門區,雙春里,Shuangchun Vil.,D,67000,D24,67000170,,7045
6887,67000170005,臺南市,北門區,北門里,Beimen Vil.,D,67000,D24,67000170,,7046
6888,67000170006,臺南市,北門區,錦湖里,Jinhu Vil.,D,67000,D24,67000170,,7047
6889,67000170007,臺南市,北門區,三光里,Sanguang Vil.,D,67000,D24,67000170,,7048
6890,67000170009,臺南市,北門區,玉港里,Yugang Vil.,D,67000,D24,67000170,,7049
6891,67000170011,臺南市,北門區,慈安里,Ci'an Vil.,D,67000,D24,67000170,,7050
6892,67000170013,臺南市,北門區,永隆里,Yonglong Vil.,D,67000,D24,67000170,,7051
6893,67000170014,臺南市,北門區,蚵寮里,Keliao Vil.,D,67000,D24,67000170,,7052
6894,67000170015,臺南市,北門區,文山里,Wenshan Vil.,D,67000,D24,67000170,,7053
6895,67000180001,臺南市,新化區,武安里,Wu'an Vil.,D,67000,D26,67000180,,7054
6896,67000180002,臺南市,新化區,東榮里,Dongrong Vil.,D,67000,D26,67000180,,7055
6897,67000180003,臺南市,新化區,護國里,Huguo Vil.,D,67000,D26,67000180,,7056
6898,67000180004,臺南市,新化區,太平里,Taiping Vil.,D,67000,D26,67000180,,7057
6899,67000180009,臺南市,新化區,協興里,Xiexing Vil.,D,67000,D26,67000180,,7058
6900,67000180010,臺南市,新化區,唪口里,Fengkou Vil.,D,67000,D26,67000180,,7059
6901,67000180011,臺南市,新化區,北勢里,Beishi Vil.,D,67000,D26,67000180,,7060
6902,67000180012,臺南市,新化區,豐榮里,Fengrong Vil.,D,67000,D26,67000180,,7061
6903,67000180013,臺南市,新化區,全興里,Quanxing Vil.,D,67000,D26,67000180,,7062
6904,67000180014,臺南市,新化區,崙頂里,Lunding Vil.,D,67000,D26,67000180,,7063
6905,67000180015,臺南市,新化區,知義里,Zhiyi Vil.,D,67000,D26,67000180,,7064
6906,67000180016,臺南市,新化區,山脚里,Shanjiao Vil.,D,67000,D26,67000180,,7065
6907,67000180017,臺南市,新化區,大坑里,Dakeng Vil.,D,67000,D26,67000180,,7066
6908,67000180018,臺南市,新化區,[那]拔里,Naba Vil.,D,67000,D26,67000180,,7067
6909,67000180019,臺南市,新化區,羊林里,Yanglin Vil.,D,67000,D26,67000180,,7068
6910,67000180020,臺南市,新化區,礁坑里,Jiaokeng Vil.,D,67000,D26,67000180,,7069
6911,67000190001,臺南市,善化區,東關里,Dongguan Vil.,D,67000,D27,67000190,,7070
6912,67000190002,臺南市,善化區,坐駕里,Zuojia Vil.,D,67000,D27,67000190,,7071
6913,67000190003,臺南市,善化區,光文里,Guangwen Vil.,D,67000,D27,67000190,,7072
6914,67000190004,臺南市,善化區,文昌里,Wenchang Vil.,D,67000,D27,67000190,,7073
6915,67000190005,臺南市,善化區,南關里,Nanguan Vil.,D,67000,D27,67000190,,7074
6916,67000190008,臺南市,善化區,文正里,Wenzheng Vil.,D,67000,D27,67000190,,7075
6917,67000190009,臺南市,善化區,胡家里,Hujia Vil.,D,67000,D27,67000190,,7076
6918,67000190010,臺南市,善化區,胡厝里,Hucuo Vil.,D,67000,D27,67000190,,7077
6919,67000190011,臺南市,善化區,什乃里,Shenai Vil.,D,67000,D27,67000190,,7078
6920,67000190012,臺南市,善化區,溪美里,Ximei Vil.,D,67000,D27,67000190,,7079
6921,67000190013,臺南市,善化區,六分里,Liufen Vil.,D,67000,D27,67000190,,7080
6922,67000190014,臺南市,善化區,六德里,Liude Vil.,D,67000,D27,67000190,,7081
6923,67000190015,臺南市,善化區,田寮里,Tianliao Vil.,D,67000,D27,67000190,,7082
6924,67000190018,臺南市,善化區,牛庄里,Niuzhuang Vil.,D,67000,D27,67000190,,7083
6925,67000190019,臺南市,善化區,嘉北里,Jiabei Vil.,D,67000,D27,67000190,,7084
6926,67000190020,臺南市,善化區,嘉南里,Jianan Vil.,D,67000,D27,67000190,,7085
6927,67000190021,臺南市,善化區,小新里,Xiaoxin Vil.,D,67000,D27,67000190,,7086
6928,67000190022,臺南市,善化區,頂街里,Dingjie Vil.,D,67000,D27,67000190,,7087
6929,67000190023,臺南市,善化區,昌隆里,Changlong Vil.,D,67000,D27,67000190,,7088
6930,67000190024,臺南市,善化區,蓮潭里,Liantan Vil.,D,67000,D27,67000190,,7089
6931,67000200001,臺南市,新市區,新市里,Xinshi Vil.,D,67000,D28,67000200,,7090
6932,67000200002,臺南市,新市區,新和里,Xinhe Vil.,D,67000,D28,67000200,,7091
6933,67000200003,臺南市,新市區,社內里,Shenei Vil.,D,67000,D28,67000200,,7092
6934,67000200004,臺南市,新市區,大洲里,Dazhou Vil.,D,67000,D28,67000200,,7093
6935,67000200005,臺南市,新市區,豐華里,Fenghua Vil.,D,67000,D28,67000200,,7094
6936,67000200006,臺南市,新市區,三舍里,Sanshe Vil.,D,67000,D28,67000200,,7095
6937,67000200007,臺南市,新市區,大營里,Daying Vil.,D,67000,D28,67000200,,7096
6938,67000200008,臺南市,新市區,大社里,Dashe Vil.,D,67000,D28,67000200,,7097
6939,67000200009,臺南市,新市區,潭頂里,Tanding Vil.,D,67000,D28,67000200,,7098
6940,67000200010,臺南市,新市區,港墘里,Gangqian Vil.,D,67000,D28,67000200,,7099
6941,67000200011,臺南市,新市區,永就里,Yongjiu Vil.,D,67000,D28,67000200,,7100
6942,67000210001,臺南市,安定區,蘇林里,Sulin Vil.,D,67000,D29,67000210,,7101
6943,67000210002,臺南市,安定區,蘇厝里,Sucuo Vil.,D,67000,D29,67000210,,7102
6944,67000210003,臺南市,安定區,安定里,Anding Vil.,D,67000,D29,67000210,,7103
6945,67000210004,臺南市,安定區,安加里,Anjia Vil.,D,67000,D29,67000210,,7104
6946,67000210006,臺南市,安定區,港尾里,Gangwei Vil.,D,67000,D29,67000210,,7105
6947,67000210007,臺南市,安定區,中榮里,Zhongrong Vil.,D,67000,D29,67000210,,7106
6948,67000210008,臺南市,安定區,港口里,Gangkou Vil.,D,67000,D29,67000210,,7107
6949,67000210009,臺南市,安定區,港南里,Gangnan Vil.,D,67000,D29,67000210,,7108
6950,67000210012,臺南市,安定區,中沙里,Zhongsha Vil.,D,67000,D29,67000210,,7109
6951,67000210013,臺南市,安定區,新吉里,Xinji Vil.,D,67000,D29,67000210,,7110
6952,67000210014,臺南市,安定區,海寮里,Hailiao Vil.,D,67000,D29,67000210,,7111
6953,67000210017,臺南市,安定區,文科里,Wenke Vil.,D,67000,D29,67000210,,7112
6954,67000210018,臺南市,安定區,嘉同里,Jiatong Vil.,D,67000,D29,67000210,,7113
6955,67000220001,臺南市,山上區,明和里,Minghe Vil.,D,67000,D30,67000220,,7114
6956,67000220002,臺南市,山上區,南洲里,Nanzhou Vil.,D,67000,D30,67000220,,7115
6957,67000220003,臺南市,山上區,山上里,Shanshang Vil.,D,67000,D30,67000220,,7116
6958,67000220004,臺南市,山上區,新莊里,Xinzhuang Vil.,D,67000,D30,67000220,,7117
6959,67000220005,臺南市,山上區,玉峯里,Yufeng Vil.,D,67000,D30,67000220,,7118
6960,67000220006,臺南市,山上區,平陽里,Pingyang Vil.,D,67000,D30,67000220,,7119
6961,67000220007,臺南市,山上區,豐德里,Fengde Vil.,D,67000,D30,67000220,,7120
6962,67000230001,臺南市,玉井區,玉井里,Yujing Vil.,D,67000,D36,67000230,,7121
6963,67000230002,臺南市,玉井區,玉田里,Yutian Vil.,D,67000,D36,67000230,,7122
6964,67000230003,臺南市,玉井區,中正里,Zhongzheng Vil.,D,67000,D36,67000230,,7123
6965,67000230004,臺南市,玉井區,竹圍里,Zhuwei Vil.,D,67000,D36,67000230,,7124
6966,67000230005,臺南市,玉井區,沙田里,Shatian Vil.,D,67000,D36,67000230,,7125
6967,67000230006,臺南市,玉井區,三埔里,Sanpu Vil.,D,67000,D36,67000230,,7126
6968,67000230007,臺南市,玉井區,三和里,Sanhe Vil.,D,67000,D36,67000230,,7127
6969,67000230008,臺南市,玉井區,望明里,Wangming Vil.,D,67000,D36,67000230,,7128
6970,67000230009,臺南市,玉井區,層林里,Cenglin Vil.,D,67000,D36,67000230,,7129
6971,67000230010,臺南市,玉井區,豐里里,Fengli Vil.,D,67000,D36,67000230,,7130
6972,67000240001,臺南市,楠西區,楠西里,Nanxi Vil.,D,67000,D37,67000240,,7131
6973,67000240002,臺南市,楠西區,灣丘里,Wanqiu Vil.,D,67000,D37,67000240,,7132
6974,67000240003,臺南市,楠西區,密枝里,Mizhi Vil.,D,67000,D37,67000240,,7133
6975,67000240004,臺南市,楠西區,照興里,Zhaoxing Vil.,D,67000,D37,67000240,,7134
6976,67000240005,臺南市,楠西區,鹿田里,Lutian Vil.,D,67000,D37,67000240,,7135
6977,67000240006,臺南市,楠西區,龜丹里,Guidan Vil.,D,67000,D37,67000240,,7136
6978,67000240007,臺南市,楠西區,東勢里,Dongshi Vil.,D,67000,D37,67000240,,7137
6979,67000250001,臺南市,南化區,南化里,Nanhua Vil.,D,67000,D38,67000250,,7138
6980,67000250002,臺南市,南化區,小崙里,Xiaolun Vil.,D,67000,D38,67000250,,7139
6981,67000250003,臺南市,南化區,中坑里,Zhongkeng Vil.,D,67000,D38,67000250,,7140
6982,67000250004,臺南市,南化區,北平里,Beiping Vil.,D,67000,D38,67000250,,7141
6983,67000250005,臺南市,南化區,東和里,Donghe Vil.,D,67000,D38,67000250,,7142
6984,67000250006,臺南市,南化區,西埔里,Xipu Vil.,D,67000,D38,67000250,,7143
6985,67000250007,臺南市,南化區,北寮里,Beiliao Vil.,D,67000,D38,67000250,,7144
6986,67000250008,臺南市,南化區,玉山里,Yushan Vil.,D,67000,D38,67000250,,7145
6987,67000250009,臺南市,南化區,關山里,Guanshan Vil.,D,67000,D38,67000250,,7146
6988,67000260001,臺南市,左鎮區,光和里,Guanghe Vil.,D,67000,D31,67000260,,7147
6989,67000260002,臺南市,左鎮區,榮和里,Ronghe Vil.,D,67000,D31,67000260,,7148
6990,67000260003,臺南市,左鎮區,左鎮里,Zuozhen Vil.,D,67000,D31,67000260,,7149
6991,67000260004,臺南市,左鎮區,中正里,Zhongzheng Vil.,D,67000,D31,67000260,,7150
6992,67000260005,臺南市,左鎮區,睦光里,Muguang Vil.,D,67000,D31,67000260,,7151
6993,67000260006,臺南市,左鎮區,內庄里,Neizhuang Vil.,D,67000,D31,67000260,,7152
6994,67000260007,臺南市,左鎮區,澄山里,Chengshan Vil.,D,67000,D31,67000260,,7153
6995,67000260008,臺南市,左鎮區,岡林里,Ganglin Vil.,D,67000,D31,67000260,,7154
6996,67000260009,臺南市,左鎮區,草山里,Caoshan Vil.,D,67000,D31,67000260,,7155
6997,67000260010,臺南市,左鎮區,二寮里,Erliao Vil.,D,67000,D31,67000260,,7156
6998,67000270001,臺南市,仁德區,太子里,Taizi Vil.,D,67000,D32,67000270,,7157
6999,67000270002,臺南市,仁德區,土庫里,Tuku Vil.,D,67000,D32,67000270,,7158
7000,67000270003,臺南市,仁德區,一甲里,Yijia Vil.,D,67000,D32,67000270,,7159
7001,67000270004,臺南市,仁德區,仁德里,Rende Vil.,D,67000,D32,67000270,,7160
7002,67000270005,臺南市,仁德區,仁義里,Renyi Vil.,D,67000,D32,67000270,,7161
7003,67000270006,臺南市,仁德區,新田里,Xintian Vil.,D,67000,D32,67000270,,7162
7004,67000270007,臺南市,仁德區,後壁里,Houbi Vil.,D,67000,D32,67000270,,7163
7005,67000270008,臺南市,仁德區,上崙里,Shanglun Vil.,D,67000,D32,67000270,,7164
7006,67000270011,臺南市,仁德區,保安里,Bao'an Vil.,D,67000,D32,67000270,,7165
7007,67000270012,臺南市,仁德區,成功里,Chenggong Vil.,D,67000,D32,67000270,,7166
7008,67000270013,臺南市,仁德區,仁和里,Renhe Vil.,D,67000,D32,67000270,,7167
7009,67000270014,臺南市,仁德區,仁愛里,Ren'ai Vil.,D,67000,D32,67000270,,7168
7010,67000270015,臺南市,仁德區,二行里,Erxing Vil.,D,67000,D32,67000270,,7169
7011,67000270016,臺南市,仁德區,大甲里,Dajia Vil.,D,67000,D32,67000270,,7170
7012,67000270017,臺南市,仁德區,中洲里,Zhongzhou Vil.,D,67000,D32,67000270,,7171
7013,67000270019,臺南市,仁德區,文賢里,Wenxian Vil.,D,67000,D32,67000270,,7172
7014,67000280001,臺南市,歸仁區,南保里,Nanbao Vil.,D,67000,D33,67000280,,7173
7015,67000280002,臺南市,歸仁區,六甲里,Liujia Vil.,D,67000,D33,67000280,,7174
7016,67000280003,臺南市,歸仁區,歸仁里,Guiren Vil.,D,67000,D33,67000280,,7175
7017,67000280004,臺南市,歸仁區,後市里,Houshi Vil.,D,67000,D33,67000280,,7176
7018,67000280005,臺南市,歸仁區,辜厝里,Gucuo Vil.,D,67000,D33,67000280,,7177
7019,67000280006,臺南市,歸仁區,許厝里,Xucuo Vil.,D,67000,D33,67000280,,7178
7020,67000280007,臺南市,歸仁區,看西里,Kanxi Vil.,D,67000,D33,67000280,,7179
7021,67000280008,臺南市,歸仁區,看東里,Kandong Vil.,D,67000,D33,67000280,,7180
7022,67000280009,臺南市,歸仁區,崙頂里,Lunding Vil.,D,67000,D33,67000280,,7181
7023,67000280010,臺南市,歸仁區,沙崙里,Shalun Vil.,D,67000,D33,67000280,,7182
7024,67000280011,臺南市,歸仁區,大潭里,Datan Vil.,D,67000,D33,67000280,,7183
7025,67000280012,臺南市,歸仁區,武東里,Wudong Vil.,D,67000,D33,67000280,,7184
7026,67000280013,臺南市,歸仁區,八甲里,Bajia Vil.,D,67000,D33,67000280,,7185
7027,67000280014,臺南市,歸仁區,七甲里,Qijia Vil.,D,67000,D33,67000280,,7186
7028,67000280015,臺南市,歸仁區,媽廟里,Mamiao Vil.,D,67000,D33,67000280,,7187
7029,67000280016,臺南市,歸仁區,西埔里,Xipu Vil.,D,67000,D33,67000280,,7188
7030,67000280017,臺南市,歸仁區,大廟里,Damiao Vil.,D,67000,D33,67000280,,7189
7031,67000280018,臺南市,歸仁區,南興里,Nanxing Vil.,D,67000,D33,67000280,,7190
7032,67000280019,臺南市,歸仁區,新厝里,Xincuo Vil.,D,67000,D33,67000280,,7191
7033,67000280020,臺南市,歸仁區,歸南里,Guinan Vil.,D,67000,D33,67000280,,7192
7034,67000280021,臺南市,歸仁區,文化里,Wenhua Vil.,D,67000,D33,67000280,,7193
7035,67000290001,臺南市,關廟區,關廟里,Guanmiao Vil.,D,67000,D34,67000290,,7194
7036,67000290002,臺南市,關廟區,山西里,Shanxi Vil.,D,67000,D34,67000290,,7195
7037,67000290003,臺南市,關廟區,香洋里,Xiangyang Vil.,D,67000,D34,67000290,,7196
7038,67000290004,臺南市,關廟區,北勢里,Beishi Vil.,D,67000,D34,67000290,,7197
7039,67000290005,臺南市,關廟區,新埔里,Xinpu Vil.,D,67000,D34,67000290,,7198
7040,67000290006,臺南市,關廟區,新光里,Xinguang Vil.,D,67000,D34,67000290,,7199
7041,67000290007,臺南市,關廟區,五甲里,Wujia Vil.,D,67000,D34,67000290,,7200
7042,67000290008,臺南市,關廟區,東勢里,Dongshi Vil.,D,67000,D34,67000290,,7201
7043,67000290009,臺南市,關廟區,松腳里,Songjiao Vil.,D,67000,D34,67000290,,7202
7044,67000290012,臺南市,關廟區,深坑里,Shenkeng Vil.,D,67000,D34,67000290,,7203
7045,67000290013,臺南市,關廟區,布袋里,Budai Vil.,D,67000,D34,67000290,,7204
7046,67000290016,臺南市,關廟區,埤頭里,Pitou Vil.,D,67000,D34,67000290,,7205
7047,67000290017,臺南市,關廟區,下湖里,Xiahu Vil.,D,67000,D34,67000290,,7206
7048,67000290018,臺南市,關廟區,花園里,Huayuan Vil.,D,67000,D34,67000290,,7207
7049,67000290020,臺南市,關廟區,龜洞里,Guidong Vil.,D,67000,D34,67000290,,7208
7050,67000300001,臺南市,龍崎區,崎頂里,Qiding Vil.,D,67000,D35,67000300,,7209
7051,67000300002,臺南市,龍崎區,土崎里,Tuqi Vil.,D,67000,D35,67000300,,7210
7052,67000300003,臺南市,龍崎區,中坑里,Zhongkeng Vil.,D,67000,D35,67000300,,7211
7053,67000300004,臺南市,龍崎區,楠坑里,Nankeng Vil.,D,67000,D35,67000300,,7212
7054,67000300005,臺南市,龍崎區,牛埔里,Niupu Vil.,D,67000,D35,67000300,,7213
7055,67000300006,臺南市,龍崎區,大坪里,Daping Vil.,D,67000,D35,67000300,,7214
7056,67000300007,臺南市,龍崎區,龍船里,Longchuan Vil.,D,67000,D35,67000300,,7215
7057,67000300008,臺南市,龍崎區,石[曹]里,Shicao Vil.,D,67000,D35,67000300,,7216
7058,67000310001,臺南市,永康區,五王里,Wuwang Vil.,D,67000,D39,67000310,,7217
7059,67000310002,臺南市,永康區,網寮里,Wangliao Vil.,D,67000,D39,67000310,,7218
7060,67000310003,臺南市,永康區,永康里,Yongkang Vil.,D,67000,D39,67000310,,7219
7061,67000310004,臺南市,永康區,埔園里,Puyuan Vil.,D,67000,D39,67000310,,7220
7062,67000310005,臺南市,永康區,大橋里,Daqiao Vil.,D,67000,D39,67000310,,7221
7063,67000310006,臺南市,永康區,王行里,Wangxing Vil.,D,67000,D39,67000310,,7222
7064,67000310007,臺南市,永康區,烏竹里,Wuzhu Vil.,D,67000,D39,67000310,,7223
7065,67000310008,臺南市,永康區,蔦松里,Niaosong Vil.,D,67000,D39,67000310,,7224
7066,67000310009,臺南市,永康區,三民里,Sanmin Vil.,D,67000,D39,67000310,,7225
7067,67000310010,臺南市,永康區,塩行里,Yanhang Vil.,D,67000,D39,67000310,,7226
7068,67000310011,臺南市,永康區,甲頂里,Jiading Vil.,D,67000,D39,67000310,,7227
7069,67000310012,臺南市,永康區,大灣里,Dawan Vil.,D,67000,D39,67000310,,7228
7070,67000310013,臺南市,永康區,東灣里,Dongwan Vil.,D,67000,D39,67000310,,7229
7071,67000310014,臺南市,永康區,西灣里,Xiwan Vil.,D,67000,D39,67000310,,7230
7072,67000310015,臺南市,永康區,南灣里,Nanwan Vil.,D,67000,D39,67000310,,7231
7073,67000310016,臺南市,永康區,崑山里,Kunshan Vil.,D,67000,D39,67000310,,7232
7074,67000310017,臺南市,永康區,北灣里,Beiwan Vil.,D,67000,D39,67000310,,7233
7075,67000310018,臺南市,永康區,新樹里,Xinshu Vil.,D,67000,D39,67000310,,7234
7076,67000310019,臺南市,永康區,復興里,Fuxing Vil.,D,67000,D39,67000310,,7235
7077,67000310020,臺南市,永康區,復國里,Fuguo Vil.,D,67000,D39,67000310,,7236
7078,67000310021,臺南市,永康區,建國里,Jianguo Vil.,D,67000,D39,67000310,,7237
7079,67000310022,臺南市,永康區,神洲里,Shenzhou Vil.,D,67000,D39,67000310,,7238
7080,67000310023,臺南市,永康區,西勢里,Xishi Vil.,D,67000,D39,67000310,,7239
7081,67000310024,臺南市,永康區,成功里,Chenggong Vil.,D,67000,D39,67000310,,7240
7082,67000310025,臺南市,永康區,中興里,Zhongxing Vil.,D,67000,D39,67000310,,7241
7083,67000310026,臺南市,永康區,勝利里,Shengli Vil.,D,67000,D39,67000310,,7242
7084,67000310027,臺南市,永康區,龍潭里,Longtan Vil.,D,67000,D39,67000310,,7243
7085,67000310028,臺南市,永康區,光復里,Guangfu Vil.,D,67000,D39,67000310,,7244
7086,67000310029,臺南市,永康區,塩洲里,Yanzhou Vil.,D,67000,D39,67000310,,7245
7087,67000310030,臺南市,永康區,二王里,Erwang Vil.,D,67000,D39,67000310,,7246
7088,67000310031,臺南市,永康區,六合里,Liuhe Vil.,D,67000,D39,67000310,,7247
7089,67000310032,臺南市,永康區,三合里,Sanhe Vil.,D,67000,D39,67000310,,7248
7090,67000310033,臺南市,永康區,東橋里,Dongqiao Vil.,D,67000,D39,67000310,,7249
7091,67000310034,臺南市,永康區,安康里,Ankang Vil.,D,67000,D39,67000310,,7250
7092,67000310035,臺南市,永康區,西橋里,Xiqiao Vil.,D,67000,D39,67000310,,7251
7093,67000310036,臺南市,永康區,尚頂里,Shangding Vil.,D,67000,D39,67000310,,7252
7094,67000310037,臺南市,永康區,復華里,Fuhua Vil.,D,67000,D39,67000310,,7253
7095,67000310038,臺南市,永康區,正強里,Zhengqiang Vil.,D,67000,D39,67000310,,7254
7096,67000310039,臺南市,永康區,中華里,Zhonghua Vil.,D,67000,D39,67000310,,7255
7097,67000310040,臺南市,永康區,北興里,Beixing Vil.,D,67000,D39,67000310,,7256
7098,67000310041,臺南市,永康區,龍埔里,Longpu Vil.,D,67000,D39,67000310,,7257
7099,67000310042,臺南市,永康區,永明里,Yongming Vil.,D,67000,D39,67000310,,7258
7100,67000310043,臺南市,永康區,塩興里,Yanxing Vil.,D,67000,D39,67000310,,7259
7101,67000320001,臺南市,東區,富裕里,Fuyu Vil.,D,67000,D01,67000320,,7260
7102,67000320002,臺南市,東區,裕農里,Yunong Vil.,D,67000,D01,67000320,,7261
7103,67000320003,臺南市,東區,大智里,Dazhi Vil.,D,67000,D01,67000320,,7262
7104,67000320004,臺南市,東區,崇學里,Chongxue Vil.,D,67000,D01,67000320,,7263
7105,67000320005,臺南市,東區,泉南里,Quannan Vil.,D,67000,D01,67000320,,7264
7106,67000320006,臺南市,東區,仁和里,Renhe Vil.,D,67000,D01,67000320,,7265
7107,67000320007,臺南市,東區,後甲里,Houjia Vil.,D,67000,D01,67000320,,7266
7108,67000320008,臺南市,東區,東光里,Dongguang Vil.,D,67000,D01,67000320,,7267
7109,67000320009,臺南市,東區,新東里,Xindong Vil.,D,67000,D01,67000320,,7268
7110,67000320010,臺南市,東區,中西里,Zhongxi Vil.,D,67000,D01,67000320,,7269
7111,67000320011,臺南市,東區,東安里,Dong'an Vil.,D,67000,D01,67000320,,7270
7112,67000320012,臺南市,東區,崇明里,Chongming Vil.,D,67000,D01,67000320,,7271
7113,67000320013,臺南市,東區,自強里,Ziqiang Vil.,D,67000,D01,67000320,,7272
7114,67000320014,臺南市,東區,和平里,Heping Vil.,D,67000,D01,67000320,,7273
7115,67000320015,臺南市,東區,路東里,Ludong Vil.,D,67000,D01,67000320,,7274
7116,67000320016,臺南市,東區,大德里,Dade Vil.,D,67000,D01,67000320,,7275
7117,67000320017,臺南市,東區,關聖里,Guansheng Vil.,D,67000,D01,67000320,,7276
7118,67000320018,臺南市,東區,衛國里,Weiguo Vil.,D,67000,D01,67000320,,7277
7119,67000320019,臺南市,東區,崇善里,Chongshan Vil.,D,67000,D01,67000320,,7278
7120,67000320020,臺南市,東區,富強里,Fuqiang Vil.,D,67000,D01,67000320,,7279
7121,67000320021,臺南市,東區,圍下里,Weixia Vil.,D,67000,D01,67000320,,7280
7122,67000320022,臺南市,東區,小東里,Xiaodong Vil.,D,67000,D01,67000320,,7281
7123,67000320023,臺南市,東區,大學里,Daxue Vil.,D,67000,D01,67000320,,7282
7124,67000320024,臺南市,東區,龍山里,Longshan Vil.,D,67000,D01,67000320,,7283
7125,67000320025,臺南市,東區,虎尾里,Huwei Vil.,D,67000,D01,67000320,,7284
7126,67000320026,臺南市,東區,德高里,Degao Vil.,D,67000,D01,67000320,,7285
7127,67000320027,臺南市,東區,莊敬里,Zhuangjing Vil.,D,67000,D01,67000320,,7286
7128,67000320028,臺南市,東區,大福里,Dafu Vil.,D,67000,D01,67000320,,7287
7129,67000320029,臺南市,東區,忠孝里,Zhongxiao Vil.,D,67000,D01,67000320,,7288
7130,67000320030,臺南市,東區,崇誨里,Chonghui Vil.,D,67000,D01,67000320,,7289
7131,67000320031,臺南市,東區,東明里,Dongming Vil.,D,67000,D01,67000320,,7290
7132,67000320032,臺南市,東區,崇德里,Chongde Vil.,D,67000,D01,67000320,,7291
7133,67000320033,臺南市,東區,東智里,Dongzhi Vil.,D,67000,D01,67000320,,7292
7134,67000320034,臺南市,東區,東聖里,Dongsheng Vil.,D,67000,D01,67000320,,7293
7135,67000320035,臺南市,東區,崇成里,Chongcheng Vil.,D,67000,D01,67000320,,7294
7136,67000320036,臺南市,東區,東門里,Dongmen Vil.,D,67000,D01,67000320,,7295
7137,67000320037,臺南市,東區,成大里,Chengda Vil.,D,67000,D01,67000320,,7296
7138,67000320038,臺南市,東區,大同里,Datong Vil.,D,67000,D01,67000320,,7297
7139,67000320039,臺南市,東區,德光里,Deguang Vil.,D,67000,D01,67000320,,7298
7140,67000320040,臺南市,東區,崇信里,Chongxin Vil.,D,67000,D01,67000320,,7299
7141,67000320041,臺南市,東區,崇文里,Chongwen Vil.,D,67000,D01,67000320,,7300
7142,67000320042,臺南市,東區,復興里,Fuxing Vil.,D,67000,D01,67000320,,7301
7143,67000320043,臺南市,東區,裕聖里,Yusheng Vil.,D,67000,D01,67000320,,7302
7144,67000320044,臺南市,東區,南聖里,Nansheng Vil.,D,67000,D01,67000320,,7303
7145,67000320045,臺南市,東區,文聖里,Wensheng Vil.,D,67000,D01,67000320,,7304
7146,67000330001,臺南市,南區,竹溪里,Zhuxi Vil.,D,67000,D02,67000330,,7305
7147,67000330003,臺南市,南區,明德里,Mingde Vil.,D,67000,D02,67000330,,7306
7148,67000330004,臺南市,南區,大成里,Dacheng Vil.,D,67000,D02,67000330,,7307
7149,67000330005,臺南市,南區,廣州里,Guangzhou Vil.,D,67000,D02,67000330,,7308
7150,67000330006,臺南市,南區,新昌里,Xinchang Vil.,D,67000,D02,67000330,,7309
7151,67000330007,臺南市,南區,新興里,Xinxing Vil.,D,67000,D02,67000330,,7310
7152,67000330008,臺南市,南區,田寮里,Tianliao Vil.,D,67000,D02,67000330,,7311
7153,67000330009,臺南市,南區,國宅里,Guozhai Vil.,D,67000,D02,67000330,,7312
7154,67000330011,臺南市,南區,光明里,Guangming Vil.,D,67000,D02,67000330,,7313
7155,67000330013,臺南市,南區,明亮里,Mingliang Vil.,D,67000,D02,67000330,,7314
7156,67000330014,臺南市,南區,喜東里,Xidong Vil.,D,67000,D02,67000330,,7315
7157,67000330015,臺南市,南區,喜北里,Xibei Vil.,D,67000,D02,67000330,,7316
7158,67000330016,臺南市,南區,喜南里,Xinan Vil.,D,67000,D02,67000330,,7317
7159,67000330017,臺南市,南區,省躬里,Shenggong Vil.,D,67000,D02,67000330,,7318
7160,67000330018,臺南市,南區,興農里,Xingnong Vil.,D,67000,D02,67000330,,7319
7161,67000330019,臺南市,南區,同安里,Tong'an Vil.,D,67000,D02,67000330,,7320
7162,67000330020,臺南市,南區,佛壇里,Fotan Vil.,D,67000,D02,67000330,,7321
7163,67000330021,臺南市,南區,大林里,Dalin Vil.,D,67000,D02,67000330,,7322
7164,67000330022,臺南市,南區,大忠里,Dazhong Vil.,D,67000,D02,67000330,,7323
7165,67000330023,臺南市,南區,大恩里,Da'en Vil.,D,67000,D02,67000330,,7324
7166,67000330024,臺南市,南區,新生里,Xinsheng Vil.,D,67000,D02,67000330,,7325
7167,67000330025,臺南市,南區,再興里,Zaixing Vil.,D,67000,D02,67000330,,7326
7168,67000330026,臺南市,南區,明興里,Mingxing Vil.,D,67000,D02,67000330,,7327
7169,67000330027,臺南市,南區,文華里,Wenhua Vil.,D,67000,D02,67000330,,7328
7170,67000330028,臺南市,南區,金華里,Jinhua Vil.,D,67000,D02,67000330,,7329
7171,67000330029,臺南市,南區,南都里,Nandou Vil.,D,67000,D02,67000330,,7330
7172,67000330030,臺南市,南區,開南里,Kainan Vil.,D,67000,D02,67000330,,7331
7173,67000330031,臺南市,南區,彰南里,Zhangnan Vil.,D,67000,D02,67000330,,7332
7174,67000330032,臺南市,南區,建南里,Jiannan Vil.,D,67000,D02,67000330,,7333
7175,67000330033,臺南市,南區,郡南里,Junnan Vil.,D,67000,D02,67000330,,7334
7176,67000330034,臺南市,南區,府南里,Funan Vil.,D,67000,D02,67000330,,7335
7177,67000330035,臺南市,南區,文南里,Wennan Vil.,D,67000,D02,67000330,,7336
7178,67000330036,臺南市,南區,鯤鯓里,Kunshen Vil.,D,67000,D02,67000330,,7337
7179,67000330037,臺南市,南區,松安里,Song'an Vil.,D,67000,D02,67000330,,7338
7180,67000330038,臺南市,南區,永寧里,Yongning Vil.,D,67000,D02,67000330,,7339
7181,67000330039,臺南市,南區,南華里,Nanhua Vil.,D,67000,D02,67000330,,7340
7182,67000330040,臺南市,南區,鹽埕里,Yancheng Vil.,D,67000,D02,67000330,,7341
7183,67000340001,臺南市,北區,開元里,Kaiyuan Vil.,D,67000,D04,67000340,,7342
7184,67000340004,臺南市,北區,東興里,Dongxing Vil.,D,67000,D04,67000340,,7343
7185,67000340005,臺南市,北區,力行里,Lixing Vil.,D,67000,D04,67000340,,7344
7186,67000340007,臺南市,北區,振興里,Zhenxing Vil.,D,67000,D04,67000340,,7345
7187,67000340008,臺南市,北區,仁愛里,Ren'ai Vil.,D,67000,D04,67000340,,7346
7188,67000340018,臺南市,北區,大豐里,Dafeng Vil.,D,67000,D04,67000340,,7347
7189,67000340019,臺南市,北區,重興里,Zhongxing Vil.,D,67000,D04,67000340,,7348
7190,67000340020,臺南市,北區,和順里,Heshun Vil.,D,67000,D04,67000340,,7349
7191,67000340023,臺南市,北區,正覺里,Zhengjue Vil.,D,67000,D04,67000340,,7350
7192,67000340024,臺南市,北區,成功里,Chenggong Vil.,D,67000,D04,67000340,,7351
7193,67000340025,臺南市,北區,文元里,Wenyuan Vil.,D,67000,D04,67000340,,7352
7194,67000340026,臺南市,北區,大港里,Dagang Vil.,D,67000,D04,67000340,,7353
7195,67000340032,臺南市,北區,中樓里,Zhonglou Vil.,D,67000,D04,67000340,,7354
7196,67000340033,臺南市,北區,公園里,Gongyuan Vil.,D,67000,D04,67000340,,7355
7197,67000340038,臺南市,北區,元寶里,Yuanbao Vil.,D,67000,D04,67000340,,7356
7198,67000340039,臺南市,北區,永祥里,Yongxiang Vil.,D,67000,D04,67000340,,7357
7199,67000340040,臺南市,北區,成德里,Chengde Vil.,D,67000,D04,67000340,,7358
7200,67000340041,臺南市,北區,文成里,Wencheng Vil.,D,67000,D04,67000340,,7359
7201,67000340042,臺南市,北區,大和里,Dahe Vil.,D,67000,D04,67000340,,7360
7202,67000340043,臺南市,北區,賢北里,Xianbei Vil.,D,67000,D04,67000340,,7361
7203,67000340044,臺南市,北區,長勝里,Zhangsheng Vil.,D,67000,D04,67000340,,7362
7204,67000340045,臺南市,北區,合興里,Hexing Vil.,D,67000,D04,67000340,,7363
7205,67000340046,臺南市,北區,北門里,Beimen Vil.,D,67000,D04,67000340,,7364
7206,67000340047,臺南市,北區,小北里,Xiaobei Vil.,D,67000,D04,67000340,,7365
7207,67000340048,臺南市,北區,大光里,Daguang Vil.,D,67000,D04,67000340,,7366
7208,67000340049,臺南市,北區,大興里,Daxing Vil.,D,67000,D04,67000340,,7367
7209,67000340050,臺南市,北區,長興里,Zhangxing Vil.,D,67000,D04,67000340,,7368
7210,67000340051,臺南市,北區,北華里,Beihua Vil.,D,67000,D04,67000340,,7369
7211,67000340052,臺南市,北區,華德里,Huade Vil.,D,67000,D04,67000340,,7370
7212,67000340053,臺南市,北區,福德里,Fude Vil.,D,67000,D04,67000340,,7371
7213,67000340054,臺南市,北區,立人里,Liren Vil.,D,67000,D04,67000340,,7372
7214,67000340055,臺南市,北區,雙安里,Shuang'an Vil.,D,67000,D04,67000340,,7373
7215,67000340056,臺南市,北區,元美里,Yuanmei Vil.,D,67000,D04,67000340,,7374
7216,67000350001,臺南市,安南區,東和里,Donghe Vil.,D,67000,D06,67000350,,7375
7217,67000350002,臺南市,安南區,安順里,Anshun Vil.,D,67000,D06,67000350,,7376
7218,67000350003,臺南市,安南區,[塭]南里,Wennan Vil.,D,67000,D06,67000350,,7377
7219,67000350004,臺南市,安南區,州南里,Zhounan Vil.,D,67000,D06,67000350,,7378
7220,67000350005,臺南市,安南區,州北里,Zhoubei Vil.,D,67000,D06,67000350,,7379
7221,67000350006,臺南市,安南區,安東里,Andong Vil.,D,67000,D06,67000350,,7380
7222,67000350007,臺南市,安南區,安西里,Anxi Vil.,D,67000,D06,67000350,,7381
7223,67000350008,臺南市,安南區,頂安里,Ding'an Vil.,D,67000,D06,67000350,,7382
7224,67000350009,臺南市,安南區,安慶里,Anqing Vil.,D,67000,D06,67000350,,7383
7225,67000350010,臺南市,安南區,新順里,Xinshun Vil.,D,67000,D06,67000350,,7384
7226,67000350011,臺南市,安南區,原佃里,Yuandian Vil.,D,67000,D06,67000350,,7385
7227,67000350012,臺南市,安南區,總頭里,Zongtou Vil.,D,67000,D06,67000350,,7386
7228,67000350013,臺南市,安南區,長安里,Chang'an Vil.,D,67000,D06,67000350,,7387
7229,67000350014,臺南市,安南區,公親里,Gongqin Vil.,D,67000,D06,67000350,,7388
7230,67000350015,臺南市,安南區,海東里,Haidong Vil.,D,67000,D06,67000350,,7389
7231,67000350016,臺南市,安南區,海西里,Haixi Vil.,D,67000,D06,67000350,,7390
7232,67000350017,臺南市,安南區,海南里,Hainan Vil.,D,67000,D06,67000350,,7391
7233,67000350018,臺南市,安南區,溪心里,Xixin Vil.,D,67000,D06,67000350,,7392
7234,67000350019,臺南市,安南區,塩田里,Yantian Vil.,D,67000,D06,67000350,,7393
7235,67000350020,臺南市,安南區,淵東里,Yuandong Vil.,D,67000,D06,67000350,,7394
7236,67000350021,臺南市,安南區,淵西里,Yuanxi Vil.,D,67000,D06,67000350,,7395
7237,67000350022,臺南市,安南區,佃東里,Diandong Vil.,D,67000,D06,67000350,,7396
7238,67000350023,臺南市,安南區,佃西里,Dianxi Vil.,D,67000,D06,67000350,,7397
7239,67000350024,臺南市,安南區,公[塭]里,Gongwen Vil.,D,67000,D06,67000350,,7398
7240,67000350025,臺南市,安南區,南興里,Nanxing Vil.,D,67000,D06,67000350,,7399
7241,67000350026,臺南市,安南區,學東里,Xuedong Vil.,D,67000,D06,67000350,,7400
7242,67000350027,臺南市,安南區,城東里,Chengdong Vil.,D,67000,D06,67000350,,7401
7243,67000350028,臺南市,安南區,城北里,Chengbei Vil.,D,67000,D06,67000350,,7402
7244,67000350029,臺南市,安南區,城中里,Chengzhong Vil.,D,67000,D06,67000350,,7403
7245,67000350030,臺南市,安南區,城南里,Chengnan Vil.,D,67000,D06,67000350,,7404
7246,67000350031,臺南市,安南區,城西里,Chengxi Vil.,D,67000,D06,67000350,,7405
7247,67000350032,臺南市,安南區,青草里,Qingcao Vil.,D,67000,D06,67000350,,7406
7248,67000350033,臺南市,安南區,砂崙里,Shalun Vil.,D,67000,D06,67000350,,7407
7249,67000350035,臺南市,安南區,鹿耳里,Lu'er Vil.,D,67000,D06,67000350,,7408
7250,67000350036,臺南市,安南區,四草里,Sicao Vil.,D,67000,D06,67000350,,7409
7251,67000350037,臺南市,安南區,安和里,Anhe Vil.,D,67000,D06,67000350,,7410
7252,67000350038,臺南市,安南區,溪北里,Xibei Vil.,D,67000,D06,67000350,,7411
7253,67000350039,臺南市,安南區,溪頂里,Xiding Vil.,D,67000,D06,67000350,,7412
7254,67000350040,臺南市,安南區,溪墘里,Xiqian Vil.,D,67000,D06,67000350,,7413
7255,67000350041,臺南市,安南區,海佃里,Haidian Vil.,D,67000,D06,67000350,,7414
7256,67000350042,臺南市,安南區,幸福里,Xingfu Vil.,D,67000,D06,67000350,,7415
7257,67000350043,臺南市,安南區,鳳凰里,Fenghuang Vil.,D,67000,D06,67000350,,7416
7258,67000350044,臺南市,安南區,梅花里,Meihua Vil.,D,67000,D06,67000350,,7417
7259,67000350045,臺南市,安南區,理想里,Lixiang Vil.,D,67000,D06,67000350,,7418
7260,67000350046,臺南市,安南區,溪東里,Xidong Vil.,D,67000,D06,67000350,,7419
7261,67000350047,臺南市,安南區,淵中里,Yuanzhong Vil.,D,67000,D06,67000350,,7420
7262,67000350048,臺南市,安南區,布袋里,Budai Vil.,D,67000,D06,67000350,,7421
7263,67000350049,臺南市,安南區,國安里,Guo'an Vil.,D,67000,D06,67000350,,7422
7264,67000350050,臺南市,安南區,安富里,Anfu Vil.,D,67000,D06,67000350,,7423
7265,67000350051,臺南市,安南區,大安里,Da'an Vil.,D,67000,D06,67000350,,7424
7266,67000350052,臺南市,安南區,媽祖宮里,Mazugong Vil.,D,67000,D06,67000350,,7425
7267,67000360002,臺南市,安平區,金城里,Jincheng Vil.,D,67000,D07,67000360,,7426
7268,67000360004,臺南市,安平區,漁光里,Yuguang Vil.,D,67000,D07,67000360,,7427
7269,67000360005,臺南市,安平區,建平里,Jianping Vil.,D,67000,D07,67000360,,7428
7270,67000360006,臺南市,安平區,怡平里,Yiping Vil.,D,67000,D07,67000360,,7429
7271,67000360007,臺南市,安平區,華平里,Huaping Vil.,D,67000,D07,67000360,,7430
7272,67000360008,臺南市,安平區,平通里,Pingtong Vil.,D,67000,D07,67000360,,7431
7273,67000360009,臺南市,安平區,文平里,Wenping Vil.,D,67000,D07,67000360,,7432
7274,67000360010,臺南市,安平區,國平里,Guoping Vil.,D,67000,D07,67000360,,7433
7275,67000360011,臺南市,安平區,育平里,Yuping Vil.,D,67000,D07,67000360,,7434
7276,67000360012,臺南市,安平區,億載里,Yizai Vil.,D,67000,D07,67000360,,7435
7277,67000360015,臺南市,安平區,平安里,Ping'an Vil.,D,67000,D07,67000360,,7436
7278,67000360016,臺南市,安平區,天妃里,Tianfei Vil.,D,67000,D07,67000360,,7437
7279,67000360017,臺南市,安平區,王城里,Wangcheng Vil.,D,67000,D07,67000360,,7438
7280,67000370005,臺南市,中西區,赤嵌里,Chihkan Vil.,D,67000,D08,67000370,,7439
7281,67000370007,臺南市,中西區,郡王里,Junwang Vil.,D,67000,D08,67000370,,7440
7282,67000370009,臺南市,中西區,法華里,Fahua Vil.,D,67000,D08,67000370,,7441
7283,67000370011,臺南市,中西區,開山里,Kaishan Vil.,D,67000,D08,67000370,,7442
7284,67000370016,臺南市,中西區,永華里,Yonghua Vil.,D,67000,D08,67000370,,7443
7285,67000370022,臺南市,中西區,藥王里,Yaowang Vil.,D,67000,D08,67000370,,7444
7286,67000370025,臺南市,中西區,光賢里,Guangxian Vil.,D,67000,D08,67000370,,7445
7287,67000370031,臺南市,中西區,大涼里,Daliang Vil.,D,67000,D08,67000370,,7446
7288,67000370033,臺南市,中西區,西湖里,Xihu Vil.,D,67000,D08,67000370,,7447
7289,67000370034,臺南市,中西區,西賢里,Xixian Vil.,D,67000,D08,67000370,,7448
7290,67000370039,臺南市,中西區,城隍里,Chenghuang Vil.,D,67000,D08,67000370,,7449
7291,67000370040,臺南市,中西區,南美里,Nanmei Vil.,D,67000,D08,67000370,,7450
7292,67000370041,臺南市,中西區,南門里,Nanmen Vil.,D,67000,D08,67000370,,7451
7293,67000370042,臺南市,中西區,小西門里,Xiaoximen Vil.,D,67000,D08,67000370,,7452
7294,67000370043,臺南市,中西區,五條港里,Wutiaogang Vil.,D,67000,D08,67000370,,7453
7295,67000370044,臺南市,中西區,兌悅里,Duiyue Vil.,D,67000,D08,67000370,,7454
7296,67000370045,臺南市,中西區,淺草里,Qiancao Vil.,D,67000,D08,67000370,,7455
7297,67000370046,臺南市,中西區,府前里,Fuqian Vil.,D,67000,D08,67000370,,7456
7298,67000370047,臺南市,中西區,南廠里,Nanchang Vil.,D,67000,D08,67000370,,7457
7299,67000370048,臺南市,中西區,西和里,Xihe Vil.,D,67000,D08,67000370,,7458
7300,68000010001,桃園市,桃園區,文化里,Wenhua Vil.,H,68000,H01,68000010,,7459
7301,68000010002,桃園市,桃園區,文明里,Wenming Vil.,H,68000,H01,68000010,,7460
7302,68000010003,桃園市,桃園區,武陵里,Wuling Vil.,H,68000,H01,68000010,,7461
7303,68000010004,桃園市,桃園區,大林里,Dalin Vil.,H,68000,H01,68000010,,7462
7304,68000010005,桃園市,桃園區,忠義里,Zhongyi Vil.,H,68000,H01,68000010,,7463
7305,68000010006,桃園市,桃園區,會稽里,Kuaiji Vil.,H,68000,H01,68000010,,7464
7306,68000010007,桃園市,桃園區,長美里,Changmei Vil.,H,68000,H01,68000010,,7465
7307,68000010008,桃園市,桃園區,民生里,Minsheng Vil.,H,68000,H01,68000010,,7466
7308,68000010009,桃園市,桃園區,永興里,Yongxing Vil.,H,68000,H01,68000010,,7467
7309,68000010010,桃園市,桃園區,汴洲里,Bianzhou Vil.,H,68000,H01,68000010,,7468
7310,68000010011,桃園市,桃園區,永安里,Yong'an Vil.,H,68000,H01,68000010,,7469
7311,68000010012,桃園市,桃園區,東埔里,Dongpu Vil.,H,68000,H01,68000010,,7470
7312,68000010013,桃園市,桃園區,東門里,Dongmen Vil.,H,68000,H01,68000010,,7471
7313,68000010014,桃園市,桃園區,東山里,Dongshan Vil.,H,68000,H01,68000010,,7472
7314,68000010015,桃園市,桃園區,萬壽里,Wanshou Vil.,H,68000,H01,68000010,,7473
7315,68000010016,桃園市,桃園區,長安里,Chang'an Vil.,H,68000,H01,68000010,,7474
7316,68000010017,桃園市,桃園區,中埔里,Zhongpu Vil.,H,68000,H01,68000010,,7475
7317,68000010018,桃園市,桃園區,西埔里,Xipu Vil.,H,68000,H01,68000010,,7476
7318,68000010019,桃園市,桃園區,西門里,Ximen Vil.,H,68000,H01,68000010,,7477
7319,68000010020,桃園市,桃園區,中和里,Zhonghe Vil.,H,68000,H01,68000010,,7478
7320,68000010021,桃園市,桃園區,文昌里,Wenchang Vil.,H,68000,H01,68000010,,7479
7321,68000010022,桃園市,桃園區,新埔里,Xinpu Vil.,H,68000,H01,68000010,,7480
7322,68000010023,桃園市,桃園區,中山里,Zhongshan Vil.,H,68000,H01,68000010,,7481
7323,68000010024,桃園市,桃園區,慈文里,Ciwen Vil.,H,68000,H01,68000010,,7482
7324,68000010025,桃園市,桃園區,西湖里,Xihu Vil.,H,68000,H01,68000010,,7483
7325,68000010026,桃園市,桃園區,南門里,Nanmen Vil.,H,68000,H01,68000010,,7484
7326,68000010027,桃園市,桃園區,南華里,Nanhua Vil.,H,68000,H01,68000010,,7485
7327,68000010028,桃園市,桃園區,玉山里,Yushan Vil.,H,68000,H01,68000010,,7486
7328,68000010029,桃園市,桃園區,中成里,Zhongcheng Vil.,H,68000,H01,68000010,,7487
7329,68000010030,桃園市,桃園區,中正里,Zhongzheng Vil.,H,68000,H01,68000010,,7488
7330,68000010031,桃園市,桃園區,北門里,Beimen Vil.,H,68000,H01,68000010,,7489
7331,68000010032,桃園市,桃園區,雲林里,Yunlin Vil.,H,68000,H01,68000010,,7490
7332,68000010033,桃園市,桃園區,福林里,Fulin Vil.,H,68000,H01,68000010,,7491
7333,68000010034,桃園市,桃園區,光興里,Guangxing Vil.,H,68000,H01,68000010,,7492
7334,68000010035,桃園市,桃園區,龍山里,Longshan Vil.,H,68000,H01,68000010,,7493
7335,68000010036,桃園市,桃園區,龍岡里,Longgang Vil.,H,68000,H01,68000010,,7494
7336,68000010037,桃園市,桃園區,成功里,Chenggong Vil.,H,68000,H01,68000010,,7495
7337,68000010038,桃園市,桃園區,青溪里,Qingxi Vil.,H,68000,H01,68000010,,7496
7338,68000010039,桃園市,桃園區,朝陽里,Zhaoyang Vil.,H,68000,H01,68000010,,7497
7339,68000010040,桃園市,桃園區,中興里,Zhongxing Vil.,H,68000,H01,68000010,,7498
7340,68000010041,桃園市,桃園區,豐林里,Fenglin Vil.,H,68000,H01,68000010,,7499
7341,68000010042,桃園市,桃園區,建國里,Jianguo Vil.,H,68000,H01,68000010,,7500
7342,68000010043,桃園市,桃園區,大豐里,Dafeng Vil.,H,68000,H01,68000010,,7501
7343,68000010044,桃園市,桃園區,福安里,Fu'an Vil.,H,68000,H01,68000010,,7502
7344,68000010045,桃園市,桃園區,三民里,Sanmin Vil.,H,68000,H01,68000010,,7503
7345,68000010046,桃園市,桃園區,大興里,Daxing Vil.,H,68000,H01,68000010,,7504
7346,68000010047,桃園市,桃園區,春日里,Chunri Vil.,H,68000,H01,68000010,,7505
7347,68000010048,桃園市,桃園區,信光里,Xinguang Vil.,H,68000,H01,68000010,,7506
7348,68000010049,桃園市,桃園區,中寧里,Zhongning Vil.,H,68000,H01,68000010,,7507
7349,68000010050,桃園市,桃園區,同安里,Tong'an Vil.,H,68000,H01,68000010,,7508
7350,68000010051,桃園市,桃園區,莊敬里,Zhuangjing Vil.,H,68000,H01,68000010,,7509
7351,68000010052,桃園市,桃園區,文中里,Wenzhong Vil.,H,68000,H01,68000010,,7510
7352,68000010053,桃園市,桃園區,泰山里,Taishan Vil.,H,68000,H01,68000010,,7511
7353,68000010054,桃園市,桃園區,中路里,Zhonglu Vil.,H,68000,H01,68000010,,7512
7354,68000010055,桃園市,桃園區,中德里,Zhongde Vil.,H,68000,H01,68000010,,7513
7355,68000010056,桃園市,桃園區,龍祥里,Longxiang Vil.,H,68000,H01,68000010,,7514
7356,68000010057,桃園市,桃園區,大有里,Dayou Vil.,H,68000,H01,68000010,,7515
7357,68000010058,桃園市,桃園區,寶山里,Baoshan Vil.,H,68000,H01,68000010,,7516
7358,68000010059,桃園市,桃園區,龍鳳里,Longfeng Vil.,H,68000,H01,68000010,,7517
7359,68000010060,桃園市,桃園區,龍安里,Long'an Vil.,H,68000,H01,68000010,,7518
7360,68000010061,桃園市,桃園區,自強里,Ziqiang Vil.,H,68000,H01,68000010,,7519
7361,68000010062,桃園市,桃園區,中信里,Zhongxin Vil.,H,68000,H01,68000010,,7520
7362,68000010063,桃園市,桃園區,長德里,Changde Vil.,H,68000,H01,68000010,,7521
7363,68000010064,桃園市,桃園區,中平里,Zhongping Vil.,H,68000,H01,68000010,,7522
7364,68000010065,桃園市,桃園區,中原里,Zhongyuan Vil.,H,68000,H01,68000010,,7523
7365,68000010066,桃園市,桃園區,中泰里,Zhongtai Vil.,H,68000,H01,68000010,,7524
7366,68000010067,桃園市,桃園區,南埔里,Nanpu Vil.,H,68000,H01,68000010,,7525
7367,68000010068,桃園市,桃園區,寶慶里,Baoqing Vil.,H,68000,H01,68000010,,7526
7368,68000010069,桃園市,桃園區,北埔里,Beipu Vil.,H,68000,H01,68000010,,7527
7369,68000010070,桃園市,桃園區,中聖里,Zhongsheng Vil.,H,68000,H01,68000010,,7528
7370,68000010071,桃園市,桃園區,龍壽里,Longshou Vil.,H,68000,H01,68000010,,7529
7371,68000010072,桃園市,桃園區,同德里,Tongde Vil.,H,68000,H01,68000010,,7530
7372,68000010073,桃園市,桃園區,明德里,Mingde Vil.,H,68000,H01,68000010,,7531
7373,68000010074,桃園市,桃園區,寶安里,Bao'an Vil.,H,68000,H01,68000010,,7532
7374,68000010075,桃園市,桃園區,瑞慶里,Ruiqing Vil.,H,68000,H01,68000010,,7533
7375,68000010076,桃園市,桃園區,三元里,Sanyuan Vil.,H,68000,H01,68000010,,7534
7376,68000010077,桃園市,桃園區,大樹里,Dashu Vil.,H,68000,H01,68000010,,7535
7377,68000010078,桃園市,桃園區,大業里,Daye Vil.,H,68000,H01,68000010,,7536
7378,68000010079,桃園市,桃園區,福元里,Fuyuan Vil.,H,68000,H01,68000010,,7537
7379,68000010080,桃園市,桃園區,經國里,Jingguo Vil.,H,68000,H01,68000010,,7538
7380,68000010081,桃園市,桃園區,檜樂里,Kuaile Vil.,H,68000,H01,68000010,,7539
7381,68000010082,桃園市,桃園區,寶民里,Baomin Vil.,H,68000,H01,68000010,,7540
7382,68000010083,桃園市,桃園區,藝文里,Yiwen Vil.,H,68000,H01,68000010,,7541
7383,68000010084,桃園市,桃園區,幸福里,Xingfu Vil.,H,68000,H01,68000010,,7542
7384,68000010085,桃園市,桃園區,民有里,Minyou Vil.,H,68000,H01,68000010,,7543
7385,68000020001,桃園市,中壢區,龍平里,Longping Vil.,H,68000,H03,68000020,,7544
7386,68000020002,桃園市,中壢區,龍昌里,Longchang Vil.,H,68000,H03,68000020,,7545
7387,68000020003,桃園市,中壢區,仁德里,Rende Vil.,H,68000,H03,68000020,,7546
7388,68000020004,桃園市,中壢區,永興里,Yongxing Vil.,H,68000,H03,68000020,,7547
7389,68000020005,桃園市,中壢區,內壢里,Neili Vil.,H,68000,H03,68000020,,7548
7390,68000020006,桃園市,中壢區,成功里,Chenggong Vil.,H,68000,H03,68000020,,7549
7391,68000020007,桃園市,中壢區,光明里,Guangming Vil.,H,68000,H03,68000020,,7550
7392,68000020008,桃園市,中壢區,自立里,Zili Vil.,H,68000,H03,68000020,,7551
7393,68000020009,桃園市,中壢區,自強里,Ziqiang Vil.,H,68000,H03,68000020,,7552
7394,68000020010,桃園市,中壢區,中堅里,Zhongjian Vil.,H,68000,H03,68000020,,7553
7395,68000020011,桃園市,中壢區,龍興里,Longxing Vil.,H,68000,H03,68000020,,7554
7396,68000020012,桃園市,中壢區,仁美里,Renmei Vil.,H,68000,H03,68000020,,7555
7397,68000020013,桃園市,中壢區,仁愛里,Ren'ai Vil.,H,68000,H03,68000020,,7556
7398,68000020014,桃園市,中壢區,新街里,Xinjie Vil.,H,68000,H03,68000020,,7557
7399,68000020015,桃園市,中壢區,中央里,Zhongyang Vil.,H,68000,H03,68000020,,7558
7400,68000020016,桃園市,中壢區,普仁里,Puren Vil.,H,68000,H03,68000020,,7559
7401,68000020017,桃園市,中壢區,普義里,Puyi Vil.,H,68000,H03,68000020,,7560
7402,68000020018,桃園市,中壢區,忠義里,Zhongyi Vil.,H,68000,H03,68000020,,7561
7403,68000020019,桃園市,中壢區,中正里,Zhongzheng Vil.,H,68000,H03,68000020,,7562
7404,68000020020,桃園市,中壢區,興仁里,Xingren Vil.,H,68000,H03,68000020,,7563
7405,68000020021,桃園市,中壢區,東興里,Dongxing Vil.,H,68000,H03,68000020,,7564
7406,68000020022,桃園市,中壢區,洽溪里,Qiaxi Vil.,H,68000,H03,68000020,,7565
7407,68000020023,桃園市,中壢區,篤行里,Duxing Vil.,H,68000,H03,68000020,,7566
7408,68000020024,桃園市,中壢區,新明里,Xinming Vil.,H,68000,H03,68000020,,7567
7409,68000020025,桃園市,中壢區,新興里,Xinxing Vil.,H,68000,H03,68000020,,7568
7410,68000020026,桃園市,中壢區,中原里,Zhongyuan Vil.,H,68000,H03,68000020,,7569
7411,68000020027,桃園市,中壢區,內定里,Neiding Vil.,H,68000,H03,68000020,,7570
7412,68000020028,桃園市,中壢區,中壢里,Zhongli Vil.,H,68000,H03,68000020,,7571
7413,68000020029,桃園市,中壢區,龍岡里,Longgang Vil.,H,68000,H03,68000020,,7572
7414,68000020030,桃園市,中壢區,仁祥里,Renxiang Vil.,H,68000,H03,68000020,,7573
7415,68000020031,桃園市,中壢區,水尾里,Shuiwei Vil.,H,68000,H03,68000020,,7574
7416,68000020032,桃園市,中壢區,青埔里,Qingpu Vil.,H,68000,H03,68000020,,7575
7417,68000020033,桃園市,中壢區,復興里,Fuxing Vil.,H,68000,H03,68000020,,7576
7418,68000020034,桃園市,中壢區,文化里,Wenhua Vil.,H,68000,H03,68000020,,7577
7419,68000020035,桃園市,中壢區,興國里,Xingguo Vil.,H,68000,H03,68000020,,7578
7420,68000020036,桃園市,中壢區,忠福里,Zhongfu Vil.,H,68000,H03,68000020,,7579
7421,68000020037,桃園市,中壢區,信義里,Xinyi Vil.,H,68000,H03,68000020,,7580
7422,68000020038,桃園市,中壢區,石頭里,Shitou Vil.,H,68000,H03,68000020,,7581
7423,68000020039,桃園市,中壢區,龍東里,Longdong Vil.,H,68000,H03,68000020,,7582
7424,68000020040,桃園市,中壢區,中建里,Zhongjian Vil.,H,68000,H03,68000020,,7583
7425,68000020041,桃園市,中壢區,興南里,Xingnan Vil.,H,68000,H03,68000020,,7584
7426,68000020042,桃園市,中壢區,後寮里,Houliao Vil.,H,68000,H03,68000020,,7585
7427,68000020043,桃園市,中壢區,過嶺里,Guoling Vil.,H,68000,H03,68000020,,7586
7428,68000020044,桃園市,中壢區,五權里,Wuquan Vil.,H,68000,H03,68000020,,7587
7429,68000020045,桃園市,中壢區,舊明里,Jiuming Vil.,H,68000,H03,68000020,,7588
7430,68000020046,桃園市,中壢區,芝芭里,Zhiba Vil.,H,68000,H03,68000020,,7589
7431,68000020047,桃園市,中壢區,月眉里,Yuemei Vil.,H,68000,H03,68000020,,7590
7432,68000020048,桃園市,中壢區,三民里,Sanmin Vil.,H,68000,H03,68000020,,7591
7433,68000020049,桃園市,中壢區,山東里,Shandong Vil.,H,68000,H03,68000020,,7592
7434,68000020050,桃園市,中壢區,中榮里,Zhongrong Vil.,H,68000,H03,68000020,,7593
7435,68000020051,桃園市,中壢區,內厝里,Neicuo Vil.,H,68000,H03,68000020,,7594
7436,68000020052,桃園市,中壢區,振興里,Zhenxing Vil.,H,68000,H03,68000020,,7595
7437,68000020053,桃園市,中壢區,普慶里,Puqing Vil.,H,68000,H03,68000020,,7596
7438,68000020054,桃園市,中壢區,興和里,Xinghe Vil.,H,68000,H03,68000020,,7597
7439,68000020055,桃園市,中壢區,永光里,Yongguang Vil.,H,68000,H03,68000020,,7598
7440,68000020056,桃園市,中壢區,復華里,Fuhua Vil.,H,68000,H03,68000020,,7599
7441,68000020057,桃園市,中壢區,忠孝里,Zhongxiao Vil.,H,68000,H03,68000020,,7600
7442,68000020058,桃園市,中壢區,福德里,Fude Vil.,H,68000,H03,68000020,,7601
7443,68000020059,桃園市,中壢區,和平里,Heping Vil.,H,68000,H03,68000020,,7602
7444,68000020060,桃園市,中壢區,普忠里,Puzhong Vil.,H,68000,H03,68000020,,7603
7445,68000020061,桃園市,中壢區,普強里,Puqiang Vil.,H,68000,H03,68000020,,7604
7446,68000020062,桃園市,中壢區,明德里,Mingde Vil.,H,68000,H03,68000020,,7605
7447,68000020063,桃園市,中壢區,至善里,Zhishan Vil.,H,68000,H03,68000020,,7606
7448,68000020064,桃園市,中壢區,五福里,Wufu Vil.,H,68000,H03,68000020,,7607
7449,68000020065,桃園市,中壢區,龍德里,Longde Vil.,H,68000,H03,68000020,,7608
7450,68000020066,桃園市,中壢區,正義里,Zhengyi Vil.,H,68000,H03,68000020,,7609
7451,68000020067,桃園市,中壢區,龍安里,Long'an Vil.,H,68000,H03,68000020,,7610
7452,68000020068,桃園市,中壢區,中山里,Zhongshan Vil.,H,68000,H03,68000020,,7611
7453,68000020069,桃園市,中壢區,德義里,Deyi Vil.,H,68000,H03,68000020,,7612
7454,68000020070,桃園市,中壢區,仁義里,Renyi Vil.,H,68000,H03,68000020,,7613
7455,68000020071,桃園市,中壢區,華勛里,Huaxuen Vil.,H,68000,H03,68000020,,7614
7456,68000020072,桃園市,中壢區,仁福里,Renfu Vil.,H,68000,H03,68000020,,7615
7457,68000020073,桃園市,中壢區,幸福里,Xingfu Vil.,H,68000,H03,68000020,,7616
7458,68000020074,桃園市,中壢區,永福里,Yongfu Vil.,H,68000,H03,68000020,,7617
7459,68000020075,桃園市,中壢區,仁和里,Renhe Vil.,H,68000,H03,68000020,,7618
7460,68000020076,桃園市,中壢區,華愛里,Hua'ai Vil.,H,68000,H03,68000020,,7619
7461,68000020077,桃園市,中壢區,莊敬里,Zhuangjing Vil.,H,68000,H03,68000020,,7620
7462,68000020078,桃園市,中壢區,自治里,Zizhi Vil.,H,68000,H03,68000020,,7621
7463,68000020079,桃園市,中壢區,健行里,Jianxing Vil.,H,68000,H03,68000020,,7622
7464,68000020080,桃園市,中壢區,興平里,Xingping Vil.,H,68000,H03,68000020,,7623
7465,68000020081,桃園市,中壢區,中興里,Zhongxing Vil.,H,68000,H03,68000020,,7624
7466,68000020082,桃園市,中壢區,龍慈里,Longci Vil.,H,68000,H03,68000020,,7625
7467,68000020083,桃園市,中壢區,自信里,Zixin Vil.,H,68000,H03,68000020,,7626
7468,68000020084,桃園市,中壢區,林森里,Linsen Vil.,H,68000,H03,68000020,,7627
7469,68000020085,桃園市,中壢區,金華里,Jinhua Vil.,H,68000,H03,68000020,,7628
7470,68000020086,桃園市,中壢區,青溪里,Qingxi Vil.,H,68000,H03,68000020,,7629
7471,68000020087,桃園市,中壢區,興華里,Xinghua Vil.,H,68000,H03,68000020,,7630
7472,68000020088,桃園市,中壢區,興福里,Xingfu Vil.,H,68000,H03,68000020,,7631
7473,68000020089,桃園市,中壢區,青航里,Qinghang Vil.,H,68000,H03,68000020,,7632
7474,68000020090,桃園市,中壢區,青園里,Qingyuan Vil.,H,68000,H03,68000020,,7633
7475,68000020091,桃園市,中壢區,松嶺里,Songling Vil.,H,68000,H03,68000020,,7634
7476,68000030001,桃園市,大溪區,興和里,Xinghe Vil.,H,68000,H02,68000030,,7635
7477,68000030002,桃園市,大溪區,福仁里,Furen Vil.,H,68000,H02,68000030,,7636
7478,68000030003,桃園市,大溪區,一心里,Yixin Vil.,H,68000,H02,68000030,,7637
7479,68000030004,桃園市,大溪區,一德里,Yide Vil.,H,68000,H02,68000030,,7638
7480,68000030005,桃園市,大溪區,月眉里,Yuemei Vil.,H,68000,H02,68000030,,7639
7481,68000030006,桃園市,大溪區,永福里,Yongfu Vil.,H,68000,H02,68000030,,7640
7482,68000030007,桃園市,大溪區,美華里,Meihua Vil.,H,68000,H02,68000030,,7641
7483,68000030008,桃園市,大溪區,福安里,Fu'an Vil.,H,68000,H02,68000030,,7642
7484,68000030009,桃園市,大溪區,復興里,Fuxing Vil.,H,68000,H02,68000030,,7643
7485,68000030010,桃園市,大溪區,新峰里,Xinfeng Vil.,H,68000,H02,68000030,,7644
7486,68000030011,桃園市,大溪區,康安里,Kang'an Vil.,H,68000,H02,68000030,,7645
7487,68000030012,桃園市,大溪區,義和里,Yihe Vil.,H,68000,H02,68000030,,7646
7488,68000030013,桃園市,大溪區,瑞興里,Ruixing Vil.,H,68000,H02,68000030,,7647
7489,68000030014,桃園市,大溪區,中新里,Zhongxin Vil.,H,68000,H02,68000030,,7648
7490,68000030015,桃園市,大溪區,仁義里,Renyi Vil.,H,68000,H02,68000030,,7649
7491,68000030016,桃園市,大溪區,僑愛里,Qiao'ai Vil.,H,68000,H02,68000030,,7650
7492,68000030017,桃園市,大溪區,仁善里,Renshan Vil.,H,68000,H02,68000030,,7651
7493,68000030018,桃園市,大溪區,仁愛里,Ren'ai Vil.,H,68000,H02,68000030,,7652
7494,68000030019,桃園市,大溪區,仁武里,Renwu Vil.,H,68000,H02,68000030,,7653
7495,68000030020,桃園市,大溪區,員林里,Yuanlin Vil.,H,68000,H02,68000030,,7654
7496,68000030021,桃園市,大溪區,南興里,Nanxing Vil.,H,68000,H02,68000030,,7655
7497,68000030022,桃園市,大溪區,瑞源里,Ruiyuan Vil.,H,68000,H02,68000030,,7656
7498,68000030023,桃園市,大溪區,光明里,Guangming Vil.,H,68000,H02,68000030,,7657
7499,68000030024,桃園市,大溪區,三元里,Sanyuan Vil.,H,68000,H02,68000030,,7658
7500,68000030025,桃園市,大溪區,田心里,Tianxin Vil.,H,68000,H02,68000030,,7659
7501,68000030026,桃園市,大溪區,仁文里,Renwen Vil.,H,68000,H02,68000030,,7660
7502,68000030027,桃園市,大溪區,仁和里,Renhe Vil.,H,68000,H02,68000030,,7661
7503,68000030028,桃園市,大溪區,仁美里,Renmei Vil.,H,68000,H02,68000030,,7662
7504,68000040001,桃園市,楊梅區,楊梅里,Yangmei Vil.,H,68000,H04,68000040,,7663
7505,68000040002,桃園市,楊梅區,楊江里,Yangjiang Vil.,H,68000,H04,68000040,,7664
7506,68000040003,桃園市,楊梅區,紅梅里,Hongmei Vil.,H,68000,H04,68000040,,7665
7507,68000040004,桃園市,楊梅區,永寧里,Yongning Vil.,H,68000,H04,68000040,,7666
7508,68000040005,桃園市,楊梅區,大平里,Daping Vil.,H,68000,H04,68000040,,7667
7509,68000040006,桃園市,楊梅區,東流里,Dongliu Vil.,H,68000,H04,68000040,,7668
7510,68000040007,桃園市,楊梅區,水美里,Shuimei Vil.,H,68000,H04,68000040,,7669
7511,68000040008,桃園市,楊梅區,上田里,Shangtian Vil.,H,68000,H04,68000040,,7670
7512,68000040009,桃園市,楊梅區,梅新里,Meixin Vil.,H,68000,H04,68000040,,7671
7513,68000040010,桃園市,楊梅區,大同里,Datong Vil.,H,68000,H04,68000040,,7672
7514,68000040011,桃園市,楊梅區,埔心里,Puxin Vil.,H,68000,H04,68000040,,7673
7515,68000040012,桃園市,楊梅區,金龍里,Jinlong Vil.,H,68000,H04,68000040,,7674
7516,68000040013,桃園市,楊梅區,瑞塘里,Ruitang Vil.,H,68000,H04,68000040,,7675
7517,68000040014,桃園市,楊梅區,四維里,Siwei Vil.,H,68000,H04,68000040,,7676
7518,68000040015,桃園市,楊梅區,梅溪里,Meixi Vil.,H,68000,H04,68000040,,7677
7519,68000040016,桃園市,楊梅區,高山里,Gaoshan Vil.,H,68000,H04,68000040,,7678
7520,68000040017,桃園市,楊梅區,高榮里,Gaorong Vil.,H,68000,H04,68000040,,7679
7521,68000040018,桃園市,楊梅區,仁美里,Renmei Vil.,H,68000,H04,68000040,,7680
7522,68000040019,桃園市,楊梅區,光華里,Guanghua Vil.,H,68000,H04,68000040,,7681
7523,68000040020,桃園市,楊梅區,富岡里,Fugang Vil.,H,68000,H04,68000040,,7682
7524,68000040021,桃園市,楊梅區,豐野里,Fengye Vil.,H,68000,H04,68000040,,7683
7525,68000040022,桃園市,楊梅區,員本里,Yuanben Vil.,H,68000,H04,68000040,,7684
7526,68000040023,桃園市,楊梅區,瑞原里,Ruiyuan Vil.,H,68000,H04,68000040,,7685
7527,68000040024,桃園市,楊梅區,三湖里,Sanhu Vil.,H,68000,H04,68000040,,7686
7528,68000040025,桃園市,楊梅區,上湖里,Shanghu Vil.,H,68000,H04,68000040,,7687
7529,68000040026,桃園市,楊梅區,中山里,Zhongshan Vil.,H,68000,H04,68000040,,7688
7530,68000040027,桃園市,楊梅區,楊明里,Yangming Vil.,H,68000,H04,68000040,,7689
7531,68000040028,桃園市,楊梅區,金溪里,Jinxi Vil.,H,68000,H04,68000040,,7690
7532,68000040029,桃園市,楊梅區,裕成里,Yucheng Vil.,H,68000,H04,68000040,,7691
7533,68000040030,桃園市,楊梅區,秀才里,Xiucai Vil.,H,68000,H04,68000040,,7692
7534,68000040031,桃園市,楊梅區,青山里,Qingshan Vil.,H,68000,H04,68000040,,7693
7535,68000040032,桃園市,楊梅區,新榮里,Xinrong Vil.,H,68000,H04,68000040,,7694
7536,68000040033,桃園市,楊梅區,雙榮里,Shuangrong Vil.,H,68000,H04,68000040,,7695
7537,68000040034,桃園市,楊梅區,瑞坪里,Ruiping Vil.,H,68000,H04,68000040,,7696
7538,68000040035,桃園市,楊梅區,永平里,Yongping Vil.,H,68000,H04,68000040,,7697
7539,68000040036,桃園市,楊梅區,瑞溪里,Ruixi Vil.,H,68000,H04,68000040,,7698
7540,68000040037,桃園市,楊梅區,高上里,Gaoshang Vil.,H,68000,H04,68000040,,7699
7541,68000040038,桃園市,楊梅區,富豐里,Fufeng Vil.,H,68000,H04,68000040,,7700
7542,68000040039,桃園市,楊梅區,裕新里,Yuxin Vil.,H,68000,H04,68000040,,7701
7543,68000040040,桃園市,楊梅區,三民里,Sanmin Vil.,H,68000,H04,68000040,,7702
7544,68000040041,桃園市,楊梅區,頭湖里,Touhu Vil.,H,68000,H04,68000040,,7703
7545,68000050001,桃園市,蘆竹區,新興里,Xinxing Vil.,H,68000,H05,68000050,,7704
7546,68000050002,桃園市,蘆竹區,中福里,Zhongfu Vil.,H,68000,H05,68000050,,7705
7547,68000050003,桃園市,蘆竹區,新莊里,Xinzhuang Vil.,H,68000,H05,68000050,,7706
7548,68000050004,桃園市,蘆竹區,大竹里,Dazhu Vil.,H,68000,H05,68000050,,7707
7549,68000050006,桃園市,蘆竹區,蘆竹里,Luzhu Vil.,H,68000,H05,68000050,,7708
7550,68000050007,桃園市,蘆竹區,南崁里,Nankan Vil.,H,68000,H05,68000050,,7709
7551,68000050008,桃園市,蘆竹區,錦興里,Jinxing Vil.,H,68000,H05,68000050,,7710
7552,68000050009,桃園市,蘆竹區,五福里,Wufu Vil.,H,68000,H05,68000050,,7711
7553,68000050010,桃園市,蘆竹區,內厝里,Neicuo Vil.,H,68000,H05,68000050,,7712
7554,68000050011,桃園市,蘆竹區,山鼻里,Shanbi Vil.,H,68000,H05,68000050,,7713
7555,68000050012,桃園市,蘆竹區,山腳里,Shanjiao Vil.,H,68000,H05,68000050,,7714
7556,68000050013,桃園市,蘆竹區,外社里,Waishe Vil.,H,68000,H05,68000050,,7715
7557,68000050014,桃園市,蘆竹區,坑子里,Kengzi Vil.,H,68000,H05,68000050,,7716
7558,68000050015,桃園市,蘆竹區,坑口里,Kengkou Vil.,H,68000,H05,68000050,,7717
7559,68000050016,桃園市,蘆竹區,海湖里,Haihu Vil.,H,68000,H05,68000050,,7718
7560,68000050017,桃園市,蘆竹區,南榮里,Nanrong Vil.,H,68000,H05,68000050,,7719
7561,68000050018,桃園市,蘆竹區,南興里,Nanxing Vil.,H,68000,H05,68000050,,7720
7562,68000050019,桃園市,蘆竹區,長興里,Changxing Vil.,H,68000,H05,68000050,,7721
7563,68000050020,桃園市,蘆竹區,錦中里,Jinzhong Vil.,H,68000,H05,68000050,,7722
7564,68000050021,桃園市,蘆竹區,富竹里,Fuzhu Vil.,H,68000,H05,68000050,,7723
7565,68000050022,桃園市,蘆竹區,上竹里,Shangzhu Vil.,H,68000,H05,68000050,,7724
7566,68000050023,桃園市,蘆竹區,宏竹里,Hongzhu Vil.,H,68000,H05,68000050,,7725
7567,68000050024,桃園市,蘆竹區,瓦窯里,Wayao Vil.,H,68000,H05,68000050,,7726
7568,68000050025,桃園市,蘆竹區,營盤里,Yingpan Vil.,H,68000,H05,68000050,,7727
7569,68000050026,桃園市,蘆竹區,羊稠里,Yangchou Vil.,H,68000,H05,68000050,,7728
7570,68000050027,桃園市,蘆竹區,順興里,Shunxing Vil.,H,68000,H05,68000050,,7729
7571,68000050028,桃園市,蘆竹區,福昌里,Fuchang Vil.,H,68000,H05,68000050,,7730
7572,68000050029,桃園市,蘆竹區,福興里,Fuxing Vil.,H,68000,H05,68000050,,7731
7573,68000050030,桃園市,蘆竹區,蘆興里,Luxing Vil.,H,68000,H05,68000050,,7732
7574,68000050031,桃園市,蘆竹區,長壽里,Changshou Vil.,H,68000,H05,68000050,,7733
7575,68000050032,桃園市,蘆竹區,吉祥里,Jixiang Vil.,H,68000,H05,68000050,,7734
7576,68000050033,桃園市,蘆竹區,中山里,Zhongshan Vil.,H,68000,H05,68000050,,7735
7577,68000050034,桃園市,蘆竹區,福祿里,Fulu Vil.,H,68000,H05,68000050,,7736
7578,68000050035,桃園市,蘆竹區,興榮里,Xingrong Vil.,H,68000,H05,68000050,,7737
7579,68000050036,桃園市,蘆竹區,中興里,Zhongxing Vil.,H,68000,H05,68000050,,7738
7580,68000050037,桃園市,蘆竹區,上興里,Shangxing Vil.,H,68000,H05,68000050,,7739
7581,68000050038,桃園市,蘆竹區,營福里,Yingfu Vil.,H,68000,H05,68000050,,7740
7582,68000050039,桃園市,蘆竹區,正興里,Zhengxing Vil.,H,68000,H05,68000050,,7741
7583,68000050040,桃園市,蘆竹區,濱海里,Binhai Vil.,H,68000,H05,68000050,,7742
7584,68000060001,桃園市,大園區,大園里,Dayuan Vil.,H,68000,H06,68000060,,7743
7585,68000060002,桃園市,大園區,田心里,Tianxin Vil.,H,68000,H06,68000060,,7744
7586,68000060003,桃園市,大園區,溪海里,Xihai Vil.,H,68000,H06,68000060,,7745
7587,68000060004,桃園市,大園區,和平里,Heping Vil.,H,68000,H06,68000060,,7746
7588,68000060005,桃園市,大園區,橫峰里,Hengfeng Vil.,H,68000,H06,68000060,,7747
7589,68000060006,桃園市,大園區,五權里,Wuquan Vil.,H,68000,H06,68000060,,7748
7590,68000060007,桃園市,大園區,埔心里,Puxin Vil.,H,68000,H06,68000060,,7749
7591,68000060008,桃園市,大園區,大海里,Dahai Vil.,H,68000,H06,68000060,,7750
7592,68000060010,桃園市,大園區,三石里,Sanshi Vil.,H,68000,H06,68000060,,7751
7593,68000060011,桃園市,大園區,菓林里,Guolin Vil.,H,68000,H06,68000060,,7752
7594,68000060012,桃園市,大園區,竹圍里,Zhuwei Vil.,H,68000,H06,68000060,,7753
7595,68000060013,桃園市,大園區,海口里,Haikou Vil.,H,68000,H06,68000060,,7754
7596,68000060014,桃園市,大園區,沙崙里,Shalun Vil.,H,68000,H06,68000060,,7755
7597,68000060015,桃園市,大園區,後厝里,Houcuo Vil.,H,68000,H06,68000060,,7756
7598,68000060016,桃園市,大園區,圳頭里,Zuntou Vil.,H,68000,H06,68000060,,7757
7599,68000060017,桃園市,大園區,內海里,Neihai Vil.,H,68000,H06,68000060,,7758
7600,68000060018,桃園市,大園區,北港里,Beigang Vil.,H,68000,H06,68000060,,7759
7601,68000060019,桃園市,大園區,南港里,Nangang Vil.,H,68000,H06,68000060,,7760
7602,68000060020,桃園市,大園區,青峰里,Qingfeng Vil.,H,68000,H06,68000060,,7761
7603,68000060021,桃園市,大園區,青山里,Qingshan Vil.,H,68000,H06,68000060,,7762
7604,68000060022,桃園市,大園區,新南里,Xinnan Vil.,H,68000,H06,68000060,,7763
7605,68000060023,桃園市,大園區,仁德里,Rende Vil.,H,68000,H06,68000060,,7764
7606,68000070001,桃園市,龜山區,楓樹里,Fengshu Vil.,H,68000,H07,68000070,,7765
7607,68000070002,桃園市,龜山區,龜山里,Guishan Vil.,H,68000,H07,68000070,,7766
7608,68000070003,桃園市,龜山區,兔坑里,Tukeng Vil.,H,68000,H07,68000070,,7767
7609,68000070004,桃園市,龜山區,大同里,Datong Vil.,H,68000,H07,68000070,,7768
7610,68000070005,桃園市,龜山區,山福里,Shanfu Vil.,H,68000,H07,68000070,,7769
7611,68000070006,桃園市,龜山區,山頂里,Shanding Vil.,H,68000,H07,68000070,,7770
7612,68000070007,桃園市,龜山區,陸光里,Luguang Vil.,H,68000,H07,68000070,,7771
7613,68000070008,桃園市,龜山區,精忠里,Jingzhong Vil.,H,68000,H07,68000070,,7772
7614,68000070009,桃園市,龜山區,公西里,Gongxi Vil.,H,68000,H07,68000070,,7773
7615,68000070010,桃園市,龜山區,樂善里,Leshan Vil.,H,68000,H07,68000070,,7774
7616,68000070011,桃園市,龜山區,南上里,Nanshang Vil.,H,68000,H07,68000070,,7775
7617,68000070012,桃園市,龜山區,大坑里,Dakeng Vil.,H,68000,H07,68000070,,7776
7618,68000070013,桃園市,龜山區,中興里,Zhongxing Vil.,H,68000,H07,68000070,,7777
7619,68000070014,桃園市,龜山區,山德里,Shande Vil.,H,68000,H07,68000070,,7778
7620,68000070015,桃園市,龜山區,新路里,Xinlu Vil.,H,68000,H07,68000070,,7779
7621,68000070016,桃園市,龜山區,嶺頂里,Lingding Vil.,H,68000,H07,68000070,,7780
7622,68000070017,桃園市,龜山區,龍壽里,Longshou Vil.,H,68000,H07,68000070,,7781
7623,68000070018,桃園市,龜山區,舊路里,Jiulu Vil.,H,68000,H07,68000070,,7782
7624,68000070019,桃園市,龜山區,大崗里,Dagang Vil.,H,68000,H07,68000070,,7783
7625,68000070020,桃園市,龜山區,文化里,Wenhua Vil.,H,68000,H07,68000070,,7784
7626,68000070021,桃園市,龜山區,南美里,Nanmei Vil.,H,68000,H07,68000070,,7785
7627,68000070022,桃園市,龜山區,幸福里,Xingfu Vil.,H,68000,H07,68000070,,7786
7628,68000070023,桃園市,龜山區,福源里,Fuyuan Vil.,H,68000,H07,68000070,,7787
7629,68000070024,桃園市,龜山區,龍華里,Longhua Vil.,H,68000,H07,68000070,,7788
7630,68000070025,桃園市,龜山區,迴龍里,Huilong Vil.,H,68000,H07,68000070,,7789
7631,68000070026,桃園市,龜山區,新嶺里,Xinling Vil.,H,68000,H07,68000070,,7790
7632,68000070027,桃園市,龜山區,大湖里,Dahu Vil.,H,68000,H07,68000070,,7791
7633,68000070028,桃園市,龜山區,大華里,Dahua Vil.,H,68000,H07,68000070,,7792
7634,68000070029,桃園市,龜山區,長庚里,Changgeng Vil.,H,68000,H07,68000070,,7793
7635,68000070030,桃園市,龜山區,新興里,Xinxing Vil.,H,68000,H07,68000070,,7794
7636,68000070031,桃園市,龜山區,文青里,Wenqing Vil.,H,68000,H07,68000070,,7795
7637,68000070032,桃園市,龜山區,楓福里,Fengfu Vil.,H,68000,H07,68000070,,7796
7638,68000070033,桃園市,龜山區,文藝里,Wenyi Vil.,H,68000,H07,68000070,,7797
7639,68000070034,桃園市,龜山區,文桃里,Wentao Vil.,H,68000,H07,68000070,,7798
7640,68000070035,桃園市,龜山區,文樂里,Wenle Vil.,H,68000,H07,68000070,,7799
7641,68000070036,桃園市,龜山區,長樂里,Changle Vil.,H,68000,H07,68000070,,7800
7642,68000080001,桃園市,八德區,興仁里,Xingren Vil.,H,68000,H08,68000080,,7801
7643,68000080002,桃園市,八德區,福興里,Fuxing Vil.,H,68000,H08,68000080,,7802
7644,68000080003,桃園市,八德區,瑞豐里,Ruifeng Vil.,H,68000,H08,68000080,,7803
7645,68000080004,桃園市,八德區,瑞發里,Ruifa Vil.,H,68000,H08,68000080,,7804
7646,68000080005,桃園市,八德區,瑞德里,Ruide Vil.,H,68000,H08,68000080,,7805
7647,68000080006,桃園市,八德區,瑞祥里,Ruixiang Vil.,H,68000,H08,68000080,,7806
7648,68000080007,桃園市,八德區,廣興里,Guangxing Vil.,H,68000,H08,68000080,,7807
7649,68000080008,桃園市,八德區,廣隆里,Guanglong Vil.,H,68000,H08,68000080,,7808
7650,68000080009,桃園市,八德區,竹園里,Zhuyuan Vil.,H,68000,H08,68000080,,7809
7651,68000080010,桃園市,八德區,霄裡里,Xiaoli Vil.,H,68000,H08,68000080,,7810
7652,68000080011,桃園市,八德區,茄苳里,Jiadong Vil.,H,68000,H08,68000080,,7811
7653,68000080012,桃園市,八德區,高明里,Gaoming Vil.,H,68000,H08,68000080,,7812
7654,68000080013,桃園市,八德區,白鷺里,Bailu Vil.,H,68000,H08,68000080,,7813
7655,68000080014,桃園市,八德區,大湳里,Danan Vil.,H,68000,H08,68000080,,7814
7656,68000080015,桃園市,八德區,大安里,Da'an Vil.,H,68000,H08,68000080,,7815
7657,68000080016,桃園市,八德區,大興里,Daxing Vil.,H,68000,H08,68000080,,7816
7658,68000080017,桃園市,八德區,大和里,Dahe Vil.,H,68000,H08,68000080,,7817
7659,68000080018,桃園市,八德區,大同里,Datong Vil.,H,68000,H08,68000080,,7818
7660,68000080019,桃園市,八德區,大成里,Dacheng Vil.,H,68000,H08,68000080,,7819
7661,68000080020,桃園市,八德區,大義里,Dayi Vil.,H,68000,H08,68000080,,7820
7662,68000080021,桃園市,八德區,大忠里,Dazhong Vil.,H,68000,H08,68000080,,7821
7663,68000080022,桃園市,八德區,大福里,Dafu Vil.,H,68000,H08,68000080,,7822
7664,68000080023,桃園市,八德區,大勇里,Dayong Vil.,H,68000,H08,68000080,,7823
7665,68000080024,桃園市,八德區,大信里,Daxin Vil.,H,68000,H08,68000080,,7824
7666,68000080025,桃園市,八德區,大華里,Dahua Vil.,H,68000,H08,68000080,,7825
7667,68000080026,桃園市,八德區,大仁里,Daren Vil.,H,68000,H08,68000080,,7826
7668,68000080027,桃園市,八德區,大智里,Dazhi Vil.,H,68000,H08,68000080,,7827
7669,68000080028,桃園市,八德區,瑞泰里,Ruitai Vil.,H,68000,H08,68000080,,7828
7670,68000080029,桃園市,八德區,大昌里,Dachang Vil.,H,68000,H08,68000080,,7829
7671,68000080030,桃園市,八德區,大正里,Dazheng Vil.,H,68000,H08,68000080,,7830
7672,68000080031,桃園市,八德區,大強里,Daqiang Vil.,H,68000,H08,68000080,,7831
7673,68000080032,桃園市,八德區,大發里,Dafa Vil.,H,68000,H08,68000080,,7832
7674,68000080033,桃園市,八德區,大明里,Daming Vil.,H,68000,H08,68000080,,7833
7675,68000080034,桃園市,八德區,大竹里,Dazhu Vil.,H,68000,H08,68000080,,7834
7676,68000080035,桃園市,八德區,大慶里,Daqing Vil.,H,68000,H08,68000080,,7835
7677,68000080036,桃園市,八德區,大千里,Daqian Vil.,H,68000,H08,68000080,,7836
7678,68000080037,桃園市,八德區,大榮里,Darong Vil.,H,68000,H08,68000080,,7837
7679,68000080038,桃園市,八德區,茄明里,Jiaming Vil.,H,68000,H08,68000080,,7838
7680,68000080039,桃園市,八德區,高城里,Gaocheng Vil.,H,68000,H08,68000080,,7839
7681,68000080040,桃園市,八德區,瑞興里,Ruixing Vil.,H,68000,H08,68000080,,7840
7682,68000080041,桃園市,八德區,大愛里,Da'ai Vil.,H,68000,H08,68000080,,7841
7683,68000080042,桃園市,八德區,大宏里,Dahong Vil.,H,68000,H08,68000080,,7842
7684,68000080043,桃園市,八德區,大漢里,Dahan Vil.,H,68000,H08,68000080,,7843
7685,68000080044,桃園市,八德區,廣德里,Guangde Vil.,H,68000,H08,68000080,,7844
7686,68000080045,桃園市,八德區,龍友里,Longyou Vil.,H,68000,H08,68000080,,7845
7687,68000080046,桃園市,八德區,陸光里,Luguang Vil.,H,68000,H08,68000080,,7846
7688,68000080047,桃園市,八德區,永豐里,Yongfeng Vil.,H,68000,H08,68000080,,7847
7689,68000080048,桃園市,八德區,大順里,Dashun Vil.,H,68000,H08,68000080,,7848
7690,68000080049,桃園市,八德區,福元里,Fuyuan Vil.,H,68000,H08,68000080,,7849
7691,68000080050,桃園市,八德區,福德里,Fude Vil.,H,68000,H08,68000080,,7850
7692,68000080051,桃園市,八德區,興中里,Xingzhong Vil.,H,68000,H08,68000080,,7851
7693,68000080052,桃園市,八德區,大盛里,Dasheng Vil.,H,68000,H08,68000080,,7852
7694,68000090001,桃園市,龍潭區,黃唐里,Huangtang Vil.,H,68000,H09,68000090,,7853
7695,68000090002,桃園市,龍潭區,中山里,Zhongshan Vil.,H,68000,H09,68000090,,7854
7696,68000090003,桃園市,龍潭區,烏林里,Wulin Vil.,H,68000,H09,68000090,,7855
7697,68000090004,桃園市,龍潭區,高平里,Gaoping Vil.,H,68000,H09,68000090,,7856
7698,68000090006,桃園市,龍潭區,凌雲里,Lingyun Vil.,H,68000,H09,68000090,,7857
7699,68000090007,桃園市,龍潭區,八德里,Bade Vil.,H,68000,H09,68000090,,7858
7700,68000090008,桃園市,龍潭區,三水里,Sanshui Vil.,H,68000,H09,68000090,,7859
7701,68000090009,桃園市,龍潭區,上林里,Shanglin Vil.,H,68000,H09,68000090,,7860
7702,68000090010,桃園市,龍潭區,中正里,Zhongzheng Vil.,H,68000,H09,68000090,,7861
7703,68000090011,桃園市,龍潭區,龍潭里,Longtan Vil.,H,68000,H09,68000090,,7862
7704,68000090012,桃園市,龍潭區,高原里,Gaoyuan Vil.,H,68000,H09,68000090,,7863
7705,68000090013,桃園市,龍潭區,九龍里,Jiulong Vil.,H,68000,H09,68000090,,7864
7706,68000090014,桃園市,龍潭區,中興里,Zhongxing Vil.,H,68000,H09,68000090,,7865
7707,68000090015,桃園市,龍潭區,佳安里,Jia'an Vil.,H,68000,H09,68000090,,7866
7708,68000090016,桃園市,龍潭區,三和里,Sanhe Vil.,H,68000,H09,68000090,,7867
7709,68000090017,桃園市,龍潭區,三坑里,Sankeng Vil.,H,68000,H09,68000090,,7868
7710,68000090018,桃園市,龍潭區,大平里,Daping Vil.,H,68000,H09,68000090,,7869
7711,68000090019,桃園市,龍潭區,三林里,Sanlin Vil.,H,68000,H09,68000090,,7870
7712,68000090020,桃園市,龍潭區,永興里,Yongxing Vil.,H,68000,H09,68000090,,7871
7713,68000090021,桃園市,龍潭區,烏樹林里,Wushulin Vil.,H,68000,H09,68000090,,7872
7714,68000090022,桃園市,龍潭區,百年里,Bainian Vil.,H,68000,H09,68000090,,7873
7715,68000090023,桃園市,龍潭區,龍祥里,Longxiang Vil.,H,68000,H09,68000090,,7874
7716,68000090024,桃園市,龍潭區,聖德里,Shengde Vil.,H,68000,H09,68000090,,7875
7717,68000090025,桃園市,龍潭區,龍星里,Longxing Vil.,H,68000,H09,68000090,,7876
7718,68000090026,桃園市,龍潭區,上華里,Shanghua Vil.,H,68000,H09,68000090,,7877
7719,68000090027,桃園市,龍潭區,武漢里,Wuhan Vil.,H,68000,H09,68000090,,7878
7720,68000090028,桃園市,龍潭區,東興里,Dongxing Vil.,H,68000,H09,68000090,,7879
7721,68000090029,桃園市,龍潭區,北興里,Beixing Vil.,H,68000,H09,68000090,,7880
7722,68000090030,桃園市,龍潭區,建林里,Jianlin Vil.,H,68000,H09,68000090,,7881
7723,68000090031,桃園市,龍潭區,富林里,Fulin Vil.,H,68000,H09,68000090,,7882
7724,68000090032,桃園市,龍潭區,祥和里,Xianghe Vil.,H,68000,H09,68000090,,7883
7725,68000090033,桃園市,龍潭區,渴望里,Kewang Vil.,H,68000,H09,68000090,,7884
7726,68000100001,桃園市,平鎮區,雙連里,Shuanglian Vil.,H,68000,H10,68000100,,7885
7727,68000100002,桃園市,平鎮區,高雙里,Gaoshuang Vil.,H,68000,H10,68000100,,7886
7728,68000100003,桃園市,平鎮區,復旦里,Fudan Vil.,H,68000,H10,68000100,,7887
7729,68000100004,桃園市,平鎮區,廣興里,Guangxing Vil.,H,68000,H10,68000100,,7888
7730,68000100005,桃園市,平鎮區,義民里,Yimin Vil.,H,68000,H10,68000100,,7889
7731,68000100006,桃園市,平鎮區,宋屋里,Songwu Vil.,H,68000,H10,68000100,,7890
7732,68000100007,桃園市,平鎮區,新勢里,Xinshi Vil.,H,68000,H10,68000100,,7891
7733,68000100008,桃園市,平鎮區,新富里,Xinfu Vil.,H,68000,H10,68000100,,7892
7734,68000100009,桃園市,平鎮區,北勢里,Beishi Vil.,H,68000,H10,68000100,,7893
7735,68000100010,桃園市,平鎮區,北興里,Beixing Vil.,H,68000,H10,68000100,,7894
7736,68000100011,桃園市,平鎮區,北貴里,Beigui Vil.,H,68000,H10,68000100,,7895
7737,68000100012,桃園市,平鎮區,平鎮里,Pingzhen Vil.,H,68000,H10,68000100,,7896
7738,68000100013,桃園市,平鎮區,南勢里,Nanshi Vil.,H,68000,H10,68000100,,7897
7739,68000100014,桃園市,平鎮區,莊敬里,Zhuangjing Vil.,H,68000,H10,68000100,,7898
7740,68000100015,桃園市,平鎮區,山峰里,Shanfeng Vil.,H,68000,H10,68000100,,7899
7741,68000100016,桃園市,平鎮區,湧光里,Yongguang Vil.,H,68000,H10,68000100,,7900
7742,68000100017,桃園市,平鎮區,龍恩里,Long'en Vil.,H,68000,H10,68000100,,7901
7743,68000100018,桃園市,平鎮區,東社里,Dongshe Vil.,H,68000,H10,68000100,,7902
7744,68000100019,桃園市,平鎮區,龍興里,Longxing Vil.,H,68000,H10,68000100,,7903
7745,68000100020,桃園市,平鎮區,貿易里,Maoyi Vil.,H,68000,H10,68000100,,7904
7746,68000100021,桃園市,平鎮區,忠貞里,Zhongzhen Vil.,H,68000,H10,68000100,,7905
7747,68000100022,桃園市,平鎮區,中正里,Zhongzheng Vil.,H,68000,H10,68000100,,7906
7748,68000100023,桃園市,平鎮區,建安里,Jian'an Vil.,H,68000,H10,68000100,,7907
7749,68000100024,桃園市,平鎮區,東勢里,Dongshi Vil.,H,68000,H10,68000100,,7908
7750,68000100025,桃園市,平鎮區,東安里,Dong'an Vil.,H,68000,H10,68000100,,7909
7751,68000100026,桃園市,平鎮區,新安里,Xin'an Vil.,H,68000,H10,68000100,,7910
7752,68000100027,桃園市,平鎮區,鎮興里,Zhenxing Vil.,H,68000,H10,68000100,,7911
7753,68000100028,桃園市,平鎮區,義興里,Yixing Vil.,H,68000,H10,68000100,,7912
7754,68000100029,桃園市,平鎮區,湧豐里,Yongfeng Vil.,H,68000,H10,68000100,,7913
7755,68000100030,桃園市,平鎮區,湧安里,Yong'an Vil.,H,68000,H10,68000100,,7914
7756,68000100031,桃園市,平鎮區,廣達里,Guangda Vil.,H,68000,H10,68000100,,7915
7757,68000100032,桃園市,平鎮區,福林里,Fulin Vil.,H,68000,H10,68000100,,7916
7758,68000100033,桃園市,平鎮區,金星里,Jinxing Vil.,H,68000,H10,68000100,,7917
7759,68000100034,桃園市,平鎮區,廣仁里,Guangren Vil.,H,68000,H10,68000100,,7918
7760,68000100035,桃園市,平鎮區,新貴里,Xingui Vil.,H,68000,H10,68000100,,7919
7761,68000100036,桃園市,平鎮區,北富里,Beifu Vil.,H,68000,H10,68000100,,7920
7762,68000100037,桃園市,平鎮區,新榮里,Xinrong Vil.,H,68000,H10,68000100,,7921
7763,68000100038,桃園市,平鎮區,華安里,Hua'an Vil.,H,68000,H10,68000100,,7922
7764,68000100039,桃園市,平鎮區,金陵里,Jinling Vil.,H,68000,H10,68000100,,7923
7765,68000100040,桃園市,平鎮區,北安里,Bei'an Vil.,H,68000,H10,68000100,,7924
7766,68000100041,桃園市,平鎮區,北華里,Beihua Vil.,H,68000,H10,68000100,,7925
7767,68000100042,桃園市,平鎮區,復興里,Fuxing Vil.,H,68000,H10,68000100,,7926
7768,68000100043,桃園市,平鎮區,平興里,Pingxing Vil.,H,68000,H10,68000100,,7927
7769,68000100044,桃園市,平鎮區,新英里,Xinying Vil.,H,68000,H10,68000100,,7928
7770,68000100045,桃園市,平鎮區,平安里,Ping'an Vil.,H,68000,H10,68000100,,7929
7771,68000100046,桃園市,平鎮區,平南里,Pingnan Vil.,H,68000,H10,68000100,,7930
7772,68000110001,桃園市,新屋區,新屋里,Xinwu Vil.,H,68000,H11,68000110,,7931
7773,68000110002,桃園市,新屋區,新生里,Xinsheng Vil.,H,68000,H11,68000110,,7932
7774,68000110003,桃園市,新屋區,後湖里,Houhu Vil.,H,68000,H11,68000110,,7933
7775,68000110004,桃園市,新屋區,清華里,Qinghua Vil.,H,68000,H11,68000110,,7934
7776,68000110005,桃園市,新屋區,頭洲里,Touzhou Vil.,H,68000,H11,68000110,,7935
7777,68000110006,桃園市,新屋區,埔頂里,Puding Vil.,H,68000,H11,68000110,,7936
7778,68000110007,桃園市,新屋區,九斗里,Jiudou Vil.,H,68000,H11,68000110,,7937
7779,68000110008,桃園市,新屋區,社子里,Shezi Vil.,H,68000,H11,68000110,,7938
7780,68000110009,桃園市,新屋區,東明里,Dongming Vil.,H,68000,H11,68000110,,7939
7781,68000110010,桃園市,新屋區,石磊里,Shilei Vil.,H,68000,H11,68000110,,7940
7782,68000110011,桃園市,新屋區,下埔里,Xiapu Vil.,H,68000,H11,68000110,,7941
7783,68000110012,桃園市,新屋區,下田里,Xiatian Vil.,H,68000,H11,68000110,,7942
7784,68000110013,桃園市,新屋區,石牌里,Shipai Vil.,H,68000,H11,68000110,,7943
7785,68000110014,桃園市,新屋區,赤欄里,Chilan Vil.,H,68000,H11,68000110,,7944
7786,68000110015,桃園市,新屋區,永興里,Yongxing Vil.,H,68000,H11,68000110,,7945
7787,68000110016,桃園市,新屋區,永安里,Yong'an Vil.,H,68000,H11,68000110,,7946
7788,68000110017,桃園市,新屋區,笨港里,Bengang Vil.,H,68000,H11,68000110,,7947
7789,68000110018,桃園市,新屋區,深圳里,Shenzun Vil.,H,68000,H11,68000110,,7948
7790,68000110019,桃園市,新屋區,蚵間里,Kejian Vil.,H,68000,H11,68000110,,7949
7791,68000110020,桃園市,新屋區,槺榔里,Kanglang Vil.,H,68000,H11,68000110,,7950
7792,68000110021,桃園市,新屋區,後庄里,Houzhuang Vil.,H,68000,H11,68000110,,7951
7793,68000110022,桃園市,新屋區,大坡里,Dapo Vil.,H,68000,H11,68000110,,7952
7794,68000110023,桃園市,新屋區,望間里,Wangjian Vil.,H,68000,H11,68000110,,7953
7795,68000120001,桃園市,觀音區,觀音里,Guanyin Vil.,H,68000,H12,68000120,,7954
7796,68000120002,桃園市,觀音區,白玉里,Baiyu Vil.,H,68000,H12,68000120,,7955
7797,68000120003,桃園市,觀音區,廣興里,Guangxing Vil.,H,68000,H12,68000120,,7956
7798,68000120004,桃園市,觀音區,大潭里,Datan Vil.,H,68000,H12,68000120,,7957
7799,68000120005,桃園市,觀音區,武威里,Wuwei Vil.,H,68000,H12,68000120,,7958
7800,68000120006,桃園市,觀音區,保生里,Baosheng Vil.,H,68000,H12,68000120,,7959
7801,68000120007,桃園市,觀音區,三和里,Sanhe Vil.,H,68000,H12,68000120,,7960
7802,68000120008,桃園市,觀音區,新興里,Xinxing Vil.,H,68000,H12,68000120,,7961
7803,68000120009,桃園市,觀音區,坑尾里,Kengwei Vil.,H,68000,H12,68000120,,7962
7804,68000120010,桃園市,觀音區,金湖里,Jinhu Vil.,H,68000,H12,68000120,,7963
7805,68000120011,桃園市,觀音區,藍埔里,Lanpu Vil.,H,68000,H12,68000120,,7964
7806,68000120012,桃園市,觀音區,大同里,Datong Vil.,H,68000,H12,68000120,,7965
7807,68000120013,桃園市,觀音區,大堀里,Daku Vil.,H,68000,H12,68000120,,7966
7808,68000120014,桃園市,觀音區,崙坪里,Lunping Vil.,H,68000,H12,68000120,,7967
7809,68000120015,桃園市,觀音區,富源里,Fuyuan Vil.,H,68000,H12,68000120,,7968
7810,68000120016,桃園市,觀音區,上大里,Shangda Vil.,H,68000,H12,68000120,,7969
7811,68000120017,桃園市,觀音區,新坡里,Xinpo Vil.,H,68000,H12,68000120,,7970
7812,68000120018,桃園市,觀音區,廣福里,Guangfu Vil.,H,68000,H12,68000120,,7971
7813,68000120019,桃園市,觀音區,塔腳里,Tajiao Vil.,H,68000,H12,68000120,,7972
7814,68000120020,桃園市,觀音區,保障里,Baozhang Vil.,H,68000,H12,68000120,,7973
7815,68000120021,桃園市,觀音區,草漯里,Caolei Vil.,H,68000,H12,68000120,,7974
7816,68000120022,桃園市,觀音區,樹林里,Shulin Vil.,H,68000,H12,68000120,,7975
7817,68000120023,桃園市,觀音區,富林里,Fulin Vil.,H,68000,H12,68000120,,7976
7818,68000120024,桃園市,觀音區,草新里,Caoxin Vil.,H,68000,H12,68000120,,7977
7819,68000130001,桃園市,復興區,三民里,Sanmin Vil.,H,68000,H13,68000130,,7978
7820,68000130002,桃園市,復興區,澤仁里,Zeren Vil.,H,68000,H13,68000130,,7979
7821,68000130003,桃園市,復興區,義盛里,Yicheng Vil.,H,68000,H13,68000130,,7980
7822,68000130004,桃園市,復興區,霞雲里,Xiayun Vil.,H,68000,H13,68000130,,7981
7823,68000130005,桃園市,復興區,長興里,Changxing Vil.,H,68000,H13,68000130,,7982
7824,68000130006,桃園市,復興區,三光里,Sanguang Vil.,H,68000,H13,68000130,,7983
7825,68000130007,桃園市,復興區,奎輝里,Kuihui Vil.,H,68000,H13,68000130,,7984
7826,68000130008,桃園市,復興區,華陵里,Hualing Vil.,H,68000,H13,68000130,,7985
7827,68000130009,桃園市,復興區,羅浮里,Luofu Vil.,H,68000,H13,68000130,,7986
7828,68000130010,桃園市,復興區,高義里,Gaoyi Vil.,H,68000,H13,68000130,,7987
